engine_id,cycle,rul_true,rul_true_capped,failure_imminent,rul_pred,failure_probability,failure_flag,anomaly_flag,risk_band
1,15,128,125,0,123.2345,0.0,0,0,Low
1,16,127,125,0,123.5057,0.0,0,0,Low
1,17,126,125,0,123.4333,0.0,0,0,Low
1,18,125,125,0,123.9267,0.0,0,0,Low
1,19,124,124,0,123.855,0.0,0,0,Low
1,20,123,123,0,123.7767,0.0,0,0,Low
1,21,122,122,0,123.9258,0.0,0,0,Low
1,22,121,121,0,123.3143,0.0,0,0,Low
1,23,120,120,0,123.2768,0.0,0,0,Low
1,24,119,119,0,123.1234,0.0,0,0,Low
1,25,118,118,0,122.7659,0.0,0,0,Low
1,26,117,117,0,122.8919,0.0,0,0,Low
1,27,116,116,0,122.7344,0.0,0,0,Low
1,28,115,115,0,121.9791,0.0,0,0,Low
1,29,114,114,0,121.9545,0.0,0,0,Low
1,30,113,113,0,122.737,0.0,0,0,Low
1,31,112,112,0,121.8483,0.0,0,0,Low
2,15,132,125,0,121.7471,0.0006,0,0,Low
2,16,131,125,0,121.7801,0.0003,0,0,Low
2,17,130,125,0,123.1162,0.0,0,0,Low
2,18,129,125,0,123.5333,0.0,0,0,Low
2,19,128,125,0,123.4729,0.0001,0,0,Low
2,20,127,125,0,122.7386,0.0001,0,0,Low
2,21,126,125,0,123.2254,0.0002,0,0,Low
2,22,125,125,0,123.4507,0.0002,0,0,Low
2,23,124,124,0,123.1295,0.0001,0,0,Low
2,24,123,123,0,122.6576,0.0002,0,0,Low
2,25,122,122,0,122.7353,0.0001,0,0,Low
2,26,121,121,0,122.8031,0.0006,0,0,Low
2,27,120,120,0,123.0261,0.0041,0,0,Low
2,28,119,119,0,123.1431,0.0038,0,0,Low
2,29,118,118,0,123.3848,0.0023,0,0,Low
2,30,117,117,0,123.0322,0.0066,0,0,Low
2,31,116,116,0,123.1085,0.005,0,0,Low
2,32,115,115,0,121.8374,0.0039,0,0,Low
2,33,114,114,0,121.5487,0.0013,0,0,Low
2,34,113,113,0,123.3719,0.0016,0,0,Low
2,35,112,112,0,122.6097,0.0011,0,0,Low
2,36,111,111,0,122.9693,0.0007,0,0,Low
2,37,110,110,0,122.3457,0.0,0,0,Low
2,38,109,109,0,122.427,0.0001,0,0,Low
2,39,108,108,0,123.1136,0.0002,0,0,Low
2,40,107,107,0,122.9578,0.0001,0,0,Low
2,41,106,106,0,122.2197,0.0,0,0,Low
2,42,105,105,0,122.4845,0.0002,0,0,Low
2,43,104,104,0,121.8611,0.001,0,0,Low
2,44,103,103,0,122.2892,0.0006,0,0,Low
2,45,102,102,0,122.3335,0.0001,0,0,Low
2,46,101,101,0,122.6303,0.0004,0,0,Low
2,47,100,100,0,122.7317,0.0,0,0,Low
2,48,99,99,0,122.9033,0.0001,0,0,Low
2,49,98,98,0,122.0995,0.0,0,0,Low
3,15,180,125,0,122.6644,0.0015,0,0,Low
3,16,179,125,0,122.9314,0.0011,0,0,Low
3,17,178,125,0,122.7409,0.001,0,0,Low
3,18,177,125,0,122.2899,0.0006,0,0,Low
3,19,176,125,0,122.5477,0.0019,0,0,Low
3,20,175,125,0,122.4025,0.0006,0,0,Low
3,21,174,125,0,122.852,0.001,0,0,Low
3,22,173,125,0,122.9861,0.0007,0,0,Low
3,23,172,125,0,123.1241,0.0012,0,0,Low
3,24,171,125,0,122.5217,0.0002,0,0,Low
3,25,170,125,0,122.2468,0.0014,0,0,Low
3,26,169,125,0,122.8716,0.0006,0,0,Low
3,27,168,125,0,123.0799,0.0006,0,0,Low
3,28,167,125,0,123.4484,0.0002,0,0,Low
3,29,166,125,0,122.6624,0.0002,0,0,Low
3,30,165,125,0,123.1265,0.0012,0,0,Low
3,31,164,125,0,123.0069,0.0018,0,0,Low
3,32,163,125,0,122.726,0.0003,0,0,Low
3,33,162,125,0,121.0287,0.0096,0,0,Low
3,34,161,125,0,120.7589,0.0482,0,0,Low
3,35,160,125,0,122.4825,0.0053,0,0,Low
3,36,159,125,0,122.2362,0.006,0,0,Low
3,37,158,125,0,122.1506,0.0096,0,0,Low
3,38,157,125,0,122.1622,0.0028,0,0,Low
3,39,156,125,0,122.4256,0.0008,0,0,Low
3,40,155,125,0,122.2973,0.0029,0,0,Low
3,41,154,125,0,121.9244,0.0016,0,0,Low
3,42,153,125,0,120.5318,0.0021,0,0,Low
3,43,152,125,0,120.8982,0.0008,0,0,Low
3,44,151,125,0,119.876,0.0013,0,0,Low
3,45,150,125,0,120.1485,0.0029,0,0,Low
3,46,149,125,0,120.4577,0.0009,0,0,Low
3,47,148,125,0,120.5104,0.0011,0,0,Low
3,48,147,125,0,121.1545,0.0002,0,0,Low
3,49,146,125,0,122.1087,0.0003,0,0,Low
3,50,145,125,0,121.6393,0.0004,0,0,Low
3,51,144,125,0,121.1319,0.0007,0,0,Low
3,52,143,125,0,121.0389,0.0001,0,0,Low
3,53,142,125,0,120.6373,0.0009,0,0,Low
3,54,141,125,0,120.4174,0.0005,0,0,Low
3,55,140,125,0,119.7735,0.0006,0,0,Low
3,56,139,125,0,119.659,0.0002,0,0,Low
3,57,138,125,0,120.2806,0.0036,0,0,Low
3,58,137,125,0,120.2649,0.0066,0,0,Low
3,59,136,125,0,120.0202,0.0046,0,0,Low
3,60,135,125,0,120.7255,0.0082,0,0,Low
3,61,134,125,0,120.0061,0.005,0,0,Low
3,62,133,125,0,118.6624,0.0016,0,0,Low
3,63,132,125,0,119.5109,0.0062,0,0,Low
3,64,131,125,0,119.0937,0.0009,0,0,Low
3,65,130,125,0,118.8728,0.0033,0,0,Low
3,66,129,125,0,116.9027,0.0011,0,0,Low
3,67,128,125,0,117.0984,0.0006,0,0,Low
3,68,127,125,0,115.0054,0.0011,0,0,Low
3,69,126,125,0,115.3022,0.0071,0,0,Low
3,70,125,125,0,116.2017,0.0007,0,0,Low
3,71,124,124,0,115.3482,0.0005,0,0,Low
3,72,123,123,0,114.2555,0.0025,0,0,Low
3,73,122,122,0,114.8516,0.0035,0,0,Low
3,74,121,121,0,114.3826,0.0013,0,0,Low
3,75,120,120,0,113.6578,0.0038,0,0,Low
3,76,119,119,0,114.1701,0.008,0,0,Low
3,77,118,118,0,114.363,0.0056,0,0,Low
3,78,117,117,0,113.6932,0.0038,0,0,Low
3,79,116,116,0,113.2667,0.0022,0,0,Low
3,80,115,115,0,113.9241,0.0004,0,0,Low
3,81,114,114,0,112.7391,0.0005,0,0,Low
3,82,113,113,0,111.2215,0.0003,0,0,Low
3,83,112,112,0,110.2753,0.0007,0,0,Low
3,84,111,111,0,109.7046,0.0014,0,0,Low
3,85,110,110,0,110.7921,0.0012,0,0,Low
3,86,109,109,0,107.3279,0.0028,0,0,Low
3,87,108,108,0,105.1698,0.0423,0,0,Low
3,88,107,107,0,101.9887,0.0102,0,0,Low
3,89,106,106,0,101.0957,0.0136,0,0,Low
3,90,105,105,0,100.136,0.0236,0,0,Low
3,91,104,104,0,101.539,0.0065,0,0,Low
3,92,103,103,0,97.6115,0.0024,0,0,Low
3,93,102,102,0,96.9976,0.0028,0,0,Low
3,94,101,101,0,94.2665,0.0034,0,0,Low
3,95,100,100,0,96.6749,0.0031,0,0,Low
3,96,99,99,0,98.8134,0.0057,0,0,Low
3,97,98,98,0,93.8012,0.0036,0,0,Low
3,98,97,97,0,89.8115,0.0026,0,0,Low
3,99,96,96,0,87.7282,0.0017,0,0,Low
3,100,95,95,0,89.6173,0.0009,0,0,Low
3,101,94,94,0,88.7252,0.0007,0,0,Low
3,102,93,93,0,88.0482,0.0012,0,0,Low
3,103,92,92,0,88.5048,0.0005,0,0,Low
3,104,91,91,0,82.5541,0.0031,0,0,Low
3,105,90,90,0,89.095,0.0014,0,0,Low
3,106,89,89,0,86.1063,0.0027,0,0,Low
3,107,88,88,0,84.5068,0.0006,0,0,Low
3,108,87,87,0,76.3654,0.0015,0,0,Low
3,109,86,86,0,81.6234,0.0014,0,0,Low
3,110,85,85,0,79.5854,0.0023,0,0,Low
3,111,84,84,0,76.2053,0.0049,0,0,Low
3,112,83,83,0,68.9176,0.0432,0,0,Low
3,113,82,82,0,69.3758,0.0304,0,0,Low
3,114,81,81,0,66.1375,0.1328,0,1,Low
3,115,80,80,0,63.8573,0.1017,0,0,Low
3,116,79,79,0,61.7994,0.047,0,1,Low
3,117,78,78,0,65.6551,0.1493,0,1,Low
3,118,77,77,0,67.0013,0.0858,0,0,Low
3,119,76,76,0,63.6775,0.0572,0,0,Low
3,120,75,75,0,62.7981,0.2611,0,1,Low
3,121,74,74,0,57.5517,0.3323,0,1,Low
3,122,73,73,0,61.1014,0.2375,0,1,Low
3,123,72,72,0,61.3556,0.4396,0,1,Elevated
3,124,71,71,0,60.366,0.3441,0,1,Low
3,125,70,70,0,55.7255,0.4254,0,1,Elevated
3,126,69,69,0,49.7614,0.3092,0,1,Low
4,15,173,125,0,123.3215,0.0004,0,0,Low
4,16,172,125,0,123.1934,0.0006,0,0,Low
4,17,171,125,0,122.3959,0.0018,0,0,Low
4,18,170,125,0,121.8921,0.0001,0,0,Low
4,19,169,125,0,122.4959,0.0002,0,0,Low
4,20,168,125,0,123.1543,0.0003,0,0,Low
4,21,167,125,0,123.1901,0.0001,0,0,Low
4,22,166,125,0,123.5626,0.0,0,0,Low
4,23,165,125,0,123.4606,0.0001,0,0,Low
4,24,164,125,0,123.6992,0.0001,0,0,Low
4,25,163,125,0,122.3956,0.0,0,0,Low
4,26,162,125,0,123.0513,0.0001,0,0,Low
4,27,161,125,0,121.306,0.0,0,0,Low
4,28,160,125,0,121.1238,0.0001,0,0,Low
4,29,159,125,0,121.5393,0.0001,0,0,Low
4,30,158,125,0,122.0734,0.0003,0,0,Low
4,31,157,125,0,121.7281,0.0001,0,0,Low
4,32,156,125,0,120.9345,0.0031,0,0,Low
4,33,155,125,0,122.2525,0.0007,0,0,Low
4,34,154,125,0,122.486,0.0015,0,0,Low
4,35,153,125,0,123.3738,0.0013,0,0,Low
4,36,152,125,0,123.9961,0.0011,0,0,Low
4,37,151,125,0,123.7405,0.001,0,0,Low
4,38,150,125,0,123.7442,0.0017,0,0,Low
4,39,149,125,0,123.7212,0.0009,0,0,Low
4,40,148,125,0,123.7151,0.0005,0,0,Low
4,41,147,125,0,123.2486,0.0003,0,0,Low
4,42,146,125,0,123.687,0.0,0,0,Low
4,43,145,125,0,123.2735,0.0001,0,0,Low
4,44,144,125,0,123.1958,0.0001,0,0,Low
4,45,143,125,0,123.5666,0.0001,0,0,Low
4,46,142,125,0,123.1611,0.0004,0,0,Low
4,47,141,125,0,122.0373,0.0027,0,0,Low
4,48,140,125,0,121.4423,0.0002,0,0,Low
4,49,139,125,0,122.3208,0.0,0,0,Low
4,50,138,125,0,121.1551,0.0001,0,0,Low
4,51,137,125,0,121.7134,0.0001,0,0,Low
4,52,136,125,0,121.7332,0.0,0,0,Low
4,53,135,125,0,121.4731,0.0002,0,0,Low
4,54,134,125,0,120.291,0.0002,0,0,Low
4,55,133,125,0,119.7666,0.0003,0,0,Low
4,56,132,125,0,118.2037,0.0003,0,0,Low
4,57,131,125,0,118.8191,0.0012,0,0,Low
4,58,130,125,0,117.7093,0.0008,0,0,Low
4,59,129,125,0,117.7254,0.0009,0,0,Low
4,60,128,125,0,116.6615,0.0004,0,0,Low
4,61,127,125,0,118.4593,0.0003,0,0,Low
4,62,126,125,0,117.9187,0.0002,0,0,Low
4,63,125,125,0,115.9962,0.0002,0,0,Low
4,64,124,124,0,117.3534,0.0001,0,0,Low
4,65,123,123,0,118.7696,0.0003,0,0,Low
4,66,122,122,0,118.1354,0.0003,0,0,Low
4,67,121,121,0,117.7869,0.0001,0,0,Low
4,68,120,120,0,113.3358,0.0001,0,0,Low
4,69,119,119,0,112.5017,0.0003,0,0,Low
4,70,118,118,0,107.744,0.0001,0,0,Low
4,71,117,117,0,107.6667,0.0001,0,0,Low
4,72,116,116,0,109.0567,0.0014,0,0,Low
4,73,115,115,0,107.7357,0.0053,0,0,Low
4,74,114,114,0,105.6674,0.0042,0,0,Low
4,75,113,113,0,104.0822,0.0047,0,0,Low
4,76,112,112,0,104.7341,0.0115,0,0,Low
4,77,111,111,0,107.7796,0.0031,0,0,Low
4,78,110,110,0,108.0685,0.0028,0,0,Low
4,79,109,109,0,108.1332,0.0017,0,0,Low
4,80,108,108,0,107.3103,0.0038,0,0,Low
4,81,107,107,0,107.4483,0.0014,0,0,Low
4,82,106,106,0,104.976,0.0048,0,0,Low
4,83,105,105,0,104.6924,0.0026,0,0,Low
4,84,104,104,0,103.6429,0.0041,0,0,Low
4,85,103,103,0,107.6695,0.0047,0,0,Low
4,86,102,102,0,107.8693,0.0038,0,0,Low
4,87,101,101,0,108.1219,0.0019,0,0,Low
4,88,100,100,0,108.2321,0.0014,0,0,Low
4,89,99,99,0,108.5589,0.0008,0,0,Low
4,90,98,98,0,106.9932,0.0004,0,0,Low
4,91,97,97,0,103.9348,0.0009,0,0,Low
4,92,96,96,0,93.9231,0.0004,0,0,Low
4,93,95,95,0,92.7305,0.0008,0,0,Low
4,94,94,94,0,96.2081,0.0004,0,0,Low
4,95,93,93,0,96.1933,0.0019,0,0,Low
4,96,92,92,0,96.1727,0.0008,0,0,Low
4,97,91,91,0,94.2424,0.0071,0,0,Low
4,98,90,90,0,97.2108,0.0063,0,0,Low
4,99,89,89,0,93.3714,0.0187,0,0,Low
4,100,88,88,0,93.058,0.0156,0,0,Low
4,101,87,87,0,89.5535,0.0655,0,0,Low
4,102,86,86,0,83.7934,0.0024,0,0,Low
4,103,85,85,0,82.8665,0.0039,0,0,Low
4,104,84,84,0,84.1192,0.0023,0,0,Low
4,105,83,83,0,75.8407,0.0077,0,0,Low
4,106,82,82,0,81.2736,0.0042,0,0,Low
5,15,174,125,0,123.3492,0.0006,0,0,Low
5,16,173,125,0,123.3768,0.0,0,0,Low
5,17,172,125,0,123.6118,0.0,0,0,Low
5,18,171,125,0,123.6956,0.0001,0,0,Low
5,19,170,125,0,123.7528,0.0001,0,0,Low
5,20,169,125,0,123.7765,0.0,0,0,Low
5,21,168,125,0,123.8046,0.0,0,0,Low
5,22,167,125,0,123.813,0.0001,0,0,Low
5,23,166,125,0,123.5946,0.0004,0,0,Low
5,24,165,125,0,123.5853,0.0,0,0,Low
5,25,164,125,0,124.2455,0.0,0,0,Low
5,26,163,125,0,124.015,0.0,0,0,Low
5,27,162,125,0,124.112,0.0,0,0,Low
5,28,161,125,0,124.0351,0.0,0,0,Low
5,29,160,125,0,124.2793,0.0,0,0,Low
5,30,159,125,0,123.9303,0.0001,0,0,Low
5,31,158,125,0,124.1383,0.0,0,0,Low
5,32,157,125,0,124.0715,0.0,0,0,Low
5,33,156,125,0,123.6094,0.0,0,0,Low
5,34,155,125,0,123.5957,0.0001,0,0,Low
5,35,154,125,0,123.4468,0.0002,0,0,Low
5,36,153,125,0,123.5824,0.0003,0,0,Low
5,37,152,125,0,123.2711,0.0032,0,0,Low
5,38,151,125,0,123.5041,0.0034,0,0,Low
5,39,150,125,0,123.1944,0.0025,0,0,Low
5,40,149,125,0,122.9207,0.0059,0,0,Low
5,41,148,125,0,122.8622,0.0084,0,0,Low
5,42,147,125,0,121.94,0.0058,0,0,Low
5,43,146,125,0,122.0778,0.001,0,0,Low
5,44,145,125,0,121.3638,0.0028,0,0,Low
5,45,144,125,0,122.2071,0.0004,0,0,Low
5,46,143,125,0,120.9271,0.0003,0,0,Low
5,47,142,125,0,120.4346,0.0001,0,0,Low
5,48,141,125,0,120.7452,0.0,0,0,Low
5,49,140,125,0,120.6765,0.0,0,0,Low
5,50,139,125,0,120.2209,0.0001,0,0,Low
5,51,138,125,0,120.9112,0.0001,0,0,Low
5,52,137,125,0,121.8296,0.0,0,0,Low
5,53,136,125,0,120.4867,0.0,0,0,Low
5,54,135,125,0,120.5521,0.0,0,0,Low
5,55,134,125,0,120.5958,0.0005,0,0,Low
5,56,133,125,0,120.1166,0.0,0,0,Low
5,57,132,125,0,120.266,0.0001,0,0,Low
5,58,131,125,0,120.3936,0.0001,0,0,Low
5,59,130,125,0,119.1618,0.0003,0,0,Low
5,60,129,125,0,119.6316,0.0,0,0,Low
5,61,128,125,0,120.8049,0.0,0,0,Low
5,62,127,125,0,120.2925,0.0003,0,0,Low
5,63,126,125,0,120.2185,0.0001,0,0,Low
5,64,125,125,0,118.5562,0.0003,0,0,Low
5,65,124,124,0,118.2631,0.0001,0,0,Low
5,66,123,123,0,117.1955,0.0001,0,0,Low
5,67,122,122,0,115.6876,0.0001,0,0,Low
5,68,121,121,0,115.8305,0.0003,0,0,Low
5,69,120,120,0,115.7315,0.0002,0,0,Low
5,70,119,119,0,114.8521,0.0003,0,0,Low
5,71,118,118,0,115.5283,0.0011,0,0,Low
5,72,117,117,0,115.2546,0.0021,0,0,Low
5,73,116,116,0,114.0581,0.0003,0,0,Low
5,74,115,115,0,114.7196,0.0026,0,0,Low
5,75,114,114,0,114.1144,0.0009,0,0,Low
5,76,113,113,0,112.1476,0.0009,0,0,Low
5,77,112,112,0,113.7759,0.0014,0,0,Low
5,78,111,111,0,110.7412,0.0024,0,0,Low
5,79,110,110,0,111.7406,0.0012,0,0,Low
5,80,109,109,0,110.6194,0.0003,0,0,Low
5,81,108,108,0,109.3327,0.0009,0,0,Low
5,82,107,107,0,109.4283,0.0005,0,0,Low
5,83,106,106,0,108.1257,0.001,0,0,Low
5,84,105,105,0,105.6287,0.0012,0,0,Low
5,85,104,104,0,106.8452,0.0026,0,0,Low
5,86,103,103,0,107.7158,0.0004,0,0,Low
5,87,102,102,0,103.4835,0.0062,0,0,Low
5,88,101,101,0,103.8554,0.0022,0,0,Low
5,89,100,100,0,101.9377,0.0012,0,0,Low
5,90,99,99,0,98.8105,0.0018,0,0,Low
5,91,98,98,0,94.3215,0.0086,0,0,Low
5,92,97,97,0,94.5217,0.0018,0,0,Low
5,93,96,96,0,89.7413,0.0028,0,0,Low
5,94,95,95,0,91.2555,0.0033,0,0,Low
5,95,94,94,0,88.0888,0.006,0,0,Low
5,96,93,93,0,86.4403,0.0086,0,0,Low
5,97,92,92,0,93.541,0.0026,0,0,Low
5,98,91,91,0,93.1542,0.0029,0,0,Low
6,15,183,125,0,121.7382,0.0007,0,0,Low
6,16,182,125,0,121.5686,0.0016,0,0,Low
6,17,181,125,0,121.5911,0.0003,0,0,Low
6,18,180,125,0,121.4719,0.0,0,0,Low
6,19,179,125,0,120.6695,0.0,0,0,Low
6,20,178,125,0,121.5843,0.0001,0,0,Low
6,21,177,125,0,121.9665,0.0,0,0,Low
6,22,176,125,0,122.1795,0.0,0,0,Low
6,23,175,125,0,120.6834,0.0002,0,0,Low
6,24,174,125,0,120.639,0.0004,0,0,Low
6,25,173,125,0,120.8813,0.0006,0,0,Low
6,26,172,125,0,122.236,0.0,0,0,Low
6,27,171,125,0,122.4218,0.0003,0,0,Low
6,28,170,125,0,122.2057,0.0002,0,0,Low
6,29,169,125,0,121.7259,0.0001,0,0,Low
6,30,168,125,0,122.5685,0.0004,0,0,Low
6,31,167,125,0,123.3656,0.0008,0,0,Low
6,32,166,125,0,122.8825,0.0019,0,0,Low
6,33,165,125,0,123.3164,0.0006,0,0,Low
6,34,164,125,0,122.944,0.0005,0,0,Low
6,35,163,125,0,123.3669,0.0006,0,0,Low
6,36,162,125,0,123.3766,0.0005,0,0,Low
6,37,161,125,0,123.9318,0.0001,0,0,Low
6,38,160,125,0,123.776,0.0,0,0,Low
6,39,159,125,0,123.644,0.0,0,0,Low
6,40,158,125,0,123.4437,0.0001,0,0,Low
6,41,157,125,0,122.9582,0.0,0,0,Low
6,42,156,125,0,122.4902,0.0,0,0,Low
6,43,155,125,0,122.3779,0.0001,0,0,Low
6,44,154,125,0,121.7639,0.0018,0,0,Low
6,45,153,125,0,121.2382,0.0019,0,0,Low
6,46,152,125,0,122.2219,0.0004,0,0,Low
6,47,151,125,0,122.7558,0.0003,0,0,Low
6,48,150,125,0,122.0172,0.0003,0,0,Low
6,49,149,125,0,121.9947,0.0,0,0,Low
6,50,148,125,0,122.6141,0.0,0,0,Low
6,51,147,125,0,121.8493,0.0,0,0,Low
6,52,146,125,0,121.2688,0.0,0,0,Low
6,53,145,125,0,120.3704,0.0,0,0,Low
6,54,144,125,0,120.7401,0.0,0,0,Low
6,55,143,125,0,119.6491,0.0001,0,0,Low
6,56,142,125,0,119.6517,0.0001,0,0,Low
6,57,141,125,0,121.249,0.0003,0,0,Low
6,58,140,125,0,119.4954,0.0,0,0,Low
6,59,139,125,0,118.7099,0.0003,0,0,Low
6,60,138,125,0,117.6175,0.0005,0,0,Low
6,61,137,125,0,118.3768,0.0008,0,0,Low
6,62,136,125,0,115.9012,0.0039,0,0,Low
6,63,135,125,0,116.9492,0.004,0,0,Low
6,64,134,125,0,115.2458,0.0239,0,0,Low
6,65,133,125,0,115.5664,0.0511,0,0,Low
6,66,132,125,0,116.9312,0.0082,0,0,Low
6,67,131,125,0,117.4071,0.004,0,0,Low
6,68,130,125,0,115.5255,0.0033,0,0,Low
6,69,129,125,0,114.9543,0.0011,0,0,Low
6,70,128,125,0,116.1747,0.0003,0,0,Low
6,71,127,125,0,114.9915,0.0004,0,0,Low
6,72,126,125,0,115.3428,0.0006,0,0,Low
6,73,125,125,0,114.8852,0.0001,0,0,Low
6,74,124,124,0,114.0782,0.0001,0,0,Low
6,75,123,123,0,115.5105,0.0,0,0,Low
6,76,122,122,0,114.2585,0.0001,0,0,Low
6,77,121,121,0,112.713,0.0,0,0,Low
6,78,120,120,0,113.9995,0.0,0,0,Low
6,79,119,119,0,113.9988,0.0,0,0,Low
6,80,118,118,0,111.1571,0.0002,0,0,Low
6,81,117,117,0,110.5296,0.0,0,0,Low
6,82,116,116,0,110.0914,0.0001,0,0,Low
6,83,115,115,0,110.3774,0.001,0,0,Low
6,84,114,114,0,107.6192,0.0004,0,0,Low
6,85,113,113,0,108.7133,0.0005,0,0,Low
6,86,112,112,0,108.0111,0.001,0,0,Low
6,87,111,111,0,107.0249,0.0005,0,0,Low
6,88,110,110,0,104.4587,0.0003,0,0,Low
6,89,109,109,0,102.6306,0.0032,0,0,Low
6,90,108,108,0,102.7949,0.001,0,0,Low
6,91,107,107,0,98.7878,0.0009,0,0,Low
6,92,106,106,0,98.1661,0.0023,0,0,Low
6,93,105,105,0,96.1809,0.0009,0,0,Low
6,94,104,104,0,98.5746,0.0001,0,0,Low
6,95,103,103,0,93.825,0.0004,0,0,Low
6,96,102,102,0,86.7214,0.0015,0,0,Low
6,97,101,101,0,89.464,0.0,0,0,Low
6,98,100,100,0,88.1176,0.0003,0,0,Low
6,99,99,99,0,93.628,0.0004,0,0,Low
6,100,98,98,0,94.1975,0.0005,0,0,Low
6,101,97,97,0,96.4266,0.0002,0,0,Low
6,102,96,96,0,93.1464,0.0013,0,0,Low
6,103,95,95,0,92.8171,0.0003,0,0,Low
6,104,94,94,0,95.0009,0.0002,0,0,Low
6,105,93,93,0,91.4227,0.0001,0,0,Low
7,15,236,125,0,124.8342,0.0,0,0,Low
7,16,235,125,0,124.6092,0.0,0,0,Low
7,17,234,125,0,124.6626,0.0,0,0,Low
7,18,233,125,0,124.3361,0.0,0,0,Low
7,19,232,125,0,124.3206,0.0,0,0,Low
7,20,231,125,0,124.5443,0.0,0,0,Low
7,21,230,125,0,124.8176,0.0,0,0,Low
7,22,229,125,0,124.7732,0.0,0,0,Low
7,23,228,125,0,124.4337,0.0,0,0,Low
7,24,227,125,0,124.3335,0.0,0,0,Low
7,25,226,125,0,123.837,0.0,0,0,Low
7,26,225,125,0,124.6372,0.0,0,0,Low
7,27,224,125,0,124.1784,0.0,0,0,Low
7,28,223,125,0,124.0029,0.0,0,0,Low
7,29,222,125,0,124.1402,0.0,0,0,Low
7,30,221,125,0,123.5382,0.0,0,0,Low
7,31,220,125,0,124.2247,0.0,0,0,Low
7,32,219,125,0,124.5732,0.0,0,0,Low
7,33,218,125,0,124.8416,0.0,0,0,Low
7,34,217,125,0,124.1549,0.0,0,0,Low
7,35,216,125,0,123.8117,0.0,0,0,Low
7,36,215,125,0,123.4437,0.0,0,0,Low
7,37,214,125,0,122.9064,0.0,0,0,Low
7,38,213,125,0,123.4037,0.0,0,0,Low
7,39,212,125,0,123.5748,0.0,0,0,Low
7,40,211,125,0,123.4031,0.0,0,0,Low
7,41,210,125,0,123.3588,0.0,0,0,Low
7,42,209,125,0,122.8637,0.0,0,0,Low
7,43,208,125,0,123.7126,0.0,0,0,Low
7,44,207,125,0,123.5222,0.0,0,0,Low
7,45,206,125,0,123.5741,0.0,0,0,Low
7,46,205,125,0,123.7547,0.0,0,0,Low
7,47,204,125,0,122.6369,0.0,0,0,Low
7,48,203,125,0,121.791,0.0,0,0,Low
7,49,202,125,0,122.4032,0.0,0,0,Low
7,50,201,125,0,121.4,0.0,0,0,Low
7,51,200,125,0,122.3807,0.0,0,0,Low
7,52,199,125,0,122.9156,0.0,0,0,Low
7,53,198,125,0,123.667,0.0,0,0,Low
7,54,197,125,0,123.3234,0.0,0,0,Low
7,55,196,125,0,123.3134,0.0,0,0,Low
7,56,195,125,0,123.1873,0.0,0,0,Low
7,57,194,125,0,122.1564,0.0,0,0,Low
7,58,193,125,0,122.3828,0.0,0,0,Low
7,59,192,125,0,122.969,0.0,0,0,Low
7,60,191,125,0,123.3647,0.0,0,0,Low
7,61,190,125,0,124.1831,0.0,0,0,Low
7,62,189,125,0,123.9235,0.0,0,0,Low
7,63,188,125,0,124.5555,0.0,0,0,Low
7,64,187,125,0,124.4099,0.0,0,0,Low
7,65,186,125,0,123.3656,0.0,0,0,Low
7,66,185,125,0,123.1515,0.0,0,0,Low
7,67,184,125,0,121.1665,0.0,0,0,Low
7,68,183,125,0,121.0158,0.0,0,0,Low
7,69,182,125,0,121.8252,0.0,0,0,Low
7,70,181,125,0,122.7878,0.0,0,0,Low
7,71,180,125,0,122.4595,0.0,0,0,Low
7,72,179,125,0,123.3887,0.0,0,0,Low
7,73,178,125,0,123.3554,0.0,0,0,Low
7,74,177,125,0,123.5602,0.0,0,0,Low
7,75,176,125,0,122.9014,0.0,0,0,Low
7,76,175,125,0,121.6985,0.0,0,0,Low
7,77,174,125,0,118.7892,0.0,0,0,Low
7,78,173,125,0,118.3629,0.0,0,0,Low
7,79,172,125,0,118.2571,0.0,0,0,Low
7,80,171,125,0,119.1048,0.0,0,0,Low
7,81,170,125,0,118.8506,0.0,0,0,Low
7,82,169,125,0,119.1509,0.0,0,0,Low
7,83,168,125,0,119.5852,0.0,0,0,Low
7,84,167,125,0,118.9238,0.0,0,0,Low
7,85,166,125,0,117.9662,0.0,0,0,Low
7,86,165,125,0,118.9983,0.0,0,0,Low
7,87,164,125,0,117.1266,0.0,0,0,Low
7,88,163,125,0,116.8388,0.0,0,0,Low
7,89,162,125,0,117.3734,0.0,0,0,Low
7,90,161,125,0,116.9207,0.0,0,0,Low
7,91,160,125,0,118.3138,0.0,0,0,Low
7,92,159,125,0,119.7486,0.0,0,0,Low
7,93,158,125,0,118.8304,0.0,0,0,Low
7,94,157,125,0,116.8951,0.0,0,0,Low
7,95,156,125,0,116.6428,0.0,0,0,Low
7,96,155,125,0,117.9314,0.0,0,0,Low
7,97,154,125,0,114.4909,0.0,0,0,Low
7,98,153,125,0,113.8682,0.0,0,0,Low
7,99,152,125,0,115.2801,0.0,0,0,Low
7,100,151,125,0,114.5082,0.0,0,0,Low
7,101,150,125,0,113.4842,0.0,0,0,Low
7,102,149,125,0,115.5206,0.0,0,0,Low
7,103,148,125,0,112.3133,0.0,0,0,Low
7,104,147,125,0,116.0458,0.0,0,0,Low
7,105,146,125,0,117.1128,0.0,0,0,Low
7,106,145,125,0,110.5773,0.0,0,0,Low
7,107,144,125,0,112.1215,0.0,0,0,Low
7,108,143,125,0,111.9359,0.0,0,0,Low
7,109,142,125,0,114.4963,0.0,0,0,Low
7,110,141,125,0,112.2044,0.0,0,0,Low
7,111,140,125,0,110.5405,0.0,0,0,Low
7,112,139,125,0,109.2398,0.0,0,0,Low
7,113,138,125,0,109.8594,0.0,0,0,Low
7,114,137,125,0,109.9007,0.0,0,0,Low
7,115,136,125,0,111.8988,0.0,0,0,Low
7,116,135,125,0,112.0619,0.0,0,0,Low
7,117,134,125,0,112.0527,0.0,0,0,Low
7,118,133,125,0,108.4739,0.0,0,0,Low
7,119,132,125,0,105.9206,0.0,0,0,Low
7,120,131,125,0,101.3604,0.0,0,0,Low
7,121,130,125,0,100.8316,0.0,0,0,Low
7,122,129,125,0,103.7247,0.0,0,0,Low
7,123,128,125,0,102.2671,0.0,0,0,Low
7,124,127,125,0,100.6349,0.0,0,0,Low
7,125,126,125,0,100.8444,0.0,0,0,Low
7,126,125,125,0,101.7509,0.0,0,0,Low
7,127,124,124,0,101.8724,0.0,0,0,Low
7,128,123,123,0,102.0381,0.0,0,0,Low
7,129,122,122,0,104.6384,0.0,0,0,Low
7,130,121,121,0,102.8475,0.0,0,0,Low
7,131,120,120,0,103.6214,0.0,0,0,Low
7,132,119,119,0,100.9784,0.0,0,0,Low
7,133,118,118,0,100.9261,0.0,0,0,Low
7,134,117,117,0,101.8859,0.0,0,0,Low
7,135,116,116,0,103.6243,0.0,0,0,Low
7,136,115,115,0,103.882,0.0,0,0,Low
7,137,114,114,0,106.6884,0.0,0,0,Low
7,138,113,113,0,104.8977,0.0,0,0,Low
7,139,112,112,0,107.4457,0.0,0,0,Low
7,140,111,111,0,105.3341,0.0,0,0,Low
7,141,110,110,0,106.5945,0.0,0,0,Low
7,142,109,109,0,105.8888,0.0,0,0,Low
7,143,108,108,0,106.0708,0.0,0,0,Low
7,144,107,107,0,103.4307,0.0,0,0,Low
7,145,106,106,0,102.4642,0.0,0,0,Low
7,146,105,105,0,103.72,0.0,0,0,Low
7,147,104,104,0,103.2183,0.0,0,0,Low
7,148,103,103,0,104.1793,0.0,0,0,Low
7,149,102,102,0,103.5676,0.0,0,0,Low
7,150,101,101,0,104.0261,0.0,0,0,Low
7,151,100,100,0,104.9638,0.0,0,0,Low
7,152,99,99,0,105.7792,0.0,0,0,Low
7,153,98,98,0,106.5659,0.0,0,0,Low
7,154,97,97,0,102.7176,0.0,0,0,Low
7,155,96,96,0,101.1265,0.0,0,0,Low
7,156,95,95,0,101.4221,0.0,0,0,Low
7,157,94,94,0,102.5201,0.0,0,0,Low
7,158,93,93,0,100.6558,0.0,0,0,Low
7,159,92,92,0,100.6057,0.0,0,0,Low
7,160,91,91,0,102.5486,0.0,0,0,Low
8,15,246,125,0,121.9361,0.0,0,0,Low
8,16,245,125,0,121.5868,0.0,0,0,Low
8,17,244,125,0,121.2132,0.0,0,0,Low
8,18,243,125,0,122.2079,0.0001,0,0,Low
8,19,242,125,0,122.6825,0.0,0,0,Low
8,20,241,125,0,122.4176,0.0,0,0,Low
8,21,240,125,0,123.0321,0.0,0,0,Low
8,22,239,125,0,122.5694,0.0,0,0,Low
8,23,238,125,0,123.1067,0.0,0,0,Low
8,24,237,125,0,123.6025,0.0,0,0,Low
8,25,236,125,0,123.3385,0.0,0,0,Low
8,26,235,125,0,123.4166,0.0,0,0,Low
8,27,234,125,0,123.3548,0.0,0,0,Low
8,28,233,125,0,122.451,0.0,0,0,Low
8,29,232,125,0,123.3488,0.0,0,0,Low
8,30,231,125,0,123.533,0.0,0,0,Low
8,31,230,125,0,123.8009,0.0,0,0,Low
8,32,229,125,0,123.8238,0.0,0,0,Low
8,33,228,125,0,123.9546,0.0003,0,0,Low
8,34,227,125,0,124.0324,0.0001,0,0,Low
8,35,226,125,0,124.038,0.0,0,0,Low
8,36,225,125,0,123.8843,0.0001,0,0,Low
8,37,224,125,0,123.7499,0.0,0,0,Low
8,38,223,125,0,123.672,0.0,0,0,Low
8,39,222,125,0,123.3429,0.0,0,0,Low
8,40,221,125,0,122.8935,0.0,0,0,Low
8,41,220,125,0,123.4996,0.0,0,0,Low
8,42,219,125,0,123.4064,0.0,0,0,Low
8,43,218,125,0,122.9245,0.0,0,0,Low
8,44,217,125,0,122.6768,0.0,0,0,Low
8,45,216,125,0,122.5605,0.0,0,0,Low
8,46,215,125,0,122.8535,0.0001,0,0,Low
8,47,214,125,0,121.3631,0.0024,0,0,Low
8,48,213,125,0,121.2753,0.0002,0,0,Low
8,49,212,125,0,117.9404,0.0,0,0,Low
8,50,211,125,0,118.6261,0.0003,0,0,Low
8,51,210,125,0,118.644,0.0,0,0,Low
8,52,209,125,0,117.0305,0.0002,0,0,Low
8,53,208,125,0,117.052,0.0003,0,0,Low
8,54,207,125,0,116.3069,0.0003,0,0,Low
8,55,206,125,0,117.8249,0.0002,0,0,Low
8,56,205,125,0,116.7926,0.0006,0,0,Low
8,57,204,125,0,116.5783,0.0001,0,0,Low
8,58,203,125,0,116.9915,0.0001,0,0,Low
8,59,202,125,0,115.9721,0.0001,0,0,Low
8,60,201,125,0,115.3575,0.0001,0,0,Low
8,61,200,125,0,114.8892,0.0,0,0,Low
8,62,199,125,0,113.444,0.0,0,0,Low
8,63,198,125,0,116.1559,0.0,0,0,Low
8,64,197,125,0,114.2136,0.0,0,0,Low
8,65,196,125,0,114.1844,0.0,0,0,Low
8,66,195,125,0,114.0975,0.0,0,0,Low
8,67,194,125,0,112.7776,0.0,0,0,Low
8,68,193,125,0,111.8341,0.0,0,0,Low
8,69,192,125,0,111.5568,0.0,0,0,Low
8,70,191,125,0,111.2451,0.0,0,0,Low
8,71,190,125,0,109.9584,0.0001,0,0,Low
8,72,189,125,0,110.1406,0.0,0,0,Low
8,73,188,125,0,109.4841,0.0001,0,0,Low
8,74,187,125,0,108.9572,0.0001,0,0,Low
8,75,186,125,0,110.125,0.0001,0,0,Low
8,76,185,125,0,108.1604,0.0001,0,0,Low
8,77,184,125,0,107.3564,0.0,0,0,Low
8,78,183,125,0,107.446,0.0,0,0,Low
8,79,182,125,0,106.5558,0.0001,0,0,Low
8,80,181,125,0,109.9641,0.0,0,0,Low
8,81,180,125,0,110.9629,0.0001,0,0,Low
8,82,179,125,0,110.6831,0.0003,0,0,Low
8,83,178,125,0,108.1868,0.0007,0,0,Low
8,84,177,125,0,108.4807,0.0006,0,0,Low
8,85,176,125,0,106.4357,0.0003,0,0,Low
8,86,175,125,0,105.0502,0.0004,0,0,Low
8,87,174,125,0,105.362,0.0001,0,0,Low
8,88,173,125,0,103.6155,0.0001,0,0,Low
8,89,172,125,0,104.8436,0.0,0,0,Low
8,90,171,125,0,98.0132,0.0001,0,0,Low
8,91,170,125,0,98.5949,0.0,0,0,Low
8,92,169,125,0,96.4882,0.0,0,0,Low
8,93,168,125,0,94.4349,0.0,0,0,Low
8,94,167,125,0,94.7628,0.0003,0,0,Low
8,95,166,125,0,92.887,0.0001,0,0,Low
8,96,165,125,0,87.0642,0.0004,0,0,Low
8,97,164,125,0,90.9411,0.0009,0,0,Low
8,98,163,125,0,89.0481,0.0009,0,0,Low
8,99,162,125,0,96.1639,0.0002,0,0,Low
8,100,161,125,0,94.8797,0.0003,0,0,Low
8,101,160,125,0,97.7511,0.0004,0,0,Low
8,102,159,125,0,96.6304,0.0005,0,0,Low
8,103,158,125,0,98.6749,0.0001,0,0,Low
8,104,157,125,0,97.5306,0.0002,0,0,Low
8,105,156,125,0,97.185,0.0003,0,0,Low
8,106,155,125,0,99.3138,0.0001,0,0,Low
8,107,154,125,0,99.4085,0.0,0,0,Low
8,108,153,125,0,97.2491,0.0,0,0,Low
8,109,152,125,0,95.9538,0.0001,0,0,Low
8,110,151,125,0,92.1061,0.0,0,0,Low
8,111,150,125,0,87.9417,0.0,0,0,Low
8,112,149,125,0,87.1445,0.0,0,0,Low
8,113,148,125,0,89.478,0.0001,0,0,Low
8,114,147,125,0,90.1841,0.0001,0,0,Low
8,115,146,125,0,90.2237,0.0004,0,0,Low
8,116,145,125,0,88.3161,0.0023,0,0,Low
8,117,144,125,0,88.5209,0.0004,0,0,Low
8,118,143,125,0,88.7464,0.0,0,0,Low
8,119,142,125,0,91.6254,0.0001,0,0,Low
8,120,141,125,0,90.3304,0.0,0,0,Low
8,121,140,125,0,90.8807,0.0,0,0,Low
8,122,139,125,0,93.6078,0.0,0,0,Low
8,123,138,125,0,89.4992,0.0,0,0,Low
8,124,137,125,0,87.4492,0.0,0,0,Low
8,125,136,125,0,92.6638,0.0,0,0,Low
8,126,135,125,0,89.801,0.0,0,0,Low
8,127,134,125,0,90.5985,0.0,0,0,Low
8,128,133,125,0,94.6115,0.0,0,0,Low
8,129,132,125,0,92.3741,0.0006,0,0,Low
8,130,131,125,0,92.6563,0.0009,0,0,Low
8,131,130,125,0,92.8317,0.0002,0,0,Low
8,132,129,125,0,93.7218,0.0001,0,0,Low
8,133,128,125,0,93.8768,0.0003,0,0,Low
8,134,127,125,0,95.467,0.0001,0,0,Low
8,135,126,125,0,93.3984,0.0,0,0,Low
8,136,125,125,0,97.0265,0.0001,0,0,Low
8,137,124,124,0,96.1702,0.0004,0,0,Low
8,138,123,123,0,97.2089,0.0002,0,0,Low
8,139,122,122,0,94.2389,0.0007,0,0,Low
8,140,121,121,0,91.1359,0.002,0,0,Low
8,141,120,120,0,90.903,0.0005,0,0,Low
8,142,119,119,0,85.976,0.0002,0,0,Low
8,143,118,118,0,88.2119,0.0001,0,0,Low
8,144,117,117,0,90.099,0.0001,0,0,Low
8,145,116,116,0,89.0431,0.0006,0,0,Low
8,146,115,115,0,89.3354,0.0001,0,0,Low
8,147,114,114,0,90.4807,0.0002,0,0,Low
8,148,113,113,0,88.9741,0.0004,0,0,Low
8,149,112,112,0,88.7895,0.0013,0,0,Low
8,150,111,111,0,88.667,0.0002,0,0,Low
8,151,110,110,0,87.4273,0.0004,0,0,Low
8,152,109,109,0,83.4955,0.0016,0,0,Low
8,153,108,108,0,85.7566,0.0037,0,0,Low
8,154,107,107,0,84.5426,0.005,0,0,Low
8,155,106,106,0,78.3721,0.0068,0,0,Low
8,156,105,105,0,79.4514,0.0015,0,0,Low
8,157,104,104,0,77.8314,0.0062,0,1,Low
8,158,103,103,0,79.1544,0.0032,0,0,Low
8,159,102,102,0,77.9577,0.0005,0,0,Low
8,160,101,101,0,75.8304,0.0018,0,0,Low
8,161,100,100,0,71.2203,0.0069,0,0,Low
8,162,99,99,0,78.3819,0.001,0,0,Low
8,163,98,98,0,76.5437,0.0004,0,0,Low
8,164,97,97,0,74.3958,0.0004,0,0,Low
8,165,96,96,0,80.0762,0.0003,0,0,Low
8,166,95,95,0,76.2707,0.0011,0,0,Low
9,15,151,125,0,121.7366,0.0084,0,0,Low
9,16,150,125,0,122.7436,0.0052,0,0,Low
9,17,149,125,0,122.3508,0.0093,0,0,Low
9,18,148,125,0,121.8193,0.0084,0,0,Low
9,19,147,125,0,122.5936,0.0036,0,0,Low
9,20,146,125,0,122.6485,0.0003,0,0,Low
9,21,145,125,0,123.1572,0.0014,0,0,Low
9,22,144,125,0,123.4979,0.0003,0,0,Low
9,23,143,125,0,123.9399,0.0003,0,0,Low
9,24,142,125,0,123.9137,0.0001,0,0,Low
9,25,141,125,0,123.7376,0.0002,0,0,Low
9,26,140,125,0,121.3435,0.0004,0,0,Low
9,27,139,125,0,123.3073,0.0001,0,0,Low
9,28,138,125,0,122.7414,0.0,0,0,Low
9,29,137,125,0,123.2138,0.0002,0,0,Low
9,30,136,125,0,122.808,0.0012,0,0,Low
9,31,135,125,0,122.1503,0.0013,0,0,Low
9,32,134,125,0,123.0511,0.0001,0,0,Low
9,33,133,125,0,123.2944,0.0007,0,0,Low
9,34,132,125,0,122.3596,0.0004,0,0,Low
9,35,131,125,0,121.6171,0.0006,0,0,Low
9,36,130,125,0,122.021,0.0001,0,0,Low
9,37,129,125,0,121.3412,0.0006,0,0,Low
9,38,128,125,0,120.139,0.0002,0,0,Low
9,39,127,125,0,120.9806,0.0002,0,0,Low
9,40,126,125,0,121.2533,0.0001,0,0,Low
9,41,125,125,0,122.456,0.0004,0,0,Low
9,42,124,124,0,121.6709,0.0004,0,0,Low
9,43,123,123,0,121.0289,0.0021,0,0,Low
9,44,122,122,0,120.5703,0.0042,0,0,Low
9,45,121,121,0,120.6527,0.0015,0,0,Low
9,46,120,120,0,119.8307,0.0009,0,0,Low
9,47,119,119,0,119.8723,0.0002,0,0,Low
9,48,118,118,0,120.2587,0.0002,0,0,Low
9,49,117,117,0,121.4444,0.0,0,0,Low
9,50,116,116,0,121.3999,0.0001,0,0,Low
9,51,115,115,0,120.4568,0.0001,0,0,Low
9,52,114,114,0,120.9633,0.0,0,0,Low
9,53,113,113,0,120.5356,0.0006,0,0,Low
9,54,112,112,0,121.6482,0.0001,0,0,Low
9,55,111,111,0,120.505,0.0006,0,0,Low
10,15,273,125,0,124.4936,0.0,0,0,Low
10,16,272,125,0,124.1561,0.0,0,0,Low
10,17,271,125,0,123.9734,0.0,0,0,Low
10,18,270,125,0,123.0847,0.0,0,0,Low
10,19,269,125,0,123.4171,0.0,0,0,Low
10,20,268,125,0,123.8616,0.0,0,0,Low
10,21,267,125,0,123.7623,0.0,0,0,Low
10,22,266,125,0,124.5057,0.0,0,0,Low
10,23,265,125,0,124.0086,0.0,0,0,Low
10,24,264,125,0,124.0613,0.0,0,0,Low
10,25,263,125,0,123.8972,0.0,0,0,Low
10,26,262,125,0,123.3286,0.0,0,0,Low
10,27,261,125,0,123.2201,0.0,0,0,Low
10,28,260,125,0,122.4261,0.0,0,0,Low
10,29,259,125,0,122.3022,0.0,0,0,Low
10,30,258,125,0,122.1229,0.0,0,0,Low
10,31,257,125,0,122.5679,0.0,0,0,Low
10,32,256,125,0,121.8825,0.0,0,0,Low
10,33,255,125,0,122.0367,0.0,0,0,Low
10,34,254,125,0,121.8308,0.0,0,0,Low
10,35,253,125,0,122.0546,0.0,0,0,Low
10,36,252,125,0,121.7604,0.0,0,0,Low
10,37,251,125,0,122.2513,0.0,0,0,Low
10,38,250,125,0,122.4381,0.0,0,0,Low
10,39,249,125,0,122.2926,0.0,0,0,Low
10,40,248,125,0,122.4953,0.0,0,0,Low
10,41,247,125,0,119.822,0.0,0,0,Low
10,42,246,125,0,119.322,0.0,0,0,Low
10,43,245,125,0,120.2917,0.0,0,0,Low
10,44,244,125,0,122.7468,0.0,0,0,Low
10,45,243,125,0,123.0311,0.0,0,0,Low
10,46,242,125,0,122.4668,0.0,0,0,Low
10,47,241,125,0,120.8427,0.0,0,0,Low
10,48,240,125,0,121.4024,0.0,0,0,Low
10,49,239,125,0,121.4822,0.0,0,0,Low
10,50,238,125,0,122.3974,0.0,0,0,Low
10,51,237,125,0,121.9968,0.0,0,0,Low
10,52,236,125,0,121.2554,0.0,0,0,Low
10,53,235,125,0,119.7841,0.0,0,0,Low
10,54,234,125,0,121.8194,0.0,0,0,Low
10,55,233,125,0,121.3456,0.0,0,0,Low
10,56,232,125,0,122.8309,0.0,0,0,Low
10,57,231,125,0,121.3532,0.0,0,0,Low
10,58,230,125,0,122.0431,0.0,0,0,Low
10,59,229,125,0,120.5456,0.0,0,0,Low
10,60,228,125,0,118.3221,0.0,0,0,Low
10,61,227,125,0,119.8373,0.0,0,0,Low
10,62,226,125,0,119.3982,0.0,0,0,Low
10,63,225,125,0,119.8059,0.0,0,0,Low
10,64,224,125,0,118.3163,0.0,0,0,Low
10,65,223,125,0,118.5223,0.0,0,0,Low
10,66,222,125,0,120.54,0.0,0,0,Low
10,67,221,125,0,119.4811,0.0,0,0,Low
10,68,220,125,0,117.8181,0.0,0,0,Low
10,69,219,125,0,118.5381,0.0,0,0,Low
10,70,218,125,0,119.7666,0.0,0,0,Low
10,71,217,125,0,120.9897,0.0,0,0,Low
10,72,216,125,0,121.5382,0.0,0,0,Low
10,73,215,125,0,120.9666,0.0,0,0,Low
10,74,214,125,0,120.0994,0.0,0,0,Low
10,75,213,125,0,121.5886,0.0,0,0,Low
10,76,212,125,0,121.1662,0.0,0,0,Low
10,77,211,125,0,118.5193,0.0,0,0,Low
10,78,210,125,0,117.1175,0.0,0,0,Low
10,79,209,125,0,116.8906,0.0,0,0,Low
10,80,208,125,0,116.9726,0.0,0,0,Low
10,81,207,125,0,117.2275,0.0,0,0,Low
10,82,206,125,0,115.3453,0.0,0,0,Low
10,83,205,125,0,115.3406,0.0,0,0,Low
10,84,204,125,0,116.2234,0.0,0,0,Low
10,85,203,125,0,115.9368,0.0,0,0,Low
10,86,202,125,0,117.3111,0.0,0,0,Low
10,87,201,125,0,117.3713,0.0,0,0,Low
10,88,200,125,0,116.231,0.0,0,0,Low
10,89,199,125,0,112.5034,0.0,0,0,Low
10,90,198,125,0,113.2945,0.0,0,0,Low
10,91,197,125,0,111.246,0.0,0,0,Low
10,92,196,125,0,113.0123,0.0,0,0,Low
10,93,195,125,0,111.8793,0.0,0,0,Low
10,94,194,125,0,113.9626,0.0,0,0,Low
10,95,193,125,0,116.4138,0.0,0,0,Low
10,96,192,125,0,113.7665,0.0,0,0,Low
10,97,191,125,0,111.502,0.0,0,0,Low
10,98,190,125,0,111.1979,0.0,0,0,Low
10,99,189,125,0,109.0628,0.0,0,0,Low
10,100,188,125,0,113.0169,0.0,0,0,Low
10,101,187,125,0,111.3707,0.0,0,0,Low
10,102,186,125,0,109.7662,0.0,0,0,Low
10,103,185,125,0,112.1746,0.0,0,0,Low
10,104,184,125,0,111.2315,0.0,0,0,Low
10,105,183,125,0,109.2975,0.0,0,0,Low
10,106,182,125,0,108.633,0.0,0,0,Low
10,107,181,125,0,105.9538,0.0,0,0,Low
10,108,180,125,0,105.8272,0.0,0,0,Low
10,109,179,125,0,104.1108,0.0,0,0,Low
10,110,178,125,0,106.3204,0.0,0,0,Low
10,111,177,125,0,106.7855,0.0,0,0,Low
10,112,176,125,0,107.0702,0.0,0,0,Low
10,113,175,125,0,109.2024,0.0,0,0,Low
10,114,174,125,0,106.5212,0.0,0,0,Low
10,115,173,125,0,107.8994,0.0,0,0,Low
10,116,172,125,0,107.1497,0.0,0,0,Low
10,117,171,125,0,110.3705,0.0,0,0,Low
10,118,170,125,0,105.0616,0.0,0,0,Low
10,119,169,125,0,106.4812,0.0,0,0,Low
10,120,168,125,0,108.3774,0.0,0,0,Low
10,121,167,125,0,109.6153,0.0,0,0,Low
10,122,166,125,0,109.552,0.0,0,0,Low
10,123,165,125,0,109.9587,0.0,0,0,Low
10,124,164,125,0,111.9335,0.0,0,0,Low
10,125,163,125,0,112.6581,0.0,0,0,Low
10,126,162,125,0,111.5271,0.0,0,0,Low
10,127,161,125,0,106.9368,0.0,0,0,Low
10,128,160,125,0,105.5254,0.0,0,0,Low
10,129,159,125,0,103.866,0.0,0,0,Low
10,130,158,125,0,103.5459,0.0,0,0,Low
10,131,157,125,0,102.6132,0.0,0,0,Low
10,132,156,125,0,104.1718,0.0,0,0,Low
10,133,155,125,0,104.0523,0.0,0,0,Low
10,134,154,125,0,106.0045,0.0,0,0,Low
10,135,153,125,0,105.5286,0.0,0,0,Low
10,136,152,125,0,103.7512,0.0,0,0,Low
10,137,151,125,0,98.571,0.0,0,0,Low
10,138,150,125,0,101.7774,0.0,0,0,Low
10,139,149,125,0,97.4774,0.0,0,0,Low
10,140,148,125,0,101.3213,0.0,0,0,Low
10,141,147,125,0,103.1953,0.0,0,0,Low
10,142,146,125,0,102.0728,0.0,0,0,Low
10,143,145,125,0,105.5385,0.0,0,0,Low
10,144,144,125,0,105.8714,0.0,0,0,Low
10,145,143,125,0,105.3358,0.0,0,0,Low
10,146,142,125,0,105.0683,0.0,0,0,Low
10,147,141,125,0,104.1144,0.0,0,0,Low
10,148,140,125,0,105.1564,0.0,0,0,Low
10,149,139,125,0,104.2841,0.0,0,0,Low
10,150,138,125,0,103.5819,0.0,0,0,Low
10,151,137,125,0,104.5825,0.0,0,0,Low
10,152,136,125,0,104.2485,0.0,0,0,Low
10,153,135,125,0,103.6941,0.0,0,0,Low
10,154,134,125,0,104.6599,0.0,0,0,Low
10,155,133,125,0,105.0491,0.0,0,0,Low
10,156,132,125,0,99.9947,0.0,0,0,Low
10,157,131,125,0,100.0069,0.0,0,0,Low
10,158,130,125,0,91.2048,0.0,0,0,Low
10,159,129,125,0,91.7962,0.0,0,0,Low
10,160,128,125,0,94.891,0.0,0,0,Low
10,161,127,125,0,94.1937,0.0001,0,0,Low
10,162,126,125,0,93.098,0.0,0,0,Low
10,163,125,125,0,93.1871,0.0001,0,0,Low
10,164,124,124,0,93.506,0.0001,0,0,Low
10,165,123,123,0,94.7212,0.0,0,0,Low
10,166,122,122,0,94.6131,0.0,0,0,Low
10,167,121,121,0,93.6496,0.0,0,0,Low
10,168,120,120,0,91.5528,0.0,0,0,Low
10,169,119,119,0,92.1844,0.0002,0,0,Low
10,170,118,118,0,93.9815,0.0001,0,0,Low
10,171,117,117,0,95.4938,0.0,0,0,Low
10,172,116,116,0,96.7732,0.0004,0,0,Low
10,173,115,115,0,96.9982,0.0001,0,0,Low
10,174,114,114,0,98.1008,0.0001,0,0,Low
10,175,113,113,0,98.2601,0.0001,0,0,Low
10,176,112,112,0,96.0516,0.0001,0,0,Low
10,177,111,111,0,95.7756,0.0002,0,0,Low
10,178,110,110,0,94.6636,0.0001,0,0,Low
10,179,109,109,0,94.1266,0.0,0,0,Low
10,180,108,108,0,97.5586,0.0,0,0,Low
10,181,107,107,0,97.1212,0.0,0,0,Low
10,182,106,106,0,100.4877,0.0,0,0,Low
10,183,105,105,0,99.8447,0.0001,0,0,Low
10,184,104,104,0,91.4094,0.0001,0,0,Low
10,185,103,103,0,94.2011,0.0001,0,0,Low
10,186,102,102,0,96.5059,0.0003,0,0,Low
10,187,101,101,0,94.5521,0.0022,0,0,Low
10,188,100,100,0,96.9591,0.0006,0,0,Low
10,189,99,99,0,98.4759,0.0111,0,0,Low
10,190,98,98,0,94.9949,0.0021,0,0,Low
10,191,97,97,0,99.6739,0.0017,0,0,Low
10,192,96,96,0,98.7631,0.0011,0,0,Low
11,15,165,125,0,120.4283,0.0002,0,0,Low
11,16,164,125,0,121.1199,0.0002,0,0,Low
11,17,163,125,0,121.9728,0.0003,0,0,Low
11,18,162,125,0,121.5807,0.0002,0,0,Low
11,19,161,125,0,123.0338,0.0004,0,0,Low
11,20,160,125,0,122.4147,0.0016,0,0,Low
11,21,159,125,0,121.5317,0.0009,0,0,Low
11,22,158,125,0,121.3459,0.0038,0,0,Low
11,23,157,125,0,121.1618,0.0013,0,0,Low
11,24,156,125,0,119.4959,0.0034,0,0,Low
11,25,155,125,0,120.7066,0.0045,0,1,Low
11,26,154,125,0,118.7213,0.0031,0,0,Low
11,27,153,125,0,120.0189,0.0017,0,0,Low
11,28,152,125,0,118.9877,0.0016,0,0,Low
11,29,151,125,0,118.5746,0.001,0,0,Low
11,30,150,125,0,116.9009,0.0007,0,0,Low
11,31,149,125,0,117.7833,0.0006,0,0,Low
11,32,148,125,0,113.9052,0.0066,0,0,Low
11,33,147,125,0,117.5665,0.0049,0,0,Low
11,34,146,125,0,115.9327,0.0038,0,0,Low
11,35,145,125,0,113.9956,0.0007,0,0,Low
11,36,144,125,0,116.3387,0.0006,0,0,Low
11,37,143,125,0,116.6702,0.0006,0,0,Low
11,38,142,125,0,116.9024,0.0005,0,0,Low
11,39,141,125,0,114.795,0.0014,0,0,Low
11,40,140,125,0,114.2748,0.0027,0,0,Low
11,41,139,125,0,114.9261,0.0022,0,0,Low
11,42,138,125,0,114.9521,0.0027,0,0,Low
11,43,137,125,0,114.9341,0.0015,0,0,Low
11,44,136,125,0,114.4333,0.0006,0,0,Low
11,45,135,125,0,115.0456,0.0005,0,0,Low
11,46,134,125,0,114.2411,0.0011,0,0,Low
11,47,133,125,0,114.0889,0.0006,0,0,Low
11,48,132,125,0,115.896,0.0021,0,0,Low
11,49,131,125,0,113.6201,0.0058,0,0,Low
11,50,130,125,0,111.4584,0.0216,0,0,Low
11,51,129,125,0,110.3968,0.0105,0,0,Low
11,52,128,125,0,111.1209,0.0105,0,0,Low
11,53,127,125,0,111.1073,0.0105,0,0,Low
11,54,126,125,0,109.5854,0.0065,0,0,Low
11,55,125,125,0,110.5281,0.0063,0,0,Low
11,56,124,124,0,110.2597,0.0031,0,0,Low
11,57,123,123,0,107.573,0.0056,0,1,Low
11,58,122,122,0,110.2812,0.0038,0,1,Low
11,59,121,121,0,108.178,0.0028,0,0,Low
11,60,120,120,0,108.0623,0.0089,0,1,Low
11,61,119,119,0,105.998,0.0058,0,1,Low
11,62,118,118,0,104.8654,0.0052,0,1,Low
11,63,117,117,0,103.8054,0.0047,0,1,Low
11,64,116,116,0,105.0087,0.0053,0,0,Low
11,65,115,115,0,106.4592,0.0008,0,0,Low
11,66,114,114,0,107.8754,0.0004,0,1,Low
11,67,113,113,0,107.3335,0.0001,0,0,Low
11,68,112,112,0,108.7034,0.0001,0,0,Low
11,69,111,111,0,107.0139,0.0003,0,0,Low
11,70,110,110,0,101.555,0.0012,0,1,Low
11,71,109,109,0,103.4846,0.0005,0,1,Low
11,72,108,108,0,108.0318,0.0015,0,0,Low
11,73,107,107,0,105.9519,0.0051,0,0,Low
11,74,106,106,0,97.7751,0.0037,0,0,Low
11,75,105,105,0,102.7843,0.006,0,1,Low
11,76,104,104,0,102.1796,0.004,0,0,Low
11,77,103,103,0,97.6749,0.0416,0,1,Low
11,78,102,102,0,93.613,0.0229,0,1,Low
11,79,101,101,0,96.3891,0.0083,0,1,Low
11,80,100,100,0,91.7102,0.0446,0,1,Low
11,81,99,99,0,91.3495,0.0166,0,1,Low
11,82,98,98,0,89.2633,0.0212,0,1,Low
11,83,97,97,0,92.0094,0.0497,0,1,Low
12,15,326,125,0,124.7864,0.0,0,0,Low
12,16,325,125,0,124.7793,0.0,0,0,Low
12,17,324,125,0,124.8528,0.0,0,0,Low
12,18,323,125,0,124.7854,0.0,0,0,Low
12,19,322,125,0,124.8914,0.0,0,0,Low
12,20,321,125,0,124.8595,0.0,0,0,Low
12,21,320,125,0,124.9265,0.0,0,0,Low
12,22,319,125,0,124.8776,0.0,0,0,Low
12,23,318,125,0,124.8211,0.0,0,0,Low
12,24,317,125,0,124.7406,0.0,0,0,Low
12,25,316,125,0,124.6589,0.0,0,0,Low
12,26,315,125,0,124.16,0.0,0,0,Low
12,27,314,125,0,123.9839,0.0,0,0,Low
12,28,313,125,0,123.208,0.0,0,0,Low
12,29,312,125,0,123.6186,0.0,0,0,Low
12,30,311,125,0,122.4082,0.0,0,0,Low
12,31,310,125,0,123.5293,0.0,0,0,Low
12,32,309,125,0,123.1919,0.0,0,0,Low
12,33,308,125,0,123.5029,0.0,0,0,Low
12,34,307,125,0,122.7924,0.0,0,0,Low
12,35,306,125,0,122.9065,0.0,0,0,Low
12,36,305,125,0,123.6674,0.0,0,0,Low
12,37,304,125,0,123.3534,0.0,0,0,Low
12,38,303,125,0,123.5781,0.0,0,0,Low
12,39,302,125,0,123.5985,0.0,0,0,Low
12,40,301,125,0,123.8707,0.0,0,0,Low
12,41,300,125,0,124.015,0.0,0,0,Low
12,42,299,125,0,124.0327,0.0,0,0,Low
12,43,298,125,0,124.5129,0.0,0,0,Low
12,44,297,125,0,123.7076,0.0,0,0,Low
12,45,296,125,0,123.7847,0.0,0,0,Low
12,46,295,125,0,123.9771,0.0,0,0,Low
12,47,294,125,0,124.1306,0.0,0,0,Low
12,48,293,125,0,123.9968,0.0,0,0,Low
12,49,292,125,0,123.187,0.0,0,0,Low
12,50,291,125,0,123.5248,0.0,0,0,Low
12,51,290,125,0,123.1234,0.0,0,0,Low
12,52,289,125,0,123.228,0.0,0,0,Low
12,53,288,125,0,123.0914,0.0,0,0,Low
12,54,287,125,0,123.5654,0.0,0,0,Low
12,55,286,125,0,123.8513,0.0,0,0,Low
12,56,285,125,0,123.7289,0.0,0,0,Low
12,57,284,125,0,123.3172,0.0,0,0,Low
12,58,283,125,0,122.0445,0.0,0,0,Low
12,59,282,125,0,121.5294,0.0,0,0,Low
12,60,281,125,0,121.8268,0.0,0,0,Low
12,61,280,125,0,123.9649,0.0,0,0,Low
12,62,279,125,0,123.9116,0.0,0,0,Low
12,63,278,125,0,123.8337,0.0,0,0,Low
12,64,277,125,0,122.8665,0.0,0,0,Low
12,65,276,125,0,123.5537,0.0,0,0,Low
12,66,275,125,0,123.1652,0.0,0,0,Low
12,67,274,125,0,123.7291,0.0,0,0,Low
12,68,273,125,0,122.8814,0.0,0,0,Low
12,69,272,125,0,122.4621,0.0,0,0,Low
12,70,271,125,0,122.4716,0.0,0,0,Low
12,71,270,125,0,121.1469,0.0,0,0,Low
12,72,269,125,0,118.655,0.0,0,0,Low
12,73,268,125,0,118.3862,0.0,0,0,Low
12,74,267,125,0,118.0555,0.0,0,0,Low
12,75,266,125,0,116.8343,0.0,0,0,Low
12,76,265,125,0,116.9075,0.0,0,0,Low
12,77,264,125,0,117.5494,0.0,0,0,Low
12,78,263,125,0,115.8089,0.0,0,0,Low
12,79,262,125,0,117.1165,0.0,0,0,Low
12,80,261,125,0,118.1054,0.0,0,0,Low
12,81,260,125,0,118.7969,0.0,0,0,Low
12,82,259,125,0,117.3092,0.0,0,0,Low
12,83,258,125,0,117.9794,0.0,0,0,Low
12,84,257,125,0,118.5316,0.0,0,0,Low
12,85,256,125,0,119.3206,0.0,0,0,Low
12,86,255,125,0,118.0281,0.0,0,0,Low
12,87,254,125,0,119.4222,0.0,0,0,Low
12,88,253,125,0,120.4345,0.0,0,0,Low
12,89,252,125,0,120.0047,0.0,0,0,Low
12,90,251,125,0,120.7634,0.0,0,0,Low
12,91,250,125,0,121.6107,0.0,0,0,Low
12,92,249,125,0,120.1165,0.0,0,0,Low
12,93,248,125,0,120.7893,0.0,0,0,Low
12,94,247,125,0,120.6625,0.0,0,0,Low
12,95,246,125,0,119.1238,0.0,0,0,Low
12,96,245,125,0,120.0441,0.0,0,0,Low
12,97,244,125,0,120.015,0.0,0,0,Low
12,98,243,125,0,117.4035,0.0,0,0,Low
12,99,242,125,0,117.3765,0.0,0,0,Low
12,100,241,125,0,115.29,0.0,0,0,Low
12,101,240,125,0,116.409,0.0,0,0,Low
12,102,239,125,0,115.4953,0.0,0,0,Low
12,103,238,125,0,114.5736,0.0,0,0,Low
12,104,237,125,0,112.8649,0.0,0,0,Low
12,105,236,125,0,113.932,0.0,0,0,Low
12,106,235,125,0,114.5033,0.0,0,0,Low
12,107,234,125,0,116.4632,0.0,0,0,Low
12,108,233,125,0,118.3442,0.0,0,0,Low
12,109,232,125,0,118.6568,0.0,0,0,Low
12,110,231,125,0,119.7711,0.0,0,0,Low
12,111,230,125,0,118.7431,0.0,0,0,Low
12,112,229,125,0,121.1493,0.0,0,0,Low
12,113,228,125,0,118.7203,0.0,0,0,Low
12,114,227,125,0,119.8581,0.0,0,0,Low
12,115,226,125,0,118.5419,0.0,0,0,Low
12,116,225,125,0,120.0558,0.0,0,0,Low
12,117,224,125,0,119.9306,0.0,0,0,Low
12,118,223,125,0,121.374,0.0,0,0,Low
12,119,222,125,0,120.5491,0.0,0,0,Low
12,120,221,125,0,120.9925,0.0,0,0,Low
12,121,220,125,0,120.3065,0.0,0,0,Low
12,122,219,125,0,118.4464,0.0,0,0,Low
12,123,218,125,0,117.2179,0.0,0,0,Low
12,124,217,125,0,115.8055,0.0,0,0,Low
12,125,216,125,0,113.1812,0.0,0,0,Low
12,126,215,125,0,113.1013,0.0,0,0,Low
12,127,214,125,0,114.5043,0.0,0,0,Low
12,128,213,125,0,117.5362,0.0,0,0,Low
12,129,212,125,0,117.5879,0.0,0,0,Low
12,130,211,125,0,120.6008,0.0,0,0,Low
12,131,210,125,0,121.9883,0.0,0,0,Low
12,132,209,125,0,119.5798,0.0,0,0,Low
12,133,208,125,0,118.1449,0.0,0,0,Low
12,134,207,125,0,117.4854,0.0,0,0,Low
12,135,206,125,0,118.3215,0.0,0,0,Low
12,136,205,125,0,115.4564,0.0,0,0,Low
12,137,204,125,0,116.0191,0.0,0,0,Low
12,138,203,125,0,116.1472,0.0,0,0,Low
12,139,202,125,0,112.5124,0.0,0,0,Low
12,140,201,125,0,117.0817,0.0,0,0,Low
12,141,200,125,0,117.6418,0.0,0,0,Low
12,142,199,125,0,117.4156,0.0,0,0,Low
12,143,198,125,0,112.7891,0.0,0,0,Low
12,144,197,125,0,110.5041,0.0,0,0,Low
12,145,196,125,0,107.2228,0.0,0,0,Low
12,146,195,125,0,103.7094,0.0,0,0,Low
12,147,194,125,0,104.3131,0.0,0,0,Low
12,148,193,125,0,103.3281,0.0,0,0,Low
12,149,192,125,0,103.623,0.0,0,0,Low
12,150,191,125,0,101.0994,0.0,0,0,Low
12,151,190,125,0,101.4743,0.0,0,0,Low
12,152,189,125,0,100.7278,0.0,0,0,Low
12,153,188,125,0,102.6852,0.0,0,0,Low
12,154,187,125,0,103.1538,0.0,0,0,Low
12,155,186,125,0,104.7156,0.0,0,0,Low
12,156,185,125,0,107.3028,0.0,0,0,Low
12,157,184,125,0,108.949,0.0,0,0,Low
12,158,183,125,0,106.6249,0.0,0,0,Low
12,159,182,125,0,107.9469,0.0,0,0,Low
12,160,181,125,0,107.4859,0.0,0,0,Low
12,161,180,125,0,104.7147,0.0,0,0,Low
12,162,179,125,0,102.0702,0.0,0,0,Low
12,163,178,125,0,102.8681,0.0,0,0,Low
12,164,177,125,0,102.0754,0.0,0,0,Low
12,165,176,125,0,103.1521,0.0,0,0,Low
12,166,175,125,0,101.9344,0.0,0,0,Low
12,167,174,125,0,104.2235,0.0,0,0,Low
12,168,173,125,0,102.1143,0.0,0,0,Low
12,169,172,125,0,109.7533,0.0,0,0,Low
12,170,171,125,0,107.413,0.0,0,0,Low
12,171,170,125,0,105.1927,0.0,0,0,Low
12,172,169,125,0,105.1876,0.0,0,0,Low
12,173,168,125,0,105.3759,0.0,0,0,Low
12,174,167,125,0,102.831,0.0,0,0,Low
12,175,166,125,0,103.5288,0.0,0,0,Low
12,176,165,125,0,103.2713,0.0,0,0,Low
12,177,164,125,0,105.0049,0.0,0,0,Low
12,178,163,125,0,106.3976,0.0,0,0,Low
12,179,162,125,0,105.8219,0.0,0,0,Low
12,180,161,125,0,104.2621,0.0,0,0,Low
12,181,160,125,0,103.491,0.0,0,0,Low
12,182,159,125,0,102.7827,0.0,0,0,Low
12,183,158,125,0,100.5446,0.0,0,0,Low
12,184,157,125,0,98.7381,0.0,0,0,Low
12,185,156,125,0,98.0301,0.0,0,0,Low
12,186,155,125,0,99.977,0.0,0,0,Low
12,187,154,125,0,99.9035,0.0,0,0,Low
12,188,153,125,0,101.7117,0.0,0,0,Low
12,189,152,125,0,101.2851,0.0,0,0,Low
12,190,151,125,0,100.326,0.0,0,0,Low
12,191,150,125,0,99.3788,0.0,0,0,Low
12,192,149,125,0,98.3384,0.0,0,0,Low
12,193,148,125,0,100.7741,0.0,0,0,Low
12,194,147,125,0,99.6577,0.0,0,0,Low
12,195,146,125,0,97.5181,0.0,0,0,Low
12,196,145,125,0,97.5775,0.0,0,0,Low
12,197,144,125,0,98.1459,0.0,0,0,Low
12,198,143,125,0,97.6763,0.0,0,0,Low
12,199,142,125,0,97.8595,0.0,0,0,Low
12,200,141,125,0,97.4894,0.0,0,0,Low
12,201,140,125,0,98.712,0.0,0,0,Low
12,202,139,125,0,98.4288,0.0,0,0,Low
12,203,138,125,0,96.5154,0.0,0,0,Low
12,204,137,125,0,100.6373,0.0,0,0,Low
12,205,136,125,0,98.2148,0.0,0,0,Low
12,206,135,125,0,98.1796,0.0,0,0,Low
12,207,134,125,0,101.8593,0.0,0,0,Low
12,208,133,125,0,99.2025,0.0,0,0,Low
12,209,132,125,0,98.8235,0.0,0,0,Low
12,210,131,125,0,101.3606,0.0,0,0,Low
12,211,130,125,0,105.7313,0.0,0,0,Low
12,212,129,125,0,102.364,0.0,0,0,Low
12,213,128,125,0,102.8009,0.0,0,0,Low
12,214,127,125,0,99.057,0.0,0,0,Low
12,215,126,125,0,99.0425,0.0,0,0,Low
12,216,125,125,0,98.329,0.0,0,0,Low
12,217,124,124,0,94.0338,0.0,0,0,Low
13,15,275,125,0,124.0229,0.0,0,0,Low
13,16,274,125,0,123.0024,0.0,0,0,Low
13,17,273,125,0,123.1451,0.0,0,0,Low
13,18,272,125,0,123.993,0.0,0,0,Low
13,19,271,125,0,124.5991,0.0,0,0,Low
13,20,270,125,0,124.2413,0.0,0,0,Low
13,21,269,125,0,124.0865,0.0,0,0,Low
13,22,268,125,0,123.9133,0.0,0,0,Low
13,23,267,125,0,123.9778,0.0,0,0,Low
13,24,266,125,0,124.0068,0.0,0,0,Low
13,25,265,125,0,124.0279,0.0,0,0,Low
13,26,264,125,0,124.4949,0.0,0,0,Low
13,27,263,125,0,124.5531,0.0,0,0,Low
13,28,262,125,0,124.5013,0.0,0,0,Low
13,29,261,125,0,124.6863,0.0,0,0,Low
13,30,260,125,0,124.5647,0.0,0,0,Low
13,31,259,125,0,124.8407,0.0,0,0,Low
13,32,258,125,0,124.8694,0.0,0,0,Low
13,33,257,125,0,124.7644,0.0,0,0,Low
13,34,256,125,0,124.6607,0.0,0,0,Low
13,35,255,125,0,124.7105,0.0,0,0,Low
13,36,254,125,0,124.627,0.0,0,0,Low
13,37,253,125,0,124.5477,0.0,0,0,Low
13,38,252,125,0,124.4207,0.0,0,0,Low
13,39,251,125,0,124.4127,0.0,0,0,Low
13,40,250,125,0,124.1749,0.0,0,0,Low
13,41,249,125,0,124.3767,0.0,0,0,Low
13,42,248,125,0,124.2814,0.0,0,0,Low
13,43,247,125,0,123.4109,0.0,0,0,Low
13,44,246,125,0,122.474,0.0,0,0,Low
13,45,245,125,0,122.447,0.0,0,0,Low
13,46,244,125,0,122.5102,0.0,0,0,Low
13,47,243,125,0,122.8266,0.0,0,0,Low
13,48,242,125,0,123.0193,0.0,0,0,Low
13,49,241,125,0,123.2499,0.0,0,0,Low
13,50,240,125,0,122.2957,0.0,0,0,Low
13,51,239,125,0,123.2422,0.0,0,0,Low
13,52,238,125,0,123.3036,0.0,0,0,Low
13,53,237,125,0,123.1153,0.0,0,0,Low
13,54,236,125,0,122.4867,0.0,0,0,Low
13,55,235,125,0,123.4288,0.0,0,0,Low
13,56,234,125,0,123.4836,0.0,0,0,Low
13,57,233,125,0,123.4981,0.0,0,0,Low
13,58,232,125,0,122.9791,0.0,0,0,Low
13,59,231,125,0,122.5734,0.0,0,0,Low
13,60,230,125,0,121.489,0.0,0,0,Low
13,61,229,125,0,122.3529,0.0,0,0,Low
13,62,228,125,0,120.7957,0.0,0,0,Low
13,63,227,125,0,120.5413,0.0,0,0,Low
13,64,226,125,0,122.392,0.0,0,0,Low
13,65,225,125,0,121.4568,0.0,0,0,Low
13,66,224,125,0,121.7728,0.0,0,0,Low
13,67,223,125,0,121.1168,0.0,0,0,Low
13,68,222,125,0,121.2255,0.0,0,0,Low
13,69,221,125,0,120.3237,0.0,0,0,Low
13,70,220,125,0,119.5078,0.0,0,0,Low
13,71,219,125,0,120.3123,0.0,0,0,Low
13,72,218,125,0,116.5043,0.0,0,0,Low
13,73,217,125,0,120.1484,0.0,0,0,Low
13,74,216,125,0,119.7894,0.0,0,0,Low
13,75,215,125,0,117.3791,0.0,0,0,Low
13,76,214,125,0,118.3749,0.0,0,0,Low
13,77,213,125,0,118.1305,0.0,0,0,Low
13,78,212,125,0,117.3637,0.0,0,0,Low
13,79,211,125,0,118.8207,0.0,0,0,Low
13,80,210,125,0,117.0794,0.0,0,0,Low
13,81,209,125,0,117.4264,0.0,0,0,Low
13,82,208,125,0,113.5913,0.0,0,0,Low
13,83,207,125,0,116.2746,0.0,0,0,Low
13,84,206,125,0,114.7838,0.0,0,0,Low
13,85,205,125,0,115.46,0.0,0,0,Low
13,86,204,125,0,115.6909,0.0,0,0,Low
13,87,203,125,0,115.7473,0.0,0,0,Low
13,88,202,125,0,115.0488,0.0,0,0,Low
13,89,201,125,0,116.4049,0.0,0,0,Low
13,90,200,125,0,114.7152,0.0,0,0,Low
13,91,199,125,0,115.0628,0.0,0,0,Low
13,92,198,125,0,113.6478,0.0,0,0,Low
13,93,197,125,0,113.1506,0.0,0,0,Low
13,94,196,125,0,113.4199,0.0,0,0,Low
13,95,195,125,0,113.6414,0.0,0,0,Low
13,96,194,125,0,113.9991,0.0,0,0,Low
13,97,193,125,0,112.8418,0.0,0,0,Low
13,98,192,125,0,114.6034,0.0,0,0,Low
13,99,191,125,0,115.0476,0.0,0,0,Low
13,100,190,125,0,116.0215,0.0,0,0,Low
13,101,189,125,0,113.8634,0.0,0,0,Low
13,102,188,125,0,107.4467,0.0,0,0,Low
13,103,187,125,0,107.4269,0.0,0,0,Low
13,104,186,125,0,108.4786,0.0,0,0,Low
13,105,185,125,0,110.5086,0.0,0,0,Low
13,106,184,125,0,109.9978,0.0,0,0,Low
13,107,183,125,0,108.8366,0.0,0,0,Low
13,108,182,125,0,112.0188,0.0,0,0,Low
13,109,181,125,0,110.8669,0.0,0,0,Low
13,110,180,125,0,112.2746,0.0,0,0,Low
13,111,179,125,0,113.5656,0.0,0,0,Low
13,112,178,125,0,111.7508,0.0,0,0,Low
13,113,177,125,0,108.3075,0.0,0,0,Low
13,114,176,125,0,110.1244,0.0,0,0,Low
13,115,175,125,0,107.8466,0.0,0,0,Low
13,116,174,125,0,108.0261,0.0,0,0,Low
13,117,173,125,0,110.0371,0.0,0,0,Low
13,118,172,125,0,107.6891,0.0,0,0,Low
13,119,171,125,0,108.9494,0.0,0,0,Low
13,120,170,125,0,107.6959,0.0,0,0,Low
13,121,169,125,0,106.1156,0.0,0,0,Low
13,122,168,125,0,101.3905,0.0,0,0,Low
13,123,167,125,0,103.2766,0.0,0,0,Low
13,124,166,125,0,102.5602,0.0,0,0,Low
13,125,165,125,0,101.9344,0.0,0,0,Low
13,126,164,125,0,100.9826,0.0,0,0,Low
13,127,163,125,0,97.9288,0.0,0,0,Low
13,128,162,125,0,101.0133,0.0,0,0,Low
13,129,161,125,0,102.9786,0.0,0,0,Low
13,130,160,125,0,103.0007,0.0,0,0,Low
13,131,159,125,0,103.7226,0.0,0,0,Low
13,132,158,125,0,102.743,0.0,0,0,Low
13,133,157,125,0,100.7834,0.0,0,0,Low
13,134,156,125,0,98.2851,0.0,0,0,Low
13,135,155,125,0,100.7022,0.0,0,0,Low
13,136,154,125,0,96.5184,0.0,0,0,Low
13,137,153,125,0,98.8932,0.0,0,0,Low
13,138,152,125,0,96.1557,0.0,0,0,Low
13,139,151,125,0,98.1832,0.0,0,0,Low
13,140,150,125,0,99.3281,0.0,0,0,Low
13,141,149,125,0,99.0271,0.0,0,0,Low
13,142,148,125,0,99.249,0.0,0,0,Low
13,143,147,125,0,99.7584,0.0,0,0,Low
13,144,146,125,0,98.9613,0.0,0,0,Low
13,145,145,125,0,99.0848,0.0,0,0,Low
13,146,144,125,0,93.3253,0.0,0,0,Low
13,147,143,125,0,97.5395,0.0,0,0,Low
13,148,142,125,0,98.6143,0.0,0,0,Low
13,149,141,125,0,98.6993,0.0,0,0,Low
13,150,140,125,0,100.644,0.0,0,0,Low
13,151,139,125,0,97.124,0.0,0,0,Low
13,152,138,125,0,99.7338,0.0,0,0,Low
13,153,137,125,0,98.907,0.0,0,0,Low
13,154,136,125,0,99.9714,0.0,0,0,Low
13,155,135,125,0,101.4182,0.0,0,0,Low
13,156,134,125,0,99.1654,0.0,0,0,Low
13,157,133,125,0,97.5178,0.0,0,0,Low
13,158,132,125,0,101.1632,0.0,0,0,Low
13,159,131,125,0,96.8621,0.0,0,0,Low
13,160,130,125,0,94.1615,0.0,0,0,Low
13,161,129,125,0,97.012,0.0,0,0,Low
13,162,128,125,0,98.9472,0.0,0,0,Low
13,163,127,125,0,99.7415,0.0,0,0,Low
13,164,126,125,0,98.655,0.0,0,0,Low
13,165,125,125,0,96.8084,0.0,0,0,Low
13,166,124,124,0,100.1709,0.0,0,0,Low
13,167,123,123,0,98.7528,0.0,0,0,Low
13,168,122,122,0,98.4915,0.0,0,0,Low
13,169,121,121,0,96.5697,0.0,0,0,Low
13,170,120,120,0,94.1726,0.0,0,0,Low
13,171,119,119,0,94.4636,0.0,0,0,Low
13,172,118,118,0,96.8325,0.0,0,0,Low
13,173,117,117,0,97.9045,0.0,0,0,Low
13,174,116,116,0,95.8935,0.0,0,0,Low
13,175,115,115,0,96.7097,0.0001,0,0,Low
13,176,114,114,0,95.358,0.0003,0,0,Low
13,177,113,113,0,97.2754,0.0001,0,0,Low
13,178,112,112,0,99.0551,0.0,0,0,Low
13,179,111,111,0,103.2547,0.0,0,0,Low
13,180,110,110,0,103.4968,0.0,0,0,Low
13,181,109,109,0,104.71,0.0,0,0,Low
13,182,108,108,0,103.7322,0.0,0,0,Low
13,183,107,107,0,101.7289,0.0,0,0,Low
13,184,106,106,0,104.0473,0.0,0,0,Low
13,185,105,105,0,105.0363,0.0,0,0,Low
13,186,104,104,0,101.9321,0.0,0,0,Low
13,187,103,103,0,104.3137,0.0,0,0,Low
13,188,102,102,0,101.8365,0.0,0,0,Low
13,189,101,101,0,102.7978,0.0001,0,0,Low
13,190,100,100,0,102.0806,0.0,0,0,Low
13,191,99,99,0,100.36,0.0,0,0,Low
13,192,98,98,0,97.0748,0.0,0,0,Low
13,193,97,97,0,98.0694,0.0,0,0,Low
13,194,96,96,0,98.4066,0.0002,0,0,Low
13,195,95,95,0,98.6002,0.0004,0,0,Low
14,15,138,125,0,118.3693,0.008,0,0,Low
14,16,137,125,0,118.2394,0.0034,0,0,Low
14,17,136,125,0,118.4374,0.0068,0,0,Low
14,18,135,125,0,117.0724,0.0146,0,0,Low
14,19,134,125,0,118.014,0.024,0,0,Low
14,20,133,125,0,118.6489,0.0062,0,0,Low
14,21,132,125,0,118.3033,0.0034,0,0,Low
14,22,131,125,0,119.1322,0.0038,0,0,Low
14,23,130,125,0,119.1984,0.0007,0,0,Low
14,24,129,125,0,118.4439,0.0012,0,0,Low
14,25,128,125,0,117.794,0.0005,0,0,Low
14,26,127,125,0,116.9079,0.0011,0,0,Low
14,27,126,125,0,115.9577,0.003,0,0,Low
14,28,125,125,0,117.3262,0.0005,0,0,Low
14,29,124,124,0,115.621,0.0112,0,1,Low
14,30,123,123,0,116.1124,0.0137,0,0,Low
14,31,122,122,0,116.1654,0.0541,0,1,Low
14,32,121,121,0,116.2273,0.0197,0,1,Low
14,33,120,120,0,114.8569,0.1319,0,0,Low
14,34,119,119,0,115.4917,0.0778,0,0,Low
14,35,118,118,0,117.3391,0.0818,0,0,Low
14,36,117,117,0,117.2517,0.0446,0,0,Low
14,37,116,116,0,116.9972,0.06,0,0,Low
14,38,115,115,0,116.6056,0.0221,0,0,Low
14,39,114,114,0,117.204,0.0041,0,0,Low
14,40,113,113,0,116.7043,0.0258,0,0,Low
14,41,112,112,0,117.0938,0.0172,0,0,Low
14,42,111,111,0,115.9492,0.0449,0,1,Low
14,43,110,110,0,115.3034,0.0017,0,0,Low
14,44,109,109,0,113.0816,0.0255,0,1,Low
14,45,108,108,0,113.8038,0.0073,0,1,Low
14,46,107,107,0,114.5631,0.0034,0,0,Low
15,15,144,125,0,121.7658,0.0,0,0,Low
15,16,143,125,0,122.6021,0.0,0,0,Low
15,17,142,125,0,122.608,0.0,0,0,Low
15,18,141,125,0,122.4829,0.0,0,0,Low
15,19,140,125,0,122.9614,0.0,0,0,Low
15,20,139,125,0,122.8821,0.0,0,0,Low
15,21,138,125,0,122.4807,0.0,0,0,Low
15,22,137,125,0,123.3692,0.0,0,0,Low
15,23,136,125,0,123.9988,0.0,0,0,Low
15,24,135,125,0,123.7827,0.0,0,0,Low
15,25,134,125,0,124.1955,0.0,0,0,Low
15,26,133,125,0,123.7294,0.0,0,0,Low
15,27,132,125,0,122.8613,0.0,0,0,Low
15,28,131,125,0,122.7705,0.0,0,0,Low
15,29,130,125,0,123.2739,0.0,0,0,Low
15,30,129,125,0,122.958,0.0,0,0,Low
15,31,128,125,0,122.6383,0.0,0,0,Low
15,32,127,125,0,122.5563,0.0,0,0,Low
15,33,126,125,0,123.367,0.0,0,0,Low
15,34,125,125,0,122.9886,0.0,0,0,Low
15,35,124,124,0,122.8982,0.0,0,0,Low
15,36,123,123,0,121.9076,0.0,0,0,Low
15,37,122,122,0,121.5853,0.0,0,0,Low
15,38,121,121,0,121.1306,0.0,0,0,Low
15,39,120,120,0,121.3719,0.0,0,0,Low
15,40,119,119,0,122.4818,0.0,0,0,Low
15,41,118,118,0,123.0026,0.0,0,0,Low
15,42,117,117,0,123.0253,0.0,0,0,Low
15,43,116,116,0,122.624,0.0,0,0,Low
15,44,115,115,0,122.2288,0.0,0,0,Low
15,45,114,114,0,121.4033,0.0,0,0,Low
15,46,113,113,0,120.4532,0.0,0,0,Low
15,47,112,112,0,120.6265,0.0,0,0,Low
15,48,111,111,0,119.8651,0.0,0,0,Low
15,49,110,110,0,119.0933,0.0,0,0,Low
15,50,109,109,0,119.2896,0.0,0,0,Low
15,51,108,108,0,119.9847,0.0,0,0,Low
15,52,107,107,0,118.8157,0.0,0,0,Low
15,53,106,106,0,118.6181,0.0,0,0,Low
15,54,105,105,0,118.8314,0.0,0,0,Low
15,55,104,104,0,117.631,0.0,0,0,Low
15,56,103,103,0,117.9779,0.0,0,0,Low
15,57,102,102,0,118.2621,0.0,0,0,Low
15,58,101,101,0,118.2682,0.0,0,0,Low
15,59,100,100,0,118.4415,0.0,0,0,Low
15,60,99,99,0,118.835,0.0,0,0,Low
15,61,98,98,0,119.0385,0.0,0,0,Low
15,62,97,97,0,117.7379,0.0,0,0,Low
15,63,96,96,0,117.9023,0.0,0,0,Low
15,64,95,95,0,117.717,0.0,0,0,Low
15,65,94,94,0,118.8689,0.0,0,0,Low
15,66,93,93,0,116.9963,0.0,0,0,Low
15,67,92,92,0,116.9943,0.0,0,0,Low
15,68,91,91,0,116.1663,0.0,0,0,Low
15,69,90,90,0,116.7394,0.0,0,0,Low
15,70,89,89,0,116.0168,0.0,0,0,Low
15,71,88,88,0,116.9581,0.0,0,0,Low
15,72,87,87,0,116.6463,0.0,0,0,Low
15,73,86,86,0,116.6015,0.0001,0,0,Low
15,74,85,85,0,115.7758,0.0,0,0,Low
15,75,84,84,0,114.7528,0.0002,0,0,Low
15,76,83,83,0,115.0445,0.0,0,0,Low
16,15,182,125,0,124.5239,0.0,0,0,Low
16,16,181,125,0,124.5083,0.0,0,0,Low
16,17,180,125,0,123.9574,0.0,0,0,Low
16,18,179,125,0,123.9559,0.0,0,0,Low
16,19,178,125,0,123.8814,0.0,0,0,Low
16,20,177,125,0,123.8644,0.0,0,0,Low
16,21,176,125,0,123.1842,0.0,0,0,Low
16,22,175,125,0,123.9835,0.0,0,0,Low
16,23,174,125,0,124.1181,0.0,0,0,Low
16,24,173,125,0,123.8476,0.0,0,0,Low
16,25,172,125,0,124.1479,0.0,0,0,Low
16,26,171,125,0,123.9853,0.0,0,0,Low
16,27,170,125,0,123.3395,0.0,0,0,Low
16,28,169,125,0,123.2679,0.0,0,0,Low
16,29,168,125,0,123.7401,0.0,0,0,Low
16,30,167,125,0,123.2208,0.0,0,0,Low
16,31,166,125,0,123.4213,0.0,0,0,Low
16,32,165,125,0,123.4238,0.0,0,0,Low
16,33,164,125,0,123.3418,0.0,0,0,Low
16,34,163,125,0,122.507,0.0,0,0,Low
16,35,162,125,0,121.8057,0.0,0,0,Low
16,36,161,125,0,122.0449,0.0,0,0,Low
16,37,160,125,0,121.2399,0.0,0,0,Low
16,38,159,125,0,121.5191,0.0,0,0,Low
16,39,158,125,0,122.0313,0.0,0,0,Low
16,40,157,125,0,122.468,0.0,0,0,Low
16,41,156,125,0,122.3966,0.0,0,0,Low
16,42,155,125,0,121.7912,0.0,0,0,Low
16,43,154,125,0,120.3041,0.0,0,0,Low
16,44,153,125,0,121.2214,0.0,0,0,Low
16,45,152,125,0,121.9351,0.0,0,0,Low
16,46,151,125,0,121.2526,0.0,0,0,Low
16,47,150,125,0,121.0272,0.0,0,0,Low
16,48,149,125,0,122.1621,0.0,0,0,Low
16,49,148,125,0,122.3026,0.0,0,0,Low
16,50,147,125,0,122.4142,0.0,0,0,Low
16,51,146,125,0,122.3127,0.0,0,0,Low
16,52,145,125,0,122.5379,0.0,0,0,Low
16,53,144,125,0,121.1527,0.0,0,0,Low
16,54,143,125,0,121.2809,0.0,0,0,Low
16,55,142,125,0,121.5893,0.0,0,0,Low
16,56,141,125,0,120.0304,0.0,0,0,Low
16,57,140,125,0,120.6645,0.0,0,0,Low
16,58,139,125,0,121.4093,0.0,0,0,Low
16,59,138,125,0,122.3345,0.0,0,0,Low
16,60,137,125,0,122.3628,0.0,0,0,Low
16,61,136,125,0,122.1717,0.0,0,0,Low
16,62,135,125,0,121.7663,0.0,0,0,Low
16,63,134,125,0,122.5601,0.0,0,0,Low
16,64,133,125,0,123.3008,0.0,0,0,Low
16,65,132,125,0,122.4664,0.0,0,0,Low
16,66,131,125,0,121.7696,0.0,0,0,Low
16,67,130,125,0,120.668,0.0,0,0,Low
16,68,129,125,0,121.2451,0.0,0,0,Low
16,69,128,125,0,119.4998,0.0,0,0,Low
16,70,127,125,0,120.6075,0.0,0,0,Low
16,71,126,125,0,120.2557,0.0,0,0,Low
16,72,125,125,0,120.2196,0.0,0,0,Low
16,73,124,124,0,119.0102,0.0,0,0,Low
16,74,123,123,0,119.034,0.0,0,0,Low
16,75,122,122,0,119.339,0.0,0,0,Low
16,76,121,121,0,119.1168,0.0,0,0,Low
16,77,120,120,0,118.962,0.0,0,0,Low
16,78,119,119,0,120.1916,0.0,0,0,Low
16,79,118,118,0,118.5842,0.0,0,0,Low
16,80,117,117,0,118.502,0.0,0,0,Low
16,81,116,116,0,119.2422,0.0,0,0,Low
16,82,115,115,0,118.7156,0.0,0,0,Low
16,83,114,114,0,117.4735,0.0,0,0,Low
16,84,113,113,0,117.4629,0.0,0,0,Low
16,85,112,112,0,119.0738,0.0,0,0,Low
16,86,111,111,0,120.5822,0.0,0,0,Low
16,87,110,110,0,120.2357,0.0,0,0,Low
16,88,109,109,0,117.5794,0.0,0,0,Low
16,89,108,108,0,118.2825,0.0,0,0,Low
16,90,107,107,0,116.7123,0.0,0,0,Low
16,91,106,106,0,114.9911,0.0,0,0,Low
16,92,105,105,0,113.9677,0.0,0,0,Low
16,93,104,104,0,110.4627,0.0,0,0,Low
16,94,103,103,0,110.6292,0.0,0,0,Low
16,95,102,102,0,111.3972,0.0,0,0,Low
16,96,101,101,0,109.2182,0.0,0,0,Low
16,97,100,100,0,110.3025,0.0,0,0,Low
16,98,99,99,0,106.0766,0.0,0,0,Low
16,99,98,98,0,108.7345,0.0,0,0,Low
16,100,97,97,0,106.7885,0.0,0,0,Low
16,101,96,96,0,103.6004,0.0,0,0,Low
16,102,95,95,0,103.6716,0.0,0,0,Low
16,103,94,94,0,102.7204,0.0,0,0,Low
16,104,93,93,0,102.3402,0.0,0,0,Low
16,105,92,92,0,103.8916,0.0,0,0,Low
16,106,91,91,0,109.0021,0.0,0,0,Low
16,107,90,90,0,103.7913,0.0,0,0,Low
16,108,89,89,0,100.2444,0.0,0,0,Low
16,109,88,88,0,103.2683,0.0,0,0,Low
16,110,87,87,0,97.0931,0.0,0,0,Low
16,111,86,86,0,94.7974,0.0,0,0,Low
16,112,85,85,0,94.3334,0.0,0,0,Low
16,113,84,84,0,94.8822,0.0,0,0,Low
17,15,200,125,0,123.6353,0.0,0,0,Low
17,16,199,125,0,123.6842,0.0,0,0,Low
17,17,198,125,0,123.3544,0.0,0,0,Low
17,18,197,125,0,123.5342,0.0,0,0,Low
17,19,196,125,0,123.7129,0.0,0,0,Low
17,20,195,125,0,122.6785,0.0,0,0,Low
17,21,194,125,0,123.0762,0.0,0,0,Low
17,22,193,125,0,123.6555,0.0,0,0,Low
17,23,192,125,0,122.5386,0.0,0,0,Low
17,24,191,125,0,121.9049,0.0,0,0,Low
17,25,190,125,0,122.9477,0.0,0,0,Low
17,26,189,125,0,123.4651,0.0,0,0,Low
17,27,188,125,0,123.8526,0.0,0,0,Low
17,28,187,125,0,123.3498,0.0,0,0,Low
17,29,186,125,0,123.5463,0.0,0,0,Low
17,30,185,125,0,121.7954,0.0,0,0,Low
17,31,184,125,0,123.0066,0.0,0,0,Low
17,32,183,125,0,123.628,0.0,0,0,Low
17,33,182,125,0,123.4677,0.0,0,0,Low
17,34,181,125,0,123.1685,0.0,0,0,Low
17,35,180,125,0,122.4143,0.0,0,0,Low
17,36,179,125,0,123.21,0.0,0,0,Low
17,37,178,125,0,123.4561,0.0,0,0,Low
17,38,177,125,0,124.0456,0.0,0,0,Low
17,39,176,125,0,123.6073,0.0,0,0,Low
17,40,175,125,0,122.3068,0.0,0,0,Low
17,41,174,125,0,122.2921,0.0,0,0,Low
17,42,173,125,0,121.4979,0.0,0,0,Low
17,43,172,125,0,121.8897,0.0,0,0,Low
17,44,171,125,0,121.4417,0.0,0,0,Low
17,45,170,125,0,121.599,0.0,0,0,Low
17,46,169,125,0,121.4552,0.0,0,0,Low
17,47,168,125,0,121.203,0.0,0,0,Low
17,48,167,125,0,119.4264,0.0,0,0,Low
17,49,166,125,0,117.7148,0.0,0,0,Low
17,50,165,125,0,119.7682,0.0,0,0,Low
17,51,164,125,0,119.8224,0.0,0,0,Low
17,52,163,125,0,118.5979,0.0,0,0,Low
17,53,162,125,0,118.7765,0.0,0,0,Low
17,54,161,125,0,117.6996,0.0,0,0,Low
17,55,160,125,0,117.3433,0.0,0,0,Low
17,56,159,125,0,118.2885,0.0,0,0,Low
17,57,158,125,0,116.6186,0.0,0,0,Low
17,58,157,125,0,118.6719,0.0,0,0,Low
17,59,156,125,0,118.1054,0.0,0,0,Low
17,60,155,125,0,118.4495,0.0,0,0,Low
17,61,154,125,0,116.8564,0.0,0,0,Low
17,62,153,125,0,118.2891,0.0,0,0,Low
17,63,152,125,0,116.7989,0.0,0,0,Low
17,64,151,125,0,118.083,0.0,0,0,Low
17,65,150,125,0,118.3645,0.0,0,0,Low
17,66,149,125,0,115.6781,0.0,0,0,Low
17,67,148,125,0,114.9904,0.0,0,0,Low
17,68,147,125,0,115.1779,0.0,0,0,Low
17,69,146,125,0,113.5473,0.0,0,0,Low
17,70,145,125,0,113.0446,0.0,0,0,Low
17,71,144,125,0,113.5931,0.0,0,0,Low
17,72,143,125,0,114.1878,0.0,0,0,Low
17,73,142,125,0,114.0108,0.0,0,0,Low
17,74,141,125,0,114.3482,0.0,0,0,Low
17,75,140,125,0,111.5871,0.0001,0,0,Low
17,76,139,125,0,112.422,0.0002,0,0,Low
17,77,138,125,0,111.4369,0.0,0,0,Low
17,78,137,125,0,112.4655,0.0,0,0,Low
17,79,136,125,0,111.3388,0.0,0,0,Low
17,80,135,125,0,108.127,0.0,0,0,Low
17,81,134,125,0,109.0328,0.0,0,0,Low
17,82,133,125,0,107.7357,0.0,0,0,Low
17,83,132,125,0,108.3424,0.0,0,0,Low
17,84,131,125,0,108.2067,0.0,0,0,Low
17,85,130,125,0,106.3181,0.0,0,0,Low
17,86,129,125,0,107.6335,0.0,0,0,Low
17,87,128,125,0,108.2858,0.0,0,0,Low
17,88,127,125,0,109.579,0.0,0,0,Low
17,89,126,125,0,110.6576,0.0,0,0,Low
17,90,125,125,0,112.6497,0.0,0,0,Low
17,91,124,124,0,112.1148,0.0,0,0,Low
17,92,123,123,0,112.4785,0.0,0,0,Low
17,93,122,122,0,110.8124,0.0,0,0,Low
17,94,121,121,0,111.1079,0.0,0,0,Low
17,95,120,120,0,112.987,0.0,0,0,Low
17,96,119,119,0,114.5265,0.0,0,0,Low
17,97,118,118,0,110.0093,0.0,0,0,Low
17,98,117,117,0,107.5843,0.0,0,0,Low
17,99,116,116,0,106.3379,0.0,0,0,Low
17,100,115,115,0,100.3239,0.0,0,0,Low
17,101,114,114,0,94.3944,0.0,0,0,Low
17,102,113,113,0,96.1115,0.0,0,0,Low
17,103,112,112,0,91.0682,0.0,0,0,Low
17,104,111,111,0,96.7233,0.0,0,0,Low
17,105,110,110,0,95.5341,0.0,0,0,Low
17,106,109,109,0,93.696,0.0,0,0,Low
17,107,108,108,0,85.6721,0.0,0,0,Low
17,108,107,107,0,86.168,0.0002,0,0,Low
17,109,106,106,0,85.3301,0.0001,0,0,Low
17,110,105,105,0,85.8592,0.0003,0,0,Low
17,111,104,104,0,87.3571,0.0003,0,0,Low
17,112,103,103,0,89.4071,0.0002,0,0,Low
17,113,102,102,0,92.8252,0.0,0,0,Low
17,114,101,101,0,95.6889,0.0,0,0,Low
17,115,100,100,0,94.0429,0.0,0,0,Low
17,116,99,99,0,88.3953,0.0,0,0,Low
17,117,98,98,0,84.3566,0.0,0,0,Low
17,118,97,97,0,84.0158,0.0,0,0,Low
17,119,96,96,0,80.4641,0.0,0,0,Low
17,120,95,95,0,79.5346,0.0003,0,0,Low
17,121,94,94,0,76.4452,0.0001,0,0,Low
17,122,93,93,0,76.993,0.0004,0,0,Low
17,123,92,92,0,80.484,0.0003,0,0,Low
17,124,91,91,0,78.4279,0.0001,0,0,Low
17,125,90,90,0,76.2303,0.0,0,0,Low
17,126,89,89,0,75.6602,0.0002,0,0,Low
17,127,88,88,0,83.7878,0.0001,0,0,Low
17,128,87,87,0,79.8127,0.0,0,0,Low
17,129,86,86,0,80.5761,0.0001,0,0,Low
17,130,85,85,0,80.8973,0.0,0,0,Low
17,131,84,84,0,80.0631,0.0,0,0,Low
17,132,83,83,0,75.6898,0.0,0,0,Low
17,133,82,82,0,72.7189,0.0,0,0,Low
17,134,81,81,0,72.1351,0.0,0,0,Low
17,135,80,80,0,72.7749,0.0,0,0,Low
17,136,79,79,0,70.1456,0.0,0,0,Low
17,137,78,78,0,71.7792,0.0,0,0,Low
17,138,77,77,0,70.4764,0.0,0,0,Low
17,139,76,76,0,69.0259,0.0001,0,0,Low
17,140,75,75,0,69.7732,0.0,0,0,Low
17,141,74,74,0,67.984,0.0001,0,0,Low
17,142,73,73,0,67.2977,0.0,0,0,Low
17,143,72,72,0,67.1516,0.0001,0,0,Low
17,144,71,71,0,68.6828,0.0001,0,0,Low
17,145,70,70,0,68.2464,0.0,0,0,Low
17,146,69,69,0,68.8554,0.0001,0,0,Low
17,147,68,68,0,69.5267,0.0001,0,0,Low
17,148,67,67,0,66.1339,0.0003,0,0,Low
17,149,66,66,0,65.6049,0.0001,0,0,Low
17,150,65,65,0,65.9028,0.0004,0,0,Low
17,151,64,64,0,65.5141,0.0012,0,0,Low
17,152,63,63,0,65.1934,0.0207,0,0,Low
17,153,62,62,0,62.2219,0.007,0,0,Low
17,154,61,61,0,62.1312,0.0089,0,0,Low
17,155,60,60,0,58.7197,0.0342,0,0,Low
17,156,59,59,0,58.4168,0.0215,0,0,Low
17,157,58,58,0,55.8333,0.0032,0,0,Low
17,158,57,57,0,55.055,0.0182,0,0,Low
17,159,56,56,0,55.6633,0.0281,0,0,Low
17,160,55,55,0,54.086,0.0077,0,0,Low
17,161,54,54,0,55.1836,0.0104,0,0,Low
17,162,53,53,0,54.5871,0.0033,0,0,Low
17,163,52,52,0,51.6005,0.0083,0,1,Low
17,164,51,51,0,52.2347,0.0009,0,0,Low
17,165,50,50,0,50.5079,0.0008,0,0,Low
18,15,146,125,0,123.8288,0.0,0,0,Low
18,16,145,125,0,123.9995,0.0,0,0,Low
18,17,144,125,0,123.8916,0.0,0,0,Low
18,18,143,125,0,123.3604,0.0,0,0,Low
18,19,142,125,0,123.7603,0.0,0,0,Low
18,20,141,125,0,123.7537,0.0,0,0,Low
18,21,140,125,0,123.0294,0.0,0,0,Low
18,22,139,125,0,123.169,0.0,0,0,Low
18,23,138,125,0,122.8041,0.0,0,0,Low
18,24,137,125,0,123.7004,0.0,0,0,Low
18,25,136,125,0,123.2843,0.0,0,0,Low
18,26,135,125,0,123.1397,0.0,0,0,Low
18,27,134,125,0,123.0134,0.0,0,0,Low
18,28,133,125,0,122.646,0.0,0,0,Low
18,29,132,125,0,123.0702,0.0,0,0,Low
18,30,131,125,0,122.5876,0.0,0,0,Low
18,31,130,125,0,122.9236,0.0,0,0,Low
18,32,129,125,0,123.1219,0.0,0,0,Low
18,33,128,125,0,122.8758,0.0,0,0,Low
18,34,127,125,0,123.0152,0.0,0,0,Low
18,35,126,125,0,122.6451,0.0001,0,0,Low
18,36,125,125,0,122.933,0.0,0,0,Low
18,37,124,124,0,121.8641,0.0,0,0,Low
18,38,123,123,0,122.7896,0.0,0,0,Low
18,39,122,122,0,121.8765,0.0,0,0,Low
18,40,121,121,0,122.5673,0.0,0,0,Low
18,41,120,120,0,122.2184,0.0,0,0,Low
18,42,119,119,0,119.9284,0.0,0,0,Low
18,43,118,118,0,120.5191,0.0,0,0,Low
18,44,117,117,0,119.8163,0.0,0,0,Low
18,45,116,116,0,120.3058,0.0,0,0,Low
18,46,115,115,0,119.2729,0.0,0,0,Low
18,47,114,114,0,119.6215,0.0,0,0,Low
18,48,113,113,0,119.9697,0.0,0,0,Low
18,49,112,112,0,119.8662,0.0,0,0,Low
18,50,111,111,0,119.4421,0.0,0,0,Low
18,51,110,110,0,119.145,0.0,0,0,Low
18,52,109,109,0,119.3183,0.0,0,0,Low
18,53,108,108,0,118.6487,0.0,0,0,Low
18,54,107,107,0,118.2791,0.0,0,0,Low
18,55,106,106,0,118.5862,0.0,0,0,Low
18,56,105,105,0,118.8978,0.0,0,0,Low
18,57,104,104,0,119.4287,0.0,0,0,Low
18,58,103,103,0,118.2065,0.0,0,0,Low
18,59,102,102,0,117.4946,0.0,0,0,Low
18,60,101,101,0,115.7303,0.0,0,0,Low
18,61,100,100,0,114.8872,0.0,0,0,Low
18,62,99,99,0,115.7562,0.0,0,0,Low
18,63,98,98,0,114.2027,0.0,0,0,Low
18,64,97,97,0,113.8262,0.0,0,0,Low
18,65,96,96,0,113.4001,0.0,0,0,Low
18,66,95,95,0,113.6192,0.0,0,0,Low
18,67,94,94,0,114.4576,0.0,0,0,Low
18,68,93,93,0,114.0356,0.0,0,0,Low
18,69,92,92,0,113.5719,0.0,0,0,Low
18,70,91,91,0,112.3698,0.0,0,0,Low
18,71,90,90,0,112.4472,0.0,0,0,Low
18,72,89,89,0,111.747,0.0,0,0,Low
18,73,88,88,0,113.5227,0.0,0,0,Low
18,74,87,87,0,113.804,0.0,0,0,Low
18,75,86,86,0,114.5267,0.0,0,0,Low
18,76,85,85,0,115.0355,0.0,0,0,Low
18,77,84,84,0,113.5967,0.0,0,0,Low
18,78,83,83,0,111.6341,0.0,0,0,Low
18,79,82,82,0,113.9297,0.0001,0,0,Low
18,80,81,81,0,110.5809,0.0004,0,0,Low
18,81,80,80,0,109.8014,0.0004,0,0,Low
18,82,79,79,0,109.4556,0.0004,0,0,Low
18,83,78,78,0,108.6825,0.0019,0,0,Low
18,84,77,77,0,106.5252,0.0006,0,0,Low
18,85,76,76,0,105.4933,0.0007,0,0,Low
18,86,75,75,0,104.3754,0.0003,0,0,Low
18,87,74,74,0,99.2075,0.0001,0,0,Low
18,88,73,73,0,100.0947,0.0001,0,0,Low
18,89,72,72,0,98.2458,0.0,0,0,Low
18,90,71,71,0,92.4044,0.0,0,0,Low
18,91,70,70,0,90.8956,0.0002,0,0,Low
18,92,69,69,0,91.2409,0.0,0,0,Low
18,93,68,68,0,91.5465,0.0,0,0,Low
18,94,67,67,0,90.7327,0.0,0,0,Low
18,95,66,66,0,89.1575,0.0,0,0,Low
18,96,65,65,0,88.38,0.0,0,0,Low
18,97,64,64,0,87.1283,0.0,0,0,Low
18,98,63,63,0,85.1507,0.0001,0,0,Low
18,99,62,62,0,88.4671,0.0,0,0,Low
18,100,61,61,0,87.9568,0.0,0,0,Low
18,101,60,60,0,89.8689,0.0,0,0,Low
18,102,59,59,0,87.1164,0.0,0,0,Low
18,103,58,58,0,89.4266,0.0001,0,0,Low
18,104,57,57,0,88.4958,0.0001,0,0,Low
18,105,56,56,0,91.1459,0.0001,0,0,Low
18,106,55,55,0,91.7663,0.0008,0,0,Low
18,107,54,54,0,92.5778,0.0001,0,0,Low
18,108,53,53,0,95.3602,0.0004,0,0,Low
18,109,52,52,0,92.7473,0.0003,0,0,Low
18,110,51,51,0,99.9828,0.0008,0,0,Low
18,111,50,50,0,101.7842,0.0001,0,0,Low
18,112,49,49,0,93.7672,0.0003,0,0,Low
18,113,48,48,0,90.7865,0.0081,0,0,Low
18,114,47,47,0,88.8743,0.002,0,0,Low
18,115,46,46,0,95.4135,0.0012,0,0,Low
18,116,45,45,0,95.067,0.0034,0,0,Low
18,117,44,44,0,92.762,0.0301,0,0,Low
18,118,43,43,0,93.5671,0.0133,0,0,Low
18,119,42,42,0,93.029,0.0401,0,0,Low
18,120,41,41,0,84.7206,0.1553,0,0,Low
18,121,40,40,0,82.7682,0.6294,0,0,Elevated
18,122,39,39,0,85.3019,0.5357,0,0,Elevated
18,123,38,38,0,81.6674,0.2781,0,0,Low
18,124,37,37,0,81.1492,0.6252,0,0,Elevated
18,125,36,36,0,81.3419,0.48,0,0,Elevated
18,126,35,35,0,79.3449,0.8154,1,0,High
18,127,34,34,0,77.0336,0.5163,0,0,Elevated
18,128,33,33,0,81.5168,0.692,0,0,Elevated
18,129,32,32,0,74.1839,0.7075,0,1,Elevated
18,130,31,31,0,73.7679,0.3651,0,1,Low
18,131,30,30,1,70.0594,0.0314,0,1,Low
18,132,29,29,1,73.012,0.1649,0,1,Low
18,133,28,28,1,69.062,0.1207,0,1,Low
19,15,207,125,0,123.0449,0.0,0,0,Low
19,16,206,125,0,122.4585,0.0,0,0,Low
19,17,205,125,0,121.9057,0.0,0,0,Low
19,18,204,125,0,122.3353,0.0,0,0,Low
19,19,203,125,0,122.2561,0.0,0,0,Low
19,20,202,125,0,122.7245,0.0,0,0,Low
19,21,201,125,0,122.7948,0.0,0,0,Low
19,22,200,125,0,123.364,0.0,0,0,Low
19,23,199,125,0,123.2682,0.0,0,0,Low
19,24,198,125,0,122.9983,0.0001,0,0,Low
19,25,197,125,0,123.0194,0.0001,0,0,Low
19,26,196,125,0,122.4301,0.0001,0,0,Low
19,27,195,125,0,122.3883,0.0,0,0,Low
19,28,194,125,0,122.2451,0.0,0,0,Low
19,29,193,125,0,122.3429,0.0,0,0,Low
19,30,192,125,0,122.7087,0.0,0,0,Low
19,31,191,125,0,123.772,0.0,0,0,Low
19,32,190,125,0,123.3944,0.0,0,0,Low
19,33,189,125,0,123.2188,0.0,0,0,Low
19,34,188,125,0,123.2665,0.0,0,0,Low
19,35,187,125,0,122.5533,0.0,0,0,Low
19,36,186,125,0,123.0414,0.0,0,0,Low
19,37,185,125,0,123.18,0.0,0,0,Low
19,38,184,125,0,123.4469,0.0,0,0,Low
19,39,183,125,0,122.9118,0.0,0,0,Low
19,40,182,125,0,122.4439,0.0,0,0,Low
19,41,181,125,0,122.6945,0.0,0,0,Low
19,42,180,125,0,123.0986,0.0,0,0,Low
19,43,179,125,0,122.9086,0.0,0,0,Low
19,44,178,125,0,123.0361,0.0,0,0,Low
19,45,177,125,0,122.0402,0.0,0,0,Low
19,46,176,125,0,122.1354,0.0,0,0,Low
19,47,175,125,0,122.6593,0.0,0,0,Low
19,48,174,125,0,121.7136,0.0,0,0,Low
19,49,173,125,0,121.5292,0.0,0,0,Low
19,50,172,125,0,122.2465,0.0,0,0,Low
19,51,171,125,0,120.9825,0.0,0,0,Low
19,52,170,125,0,122.7253,0.0,0,0,Low
19,53,169,125,0,123.2169,0.0,0,0,Low
19,54,168,125,0,123.6652,0.0,0,0,Low
19,55,167,125,0,123.8876,0.0,0,0,Low
19,56,166,125,0,123.9906,0.0,0,0,Low
19,57,165,125,0,123.885,0.0,0,0,Low
19,58,164,125,0,123.2683,0.0,0,0,Low
19,59,163,125,0,122.9308,0.0,0,0,Low
19,60,162,125,0,123.5404,0.0,0,0,Low
19,61,161,125,0,123.8414,0.0,0,0,Low
19,62,160,125,0,123.9699,0.0,0,0,Low
19,63,159,125,0,122.9597,0.0,0,0,Low
19,64,158,125,0,123.3274,0.0,0,0,Low
19,65,157,125,0,122.8791,0.0,0,0,Low
19,66,156,125,0,120.3162,0.0,0,0,Low
19,67,155,125,0,117.2058,0.0,0,0,Low
19,68,154,125,0,116.6561,0.0,0,0,Low
19,69,153,125,0,114.3038,0.0,0,0,Low
19,70,152,125,0,113.876,0.0,0,0,Low
19,71,151,125,0,115.4229,0.0,0,0,Low
19,72,150,125,0,116.7119,0.0,0,0,Low
19,73,149,125,0,115.5416,0.0,0,0,Low
19,74,148,125,0,114.8825,0.0,0,0,Low
19,75,147,125,0,115.8402,0.0,0,0,Low
19,76,146,125,0,112.2949,0.0,0,0,Low
19,77,145,125,0,111.5872,0.0,0,0,Low
19,78,144,125,0,111.9247,0.0,0,0,Low
19,79,143,125,0,111.5229,0.0,0,0,Low
19,80,142,125,0,110.8308,0.0,0,0,Low
19,81,141,125,0,111.6144,0.0,0,0,Low
19,82,140,125,0,113.1961,0.0,0,0,Low
19,83,139,125,0,114.3752,0.0,0,0,Low
19,84,138,125,0,112.9379,0.0,0,0,Low
19,85,137,125,0,108.5205,0.0,0,0,Low
19,86,136,125,0,111.8729,0.0,0,0,Low
19,87,135,125,0,110.6451,0.0001,0,0,Low
19,88,134,125,0,110.1239,0.0,0,0,Low
19,89,133,125,0,113.2408,0.0,0,0,Low
19,90,132,125,0,111.4411,0.0,0,0,Low
19,91,131,125,0,111.1242,0.0,0,0,Low
19,92,130,125,0,110.2762,0.0,0,0,Low
19,93,129,125,0,109.8642,0.0,0,0,Low
19,94,128,125,0,109.2894,0.0,0,0,Low
19,95,127,125,0,110.9885,0.0,0,0,Low
19,96,126,125,0,109.1891,0.0,0,0,Low
19,97,125,125,0,111.0654,0.0,0,0,Low
19,98,124,124,0,111.4677,0.0,0,0,Low
19,99,123,123,0,110.8187,0.0,0,0,Low
19,100,122,122,0,112.2888,0.0,0,0,Low
19,101,121,121,0,113.3849,0.0,0,0,Low
19,102,120,120,0,109.5928,0.0,0,0,Low
19,103,119,119,0,112.7683,0.0,0,0,Low
19,104,118,118,0,107.5236,0.0,0,0,Low
19,105,117,117,0,109.2066,0.0,0,0,Low
19,106,116,116,0,104.1021,0.0,0,0,Low
19,107,115,115,0,108.5171,0.0001,0,0,Low
19,108,114,114,0,108.03,0.0,0,0,Low
19,109,113,113,0,109.7727,0.0,0,0,Low
19,110,112,112,0,105.5292,0.0,0,0,Low
19,111,111,111,0,105.7724,0.0003,0,0,Low
19,112,110,110,0,106.373,0.0,0,0,Low
19,113,109,109,0,107.9649,0.0,0,0,Low
19,114,108,108,0,107.7859,0.0,0,0,Low
19,115,107,107,0,106.1685,0.0001,0,0,Low
19,116,106,106,0,107.83,0.0001,0,0,Low
19,117,105,105,0,104.4143,0.0,0,0,Low
19,118,104,104,0,102.7102,0.0,0,0,Low
19,119,103,103,0,104.4666,0.0,0,0,Low
19,120,102,102,0,101.3002,0.0,0,0,Low
19,121,101,101,0,98.4107,0.0,0,0,Low
19,122,100,100,0,100.1476,0.0,0,0,Low
19,123,99,99,0,100.2253,0.0,0,0,Low
19,124,98,98,0,97.9436,0.0,0,0,Low
19,125,97,97,0,97.6529,0.0,0,0,Low
19,126,96,96,0,99.7873,0.0,0,0,Low
19,127,95,95,0,98.339,0.0,0,0,Low
19,128,94,94,0,95.8438,0.0,0,0,Low
19,129,93,93,0,97.442,0.0001,0,0,Low
19,130,92,92,0,97.8432,0.0,0,0,Low
19,131,91,91,0,96.35,0.0,0,0,Low
19,132,90,90,0,94.7364,0.0,0,0,Low
19,133,89,89,0,96.5847,0.0001,0,0,Low
19,134,88,88,0,98.1902,0.0,0,0,Low
19,135,87,87,0,97.1927,0.0001,0,0,Low
20,15,185,125,0,121.3081,0.0,0,0,Low
20,16,184,125,0,121.4836,0.0,0,0,Low
20,17,183,125,0,121.6406,0.0,0,0,Low
20,18,182,125,0,121.858,0.0,0,0,Low
20,19,181,125,0,122.4968,0.0,0,0,Low
20,20,180,125,0,122.3015,0.0,0,0,Low
20,21,179,125,0,122.6575,0.0,0,0,Low
20,22,178,125,0,122.5876,0.0,0,0,Low
20,23,177,125,0,122.8697,0.0,0,0,Low
20,24,176,125,0,122.0725,0.0,0,0,Low
20,25,175,125,0,122.5293,0.0,0,0,Low
20,26,174,125,0,121.8372,0.0,0,0,Low
20,27,173,125,0,120.6332,0.0001,0,0,Low
20,28,172,125,0,120.989,0.0001,0,0,Low
20,29,171,125,0,121.3135,0.0001,0,0,Low
20,30,170,125,0,121.9759,0.0,0,0,Low
20,31,169,125,0,121.7717,0.0003,0,0,Low
20,32,168,125,0,122.088,0.0002,0,0,Low
20,33,167,125,0,121.532,0.0002,0,0,Low
20,34,166,125,0,121.6823,0.0001,0,0,Low
20,35,165,125,0,121.7028,0.0001,0,0,Low
20,36,164,125,0,120.9198,0.0,0,0,Low
20,37,163,125,0,120.3328,0.0,0,0,Low
20,38,162,125,0,119.9579,0.0,0,0,Low
20,39,161,125,0,119.3485,0.0,0,0,Low
20,40,160,125,0,120.0772,0.0,0,0,Low
20,41,159,125,0,121.57,0.0,0,0,Low
20,42,158,125,0,120.6133,0.0,0,0,Low
20,43,157,125,0,120.2863,0.0,0,0,Low
20,44,156,125,0,120.4641,0.0001,0,0,Low
20,45,155,125,0,120.055,0.0,0,0,Low
20,46,154,125,0,119.2151,0.0,0,0,Low
20,47,153,125,0,118.8994,0.0001,0,0,Low
20,48,152,125,0,118.0454,0.0001,0,0,Low
20,49,151,125,0,118.6067,0.0,0,0,Low
20,50,150,125,0,118.3347,0.0,0,0,Low
20,51,149,125,0,118.8096,0.0,0,0,Low
20,52,148,125,0,117.5649,0.0,0,0,Low
20,53,147,125,0,116.5498,0.0,0,0,Low
20,54,146,125,0,115.1739,0.0,0,0,Low
20,55,145,125,0,116.035,0.0,0,0,Low
20,56,144,125,0,115.8208,0.0,0,0,Low
20,57,143,125,0,117.5362,0.0,0,0,Low
20,58,142,125,0,116.9106,0.0,0,0,Low
20,59,141,125,0,117.0153,0.0,0,0,Low
20,60,140,125,0,116.0762,0.0,0,0,Low
20,61,139,125,0,113.8583,0.0,0,0,Low
20,62,138,125,0,111.2734,0.0005,0,0,Low
20,63,137,125,0,112.3679,0.0001,0,0,Low
20,64,136,125,0,112.6461,0.0003,0,0,Low
20,65,135,125,0,112.1884,0.0,0,0,Low
20,66,134,125,0,110.2606,0.0004,0,0,Low
20,67,133,125,0,109.5076,0.0002,0,0,Low
20,68,132,125,0,109.5095,0.0003,0,0,Low
20,69,131,125,0,111.2576,0.0001,0,0,Low
20,70,130,125,0,109.0361,0.0001,0,0,Low
20,71,129,125,0,107.5704,0.0001,0,0,Low
20,72,128,125,0,109.1697,0.0001,0,0,Low
20,73,127,125,0,108.733,0.0,0,0,Low
20,74,126,125,0,108.0744,0.0001,0,0,Low
20,75,125,125,0,107.9977,0.0002,0,0,Low
20,76,124,124,0,110.0683,0.0002,0,0,Low
20,77,123,123,0,107.4191,0.0001,0,0,Low
20,78,122,122,0,105.4862,0.0001,0,0,Low
20,79,121,121,0,107.5836,0.0,0,0,Low
20,80,120,120,0,106.2732,0.0,0,0,Low
20,81,119,119,0,106.872,0.0,0,0,Low
20,82,118,118,0,105.2961,0.0,0,0,Low
20,83,117,117,0,105.6949,0.0,0,0,Low
20,84,116,116,0,102.8892,0.0,0,0,Low
20,85,115,115,0,101.5518,0.0,0,0,Low
20,86,114,114,0,103.3559,0.0,0,0,Low
20,87,113,113,0,101.3474,0.0,0,0,Low
20,88,112,112,0,101.1664,0.0,0,0,Low
20,89,111,111,0,100.4551,0.0,0,0,Low
20,90,110,110,0,99.5582,0.0,0,0,Low
20,91,109,109,0,100.5823,0.0,0,0,Low
20,92,108,108,0,98.5277,0.0,0,0,Low
20,93,107,107,0,98.1445,0.0,0,0,Low
20,94,106,106,0,97.9745,0.0,0,0,Low
20,95,105,105,0,97.031,0.0,0,0,Low
20,96,104,104,0,98.5531,0.0,0,0,Low
20,97,103,103,0,97.4072,0.0,0,0,Low
20,98,102,102,0,94.4493,0.0,0,0,Low
20,99,101,101,0,94.0864,0.0001,0,0,Low
20,100,100,100,0,93.2164,0.0,0,0,Low
20,101,99,99,0,93.4753,0.0,0,0,Low
20,102,98,98,0,96.0181,0.0,0,0,Low
20,103,97,97,0,97.7334,0.0,0,0,Low
20,104,96,96,0,98.0151,0.0,0,0,Low
20,105,95,95,0,95.2868,0.0,0,0,Low
20,106,94,94,0,93.785,0.0,0,0,Low
20,107,93,93,0,95.6158,0.0,0,0,Low
20,108,92,92,0,96.5059,0.0001,0,0,Low
20,109,91,91,0,93.5106,0.0,0,0,Low
20,110,90,90,0,95.3577,0.0002,0,0,Low
20,111,89,89,0,94.2576,0.0001,0,0,Low
20,112,88,88,0,90.9637,0.0002,0,0,Low
20,113,87,87,0,92.4171,0.0001,0,0,Low
20,114,86,86,0,87.6583,0.0038,0,0,Low
20,115,85,85,0,90.1301,0.0009,0,0,Low
20,116,84,84,0,89.4382,0.0015,0,0,Low
20,117,83,83,0,93.6576,0.001,0,0,Low
20,118,82,82,0,92.1611,0.0008,0,0,Low
20,119,81,81,0,92.496,0.0002,0,0,Low
20,120,80,80,0,93.4277,0.0001,0,0,Low
20,121,79,79,0,91.515,0.0,0,0,Low
20,122,78,78,0,88.6662,0.0,0,0,Low
20,123,77,77,0,87.6506,0.0,0,0,Low
20,124,76,76,0,85.8032,0.0001,0,0,Low
20,125,75,75,0,88.1329,0.0001,0,0,Low
20,126,74,74,0,89.5954,0.0048,0,0,Low
20,127,73,73,0,89.3735,0.0111,0,0,Low
20,128,72,72,0,89.2069,0.0159,0,0,Low
20,129,71,71,0,88.1556,0.0168,0,0,Low
20,130,70,70,0,86.4248,0.0675,0,0,Low
20,131,69,69,0,84.5199,0.0169,0,0,Low
20,132,68,68,0,84.3575,0.0116,0,0,Low
20,133,67,67,0,88.9613,0.0141,0,0,Low
20,134,66,66,0,82.999,0.0213,0,0,Low
20,135,65,65,0,83.8315,0.0104,0,0,Low
20,136,64,64,0,87.8022,0.0024,0,0,Low
20,137,63,63,0,92.6288,0.0026,0,0,Low
20,138,62,62,0,87.578,0.0045,0,0,Low
20,139,61,61,0,91.2928,0.0012,0,0,Low
20,140,60,60,0,92.4433,0.001,0,0,Low
20,141,59,59,0,91.8045,0.0023,0,0,Low
20,142,58,58,0,85.5372,0.0025,0,0,Low
20,143,57,57,0,83.789,0.0018,0,0,Low
20,144,56,56,0,85.365,0.0033,0,0,Low
20,145,55,55,0,84.6593,0.0136,0,0,Low
20,146,54,54,0,87.2606,0.0014,0,0,Low
20,147,53,53,0,84.0264,0.0074,0,0,Low
20,148,52,52,0,86.7143,0.0179,0,0,Low
20,149,51,51,0,85.6719,0.0595,0,0,Low
20,150,50,50,0,79.581,0.0595,0,0,Low
20,151,49,49,0,71.9088,0.0904,0,0,Low
20,152,48,48,0,72.1997,0.3069,0,1,Low
20,153,47,47,0,68.6003,0.6619,0,1,Elevated
20,154,46,46,0,67.1382,0.3571,0,1,Low
20,155,45,45,0,66.8852,0.4722,0,1,Elevated
20,156,44,44,0,58.1005,0.9465,1,1,High
20,157,43,43,0,64.6299,0.6216,0,1,Elevated
20,158,42,42,0,63.8181,0.6736,0,1,Elevated
20,159,41,41,0,61.7338,0.4103,0,1,Elevated
20,160,40,40,0,60.5512,0.4766,0,1,Elevated
20,161,39,39,0,62.176,0.0494,0,1,Low
20,162,38,38,0,53.9992,0.4975,0,1,Elevated
20,163,37,37,0,53.6875,0.0194,0,1,Low
20,164,36,36,0,55.8789,0.0579,0,1,Low
20,165,35,35,0,56.2033,0.0407,0,1,Low
20,166,34,34,0,54.0858,0.0438,0,1,Low
20,167,33,33,0,53.6371,0.018,0,1,Low
20,168,32,32,0,49.3389,0.2715,0,1,Low
20,169,31,31,0,47.874,0.8033,1,1,High
20,170,30,30,1,44.9377,0.5522,0,1,Elevated
20,171,29,29,1,38.0846,0.7506,0,1,Elevated
20,172,28,28,1,31.5333,0.9549,1,1,High
20,173,27,27,1,32.8839,0.9814,1,1,High
20,174,26,26,1,33.7723,0.9345,1,1,High
20,175,25,25,1,36.4214,0.9246,1,1,High
20,176,24,24,1,35.2263,0.9608,1,1,High
20,177,23,23,1,34.9143,0.8839,1,1,High
20,178,22,22,1,32.9276,0.7527,0,1,Elevated
20,179,21,21,1,30.3089,0.9304,1,1,High
20,180,20,20,1,27.0427,0.9904,1,1,High
20,181,19,19,1,25.415,0.9673,1,1,High
20,182,18,18,1,18.0213,0.9981,1,1,High
20,183,17,17,1,15.9299,0.9999,1,1,High
20,184,16,16,1,16.8845,0.9998,1,1,High
21,15,190,125,0,123.4576,0.0,0,0,Low
21,16,189,125,0,123.0718,0.0,0,0,Low
21,17,188,125,0,123.341,0.0,0,0,Low
21,18,187,125,0,123.4888,0.0,0,0,Low
21,19,186,125,0,122.9901,0.0,0,0,Low
21,20,185,125,0,124.1124,0.0,0,0,Low
21,21,184,125,0,123.7455,0.0,0,0,Low
21,22,183,125,0,124.1897,0.0,0,0,Low
21,23,182,125,0,123.2163,0.0,0,0,Low
21,24,181,125,0,124.0244,0.0,0,0,Low
21,25,180,125,0,123.1883,0.0,0,0,Low
21,26,179,125,0,122.27,0.0,0,0,Low
21,27,178,125,0,122.99,0.0,0,0,Low
21,28,177,125,0,124.0095,0.0,0,0,Low
21,29,176,125,0,122.3798,0.0,0,0,Low
21,30,175,125,0,123.6336,0.0,0,0,Low
21,31,174,125,0,123.0756,0.0,0,0,Low
21,32,173,125,0,122.7664,0.0,0,0,Low
21,33,172,125,0,122.8037,0.0,0,0,Low
21,34,171,125,0,123.4929,0.0,0,0,Low
21,35,170,125,0,123.7362,0.0,0,0,Low
21,36,169,125,0,123.9663,0.0,0,0,Low
21,37,168,125,0,124.1785,0.0,0,0,Low
21,38,167,125,0,123.8532,0.0,0,0,Low
21,39,166,125,0,123.5523,0.0,0,0,Low
21,40,165,125,0,123.5572,0.0,0,0,Low
21,41,164,125,0,123.655,0.0,0,0,Low
21,42,163,125,0,123.1864,0.0,0,0,Low
21,43,162,125,0,123.2645,0.0,0,0,Low
21,44,161,125,0,123.4623,0.0,0,0,Low
21,45,160,125,0,123.7099,0.0,0,0,Low
21,46,159,125,0,123.2028,0.0,0,0,Low
21,47,158,125,0,123.3582,0.0,0,0,Low
21,48,157,125,0,123.1781,0.0,0,0,Low
21,49,156,125,0,123.3201,0.0,0,0,Low
21,50,155,125,0,122.5151,0.0,0,0,Low
21,51,154,125,0,122.2629,0.0,0,0,Low
21,52,153,125,0,121.5427,0.0,0,0,Low
21,53,152,125,0,120.6466,0.0,0,0,Low
21,54,151,125,0,121.0556,0.0,0,0,Low
21,55,150,125,0,121.6285,0.0,0,0,Low
21,56,149,125,0,121.6163,0.0,0,0,Low
21,57,148,125,0,121.7913,0.0,0,0,Low
21,58,147,125,0,123.3407,0.0,0,0,Low
21,59,146,125,0,122.4503,0.0,0,0,Low
21,60,145,125,0,122.4356,0.0,0,0,Low
21,61,144,125,0,120.8649,0.0,0,0,Low
21,62,143,125,0,121.1185,0.0,0,0,Low
21,63,142,125,0,122.3625,0.0,0,0,Low
21,64,141,125,0,122.265,0.0,0,0,Low
21,65,140,125,0,120.9887,0.0,0,0,Low
21,66,139,125,0,119.5173,0.0,0,0,Low
21,67,138,125,0,119.5777,0.0,0,0,Low
21,68,137,125,0,118.8143,0.0,0,0,Low
21,69,136,125,0,118.7357,0.0,0,0,Low
21,70,135,125,0,119.0337,0.0,0,0,Low
21,71,134,125,0,118.434,0.0,0,0,Low
21,72,133,125,0,118.0951,0.0,0,0,Low
21,73,132,125,0,119.0674,0.0,0,0,Low
21,74,131,125,0,121.4102,0.0,0,0,Low
21,75,130,125,0,122.204,0.0,0,0,Low
21,76,129,125,0,122.3301,0.0,0,0,Low
21,77,128,125,0,123.3759,0.0,0,0,Low
21,78,127,125,0,123.1131,0.0,0,0,Low
21,79,126,125,0,123.0363,0.0,0,0,Low
21,80,125,125,0,122.5326,0.0,0,0,Low
21,81,124,124,0,123.4202,0.0,0,0,Low
21,82,123,123,0,122.1668,0.0,0,0,Low
21,83,122,122,0,121.849,0.0,0,0,Low
21,84,121,121,0,121.36,0.0,0,0,Low
21,85,120,120,0,121.6669,0.0,0,0,Low
21,86,119,119,0,120.9453,0.0,0,0,Low
21,87,118,118,0,121.0632,0.0,0,0,Low
21,88,117,117,0,119.8676,0.0,0,0,Low
21,89,116,116,0,118.6749,0.0,0,0,Low
21,90,115,115,0,119.9712,0.0,0,0,Low
21,91,114,114,0,120.9214,0.0,0,0,Low
21,92,113,113,0,119.667,0.0,0,0,Low
21,93,112,112,0,119.4813,0.0,0,0,Low
21,94,111,111,0,118.1642,0.0,0,0,Low
21,95,110,110,0,118.7389,0.0,0,0,Low
21,96,109,109,0,117.7214,0.0,0,0,Low
21,97,108,108,0,118.9425,0.0,0,0,Low
21,98,107,107,0,118.3985,0.0,0,0,Low
21,99,106,106,0,119.1923,0.0,0,0,Low
21,100,105,105,0,111.4161,0.0,0,0,Low
21,101,104,104,0,111.6705,0.0,0,0,Low
21,102,103,103,0,112.5263,0.0,0,0,Low
21,103,102,102,0,110.1792,0.0,0,0,Low
21,104,101,101,0,112.8526,0.0,0,0,Low
21,105,100,100,0,110.8419,0.0,0,0,Low
21,106,99,99,0,112.7786,0.0,0,0,Low
21,107,98,98,0,111.1246,0.0,0,0,Low
21,108,97,97,0,113.0988,0.0,0,0,Low
21,109,96,96,0,111.6991,0.0,0,0,Low
21,110,95,95,0,109.1917,0.0,0,0,Low
21,111,94,94,0,109.4286,0.0,0,0,Low
21,112,93,93,0,103.0837,0.0,0,0,Low
21,113,92,92,0,102.0683,0.0,0,0,Low
21,114,91,91,0,98.8412,0.0,0,0,Low
21,115,90,90,0,105.42,0.0,0,0,Low
21,116,89,89,0,105.2683,0.0,0,0,Low
21,117,88,88,0,101.6349,0.0,0,0,Low
21,118,87,87,0,100.711,0.0,0,0,Low
21,119,86,86,0,100.7096,0.0,0,0,Low
21,120,85,85,0,99.1851,0.0,0,0,Low
21,121,84,84,0,101.2206,0.0,0,0,Low
21,122,83,83,0,101.7364,0.0,0,0,Low
21,123,82,82,0,98.6708,0.0,0,0,Low
21,124,81,81,0,98.9078,0.0,0,0,Low
21,125,80,80,0,96.3748,0.0001,0,0,Low
21,126,79,79,0,99.8136,0.0,0,0,Low
21,127,78,78,0,102.0547,0.0,0,0,Low
21,128,77,77,0,105.061,0.0,0,0,Low
21,129,76,76,0,103.6826,0.0,0,0,Low
21,130,75,75,0,104.7474,0.0,0,0,Low
21,131,74,74,0,102.9967,0.0,0,0,Low
21,132,73,73,0,101.3249,0.0,0,0,Low
21,133,72,72,0,99.1846,0.0,0,0,Low
21,134,71,71,0,103.223,0.0,0,0,Low
21,135,70,70,0,103.3322,0.0,0,0,Low
21,136,69,69,0,103.9008,0.0,0,0,Low
21,137,68,68,0,102.0178,0.0,0,0,Low
21,138,67,67,0,103.3059,0.0,0,0,Low
21,139,66,66,0,94.2658,0.0,0,0,Low
21,140,65,65,0,93.7069,0.0001,0,0,Low
21,141,64,64,0,89.8675,0.0,0,0,Low
21,142,63,63,0,88.0286,0.0001,0,0,Low
21,143,62,62,0,85.7517,0.0001,0,0,Low
21,144,61,61,0,82.6014,0.0004,0,0,Low
21,145,60,60,0,82.5205,0.0001,0,0,Low
21,146,59,59,0,82.3221,0.0001,0,0,Low
21,147,58,58,0,81.5545,0.0001,0,0,Low
21,148,57,57,0,76.5701,0.0003,0,0,Low
22,15,135,125,0,123.5983,0.0003,0,0,Low
22,16,134,125,0,123.3818,0.0001,0,0,Low
22,17,133,125,0,123.5759,0.0,0,0,Low
22,18,132,125,0,123.6702,0.0001,0,0,Low
22,19,131,125,0,123.7648,0.0,0,0,Low
22,20,130,125,0,123.9842,0.0,0,0,Low
22,21,129,125,0,124.0234,0.0,0,0,Low
22,22,128,125,0,124.0258,0.0001,0,0,Low
22,23,127,125,0,123.9295,0.0001,0,0,Low
22,24,126,125,0,124.5254,0.0002,0,0,Low
22,25,125,125,0,123.9403,0.0001,0,0,Low
22,26,124,124,0,123.8386,0.0004,0,0,Low
22,27,123,123,0,124.0217,0.0003,0,0,Low
22,28,122,122,0,124.2536,0.0,0,0,Low
22,29,121,121,0,124.3373,0.0001,0,0,Low
22,30,120,120,0,124.0273,0.0001,0,0,Low
22,31,119,119,0,123.6775,0.0001,0,0,Low
22,32,118,118,0,123.9843,0.0001,0,0,Low
22,33,117,117,0,123.7675,0.0006,0,0,Low
22,34,116,116,0,123.7061,0.0001,0,0,Low
22,35,115,115,0,123.1419,0.0002,0,0,Low
22,36,114,114,0,123.1917,0.0005,0,0,Low
22,37,113,113,0,123.5265,0.0006,0,0,Low
22,38,112,112,0,124.133,0.0005,0,0,Low
22,39,111,111,0,123.8783,0.0002,0,0,Low
23,15,228,125,0,124.6231,0.0,0,0,Low
23,16,227,125,0,124.6689,0.0,0,0,Low
23,17,226,125,0,124.832,0.0,0,0,Low
23,18,225,125,0,124.396,0.0,0,0,Low
23,19,224,125,0,124.9521,0.0,0,0,Low
23,20,223,125,0,124.8468,0.0,0,0,Low
23,21,222,125,0,124.7962,0.0,0,0,Low
23,22,221,125,0,124.8375,0.0,0,0,Low
23,23,220,125,0,124.7848,0.0,0,0,Low
23,24,219,125,0,124.8502,0.0,0,0,Low
23,25,218,125,0,124.7591,0.0,0,0,Low
23,26,217,125,0,124.734,0.0,0,0,Low
23,27,216,125,0,124.8147,0.0,0,0,Low
23,28,215,125,0,124.7123,0.0,0,0,Low
23,29,214,125,0,124.7202,0.0,0,0,Low
23,30,213,125,0,124.7171,0.0,0,0,Low
23,31,212,125,0,124.6992,0.0,0,0,Low
23,32,211,125,0,124.5926,0.0,0,0,Low
23,33,210,125,0,124.1133,0.0,0,0,Low
23,34,209,125,0,123.9133,0.0,0,0,Low
23,35,208,125,0,123.8986,0.0,0,0,Low
23,36,207,125,0,123.8936,0.0,0,0,Low
23,37,206,125,0,124.4228,0.0,0,0,Low
23,38,205,125,0,124.5544,0.0,0,0,Low
23,39,204,125,0,124.5975,0.0,0,0,Low
23,40,203,125,0,124.6275,0.0,0,0,Low
23,41,202,125,0,124.6488,0.0,0,0,Low
23,42,201,125,0,124.7752,0.0,0,0,Low
23,43,200,125,0,124.6903,0.0,0,0,Low
23,44,199,125,0,124.5693,0.0,0,0,Low
23,45,198,125,0,124.7896,0.0,0,0,Low
23,46,197,125,0,124.6835,0.0,0,0,Low
23,47,196,125,0,124.6096,0.0,0,0,Low
23,48,195,125,0,124.7023,0.0,0,0,Low
23,49,194,125,0,124.5333,0.0,0,0,Low
23,50,193,125,0,124.7308,0.0,0,0,Low
23,51,192,125,0,124.7507,0.0,0,0,Low
23,52,191,125,0,124.6196,0.0,0,0,Low
23,53,190,125,0,124.7505,0.0,0,0,Low
23,54,189,125,0,124.602,0.0,0,0,Low
23,55,188,125,0,124.7147,0.0,0,0,Low
23,56,187,125,0,124.6271,0.0,0,0,Low
23,57,186,125,0,124.8606,0.0,0,0,Low
23,58,185,125,0,124.6547,0.0,0,0,Low
23,59,184,125,0,124.8894,0.0,0,0,Low
23,60,183,125,0,124.8105,0.0,0,0,Low
23,61,182,125,0,124.7868,0.0,0,0,Low
23,62,181,125,0,122.5719,0.0,0,0,Low
23,63,180,125,0,119.9074,0.0,0,0,Low
23,64,179,125,0,120.8344,0.0,0,0,Low
23,65,178,125,0,122.5666,0.0,0,0,Low
23,66,177,125,0,123.4083,0.0,0,0,Low
23,67,176,125,0,123.5205,0.0,0,0,Low
23,68,175,125,0,124.4404,0.0,0,0,Low
23,69,174,125,0,124.1093,0.0,0,0,Low
23,70,173,125,0,124.115,0.0,0,0,Low
23,71,172,125,0,123.8823,0.0,0,0,Low
23,72,171,125,0,121.5012,0.0,0,0,Low
23,73,170,125,0,122.813,0.0,0,0,Low
23,74,169,125,0,123.5427,0.0,0,0,Low
23,75,168,125,0,124.1504,0.0,0,0,Low
23,76,167,125,0,122.8562,0.0,0,0,Low
23,77,166,125,0,123.3781,0.0,0,0,Low
23,78,165,125,0,123.349,0.0,0,0,Low
23,79,164,125,0,121.8968,0.0,0,0,Low
23,80,163,125,0,120.5676,0.0,0,0,Low
23,81,162,125,0,120.7449,0.0,0,0,Low
23,82,161,125,0,120.6344,0.0,0,0,Low
23,83,160,125,0,119.6531,0.0,0,0,Low
23,84,159,125,0,120.2275,0.0,0,0,Low
23,85,158,125,0,119.975,0.0,0,0,Low
23,86,157,125,0,120.2189,0.0,0,0,Low
23,87,156,125,0,120.3258,0.0,0,0,Low
23,88,155,125,0,120.547,0.0,0,0,Low
23,89,154,125,0,120.7212,0.0,0,0,Low
23,90,153,125,0,119.9429,0.0,0,0,Low
23,91,152,125,0,120.6201,0.0,0,0,Low
23,92,151,125,0,119.5959,0.0,0,0,Low
23,93,150,125,0,120.5617,0.0,0,0,Low
23,94,149,125,0,120.5635,0.0,0,0,Low
23,95,148,125,0,121.5027,0.0,0,0,Low
23,96,147,125,0,122.0393,0.0,0,0,Low
23,97,146,125,0,122.1363,0.0,0,0,Low
23,98,145,125,0,122.1574,0.0,0,0,Low
23,99,144,125,0,122.0562,0.0,0,0,Low
23,100,143,125,0,122.4916,0.0,0,0,Low
23,101,142,125,0,122.4891,0.0,0,0,Low
23,102,141,125,0,122.0176,0.0,0,0,Low
23,103,140,125,0,122.0624,0.0,0,0,Low
23,104,139,125,0,121.8631,0.0,0,0,Low
23,105,138,125,0,121.5368,0.0,0,0,Low
23,106,137,125,0,120.1274,0.0,0,0,Low
23,107,136,125,0,121.1917,0.0,0,0,Low
23,108,135,125,0,119.7063,0.0,0,0,Low
23,109,134,125,0,119.4013,0.0,0,0,Low
23,110,133,125,0,120.0346,0.0,0,0,Low
23,111,132,125,0,119.3843,0.0,0,0,Low
23,112,131,125,0,117.9014,0.0,0,0,Low
23,113,130,125,0,117.3606,0.0,0,0,Low
23,114,129,125,0,117.4016,0.0,0,0,Low
23,115,128,125,0,118.0213,0.0,0,0,Low
23,116,127,125,0,117.6917,0.0,0,0,Low
23,117,126,125,0,118.1773,0.0,0,0,Low
23,118,125,125,0,119.1599,0.0,0,0,Low
23,119,124,124,0,119.4462,0.0,0,0,Low
23,120,123,123,0,118.5505,0.0,0,0,Low
23,121,122,122,0,117.8131,0.0,0,0,Low
23,122,121,121,0,117.2993,0.0,0,0,Low
23,123,120,120,0,117.4392,0.0,0,0,Low
23,124,119,119,0,119.117,0.0,0,0,Low
23,125,118,118,0,118.5767,0.0,0,0,Low
23,126,117,117,0,116.5583,0.0,0,0,Low
23,127,116,116,0,114.2068,0.0,0,0,Low
23,128,115,115,0,113.5602,0.0,0,0,Low
23,129,114,114,0,114.3732,0.0,0,0,Low
23,130,113,113,0,114.4987,0.0,0,0,Low
24,15,191,125,0,124.877,0.0,0,0,Low
24,16,190,125,0,124.8636,0.0,0,0,Low
24,17,189,125,0,124.7646,0.0,0,0,Low
24,18,188,125,0,124.9185,0.0,0,0,Low
24,19,187,125,0,124.9257,0.0,0,0,Low
24,20,186,125,0,124.9198,0.0,0,0,Low
24,21,185,125,0,124.6163,0.0,0,0,Low
24,22,184,125,0,124.5792,0.0,0,0,Low
24,23,183,125,0,124.9639,0.0,0,0,Low
24,24,182,125,0,124.9644,0.0,0,0,Low
24,25,181,125,0,124.9647,0.0,0,0,Low
24,26,180,125,0,124.9035,0.0,0,0,Low
24,27,179,125,0,124.9245,0.0,0,0,Low
24,28,178,125,0,124.9182,0.0,0,0,Low
24,29,177,125,0,124.9284,0.0,0,0,Low
24,30,176,125,0,124.8956,0.0,0,0,Low
24,31,175,125,0,124.8542,0.0,0,0,Low
24,32,174,125,0,124.8249,0.0,0,0,Low
24,33,173,125,0,124.8222,0.0,0,0,Low
24,34,172,125,0,124.0789,0.0,0,0,Low
24,35,171,125,0,124.6077,0.0,0,0,Low
24,36,170,125,0,124.6556,0.0,0,0,Low
24,37,169,125,0,124.6995,0.0,0,0,Low
24,38,168,125,0,124.5812,0.0,0,0,Low
24,39,167,125,0,124.5287,0.0,0,0,Low
24,40,166,125,0,124.352,0.0,0,0,Low
24,41,165,125,0,124.4903,0.0,0,0,Low
24,42,164,125,0,124.0992,0.0,0,0,Low
24,43,163,125,0,124.1009,0.0,0,0,Low
24,44,162,125,0,124.2605,0.0,0,0,Low
24,45,161,125,0,124.6805,0.0,0,0,Low
24,46,160,125,0,124.6074,0.0,0,0,Low
24,47,159,125,0,124.6523,0.0,0,0,Low
24,48,158,125,0,124.7019,0.0,0,0,Low
24,49,157,125,0,124.9483,0.0,0,0,Low
24,50,156,125,0,124.2063,0.0,0,0,Low
24,51,155,125,0,124.4424,0.0,0,0,Low
24,52,154,125,0,124.1025,0.0,0,0,Low
24,53,153,125,0,124.1924,0.0,0,0,Low
24,54,152,125,0,124.3775,0.0,0,0,Low
24,55,151,125,0,124.4599,0.0,0,0,Low
24,56,150,125,0,124.7105,0.0,0,0,Low
24,57,149,125,0,124.2968,0.0,0,0,Low
24,58,148,125,0,123.3281,0.0,0,0,Low
24,59,147,125,0,123.052,0.0,0,0,Low
24,60,146,125,0,123.1425,0.0,0,0,Low
24,61,145,125,0,123.2428,0.0,0,0,Low
24,62,144,125,0,121.9347,0.0,0,0,Low
24,63,143,125,0,120.8721,0.0,0,0,Low
24,64,142,125,0,120.8211,0.0,0,0,Low
24,65,141,125,0,121.7322,0.0,0,0,Low
24,66,140,125,0,121.2044,0.0,0,0,Low
24,67,139,125,0,121.1278,0.0,0,0,Low
24,68,138,125,0,122.5163,0.0,0,0,Low
24,69,137,125,0,122.3401,0.0,0,0,Low
24,70,136,125,0,121.8012,0.0,0,0,Low
24,71,135,125,0,122.3779,0.0,0,0,Low
24,72,134,125,0,121.297,0.0,0,0,Low
24,73,133,125,0,120.8862,0.0,0,0,Low
24,74,132,125,0,122.1996,0.0,0,0,Low
24,75,131,125,0,122.7319,0.0,0,0,Low
24,76,130,125,0,122.9519,0.0,0,0,Low
24,77,129,125,0,122.6396,0.0,0,0,Low
24,78,128,125,0,123.3173,0.0,0,0,Low
24,79,127,125,0,123.644,0.0,0,0,Low
24,80,126,125,0,123.1505,0.0,0,0,Low
24,81,125,125,0,122.169,0.0,0,0,Low
24,82,124,124,0,122.5545,0.0,0,0,Low
24,83,123,123,0,120.6396,0.0,0,0,Low
24,84,122,122,0,122.1679,0.0,0,0,Low
24,85,121,121,0,122.3955,0.0,0,0,Low
24,86,120,120,0,120.2798,0.0,0,0,Low
24,87,119,119,0,121.6329,0.0,0,0,Low
24,88,118,118,0,121.8221,0.0,0,0,Low
24,89,117,117,0,119.5427,0.0,0,0,Low
24,90,116,116,0,119.5413,0.0,0,0,Low
24,91,115,115,0,120.0992,0.0,0,0,Low
24,92,114,114,0,120.195,0.0,0,0,Low
24,93,113,113,0,119.2349,0.0,0,0,Low
24,94,112,112,0,119.8928,0.0,0,0,Low
24,95,111,111,0,121.5937,0.0,0,0,Low
24,96,110,110,0,121.0799,0.0,0,0,Low
24,97,109,109,0,120.7021,0.0,0,0,Low
24,98,108,108,0,117.3537,0.0,0,0,Low
24,99,107,107,0,115.9994,0.0,0,0,Low
24,100,106,106,0,113.5078,0.0,0,0,Low
24,101,105,105,0,117.3151,0.0,0,0,Low
24,102,104,104,0,113.8943,0.0,0,0,Low
24,103,103,103,0,114.5844,0.0,0,0,Low
24,104,102,102,0,114.7491,0.0,0,0,Low
24,105,101,101,0,115.1737,0.0,0,0,Low
24,106,100,100,0,115.7655,0.0,0,0,Low
24,107,99,99,0,111.9147,0.0,0,0,Low
24,108,98,98,0,111.6734,0.0,0,0,Low
24,109,97,97,0,111.7677,0.0,0,0,Low
24,110,96,96,0,113.0263,0.0,0,0,Low
24,111,95,95,0,114.9165,0.0,0,0,Low
24,112,94,94,0,111.9109,0.0,0,0,Low
24,113,93,93,0,110.0533,0.0,0,0,Low
24,114,92,92,0,109.6482,0.0,0,0,Low
24,115,91,91,0,106.9302,0.0,0,0,Low
24,116,90,90,0,105.978,0.0,0,0,Low
24,117,89,89,0,106.4218,0.0,0,0,Low
24,118,88,88,0,103.9899,0.0,0,0,Low
24,119,87,87,0,102.9402,0.0,0,0,Low
24,120,86,86,0,98.0515,0.0,0,0,Low
24,121,85,85,0,97.6152,0.0,0,0,Low
24,122,84,84,0,97.5638,0.0,0,0,Low
24,123,83,83,0,97.7135,0.0,0,0,Low
24,124,82,82,0,94.6069,0.0,0,0,Low
24,125,81,81,0,96.9095,0.0,0,0,Low
24,126,80,80,0,86.1963,0.0,0,0,Low
24,127,79,79,0,81.3905,0.0,0,0,Low
24,128,78,78,0,79.3323,0.0,0,0,Low
24,129,77,77,0,79.6363,0.0,0,0,Low
24,130,76,76,0,78.3628,0.0,0,0,Low
24,131,75,75,0,77.0028,0.0,0,0,Low
24,132,74,74,0,79.7258,0.0,0,0,Low
24,133,73,73,0,77.8113,0.0,0,0,Low
24,134,72,72,0,78.6824,0.0001,0,0,Low
24,135,71,71,0,75.834,0.0,0,0,Low
24,136,70,70,0,74.3018,0.0,0,0,Low
24,137,69,69,0,74.1866,0.0,0,0,Low
24,138,68,68,0,71.9765,0.0,0,0,Low
24,139,67,67,0,70.044,0.0,0,0,Low
24,140,66,66,0,70.3137,0.0001,0,0,Low
24,141,65,65,0,69.1809,0.0,0,0,Low
24,142,64,64,0,68.6035,0.0001,0,0,Low
24,143,63,63,0,66.6789,0.0,0,0,Low
24,144,62,62,0,64.1482,0.0002,0,0,Low
24,145,61,61,0,62.1242,0.0003,0,0,Low
24,146,60,60,0,61.0677,0.0065,0,0,Low
24,147,59,59,0,63.7993,0.0029,0,0,Low
24,148,58,58,0,60.0157,0.0047,0,0,Low
24,149,57,57,0,58.1712,0.0055,0,0,Low
24,150,56,56,0,59.2654,0.0082,0,0,Low
24,151,55,55,0,58.0053,0.0031,0,0,Low
24,152,54,54,0,56.5982,0.0015,0,0,Low
24,153,53,53,0,58.3814,0.0013,0,0,Low
24,154,52,52,0,55.6191,0.0041,0,0,Low
24,155,51,51,0,52.8028,0.0017,0,0,Low
24,156,50,50,0,54.372,0.0009,0,0,Low
24,157,49,49,0,54.1036,0.0009,0,0,Low
24,158,48,48,0,49.414,0.0042,0,0,Low
24,159,47,47,0,48.7563,0.0021,0,0,Low
24,160,46,46,0,47.5735,0.0077,0,0,Low
24,161,45,45,0,46.3099,0.0084,0,0,Low
24,162,44,44,0,46.5007,0.0169,0,0,Low
24,163,43,43,0,44.4242,0.0203,0,0,Low
24,164,42,42,0,44.4405,0.0724,0,0,Low
24,165,41,41,0,45.1071,0.0062,0,0,Low
24,166,40,40,0,44.9386,0.0338,0,0,Low
24,167,39,39,0,45.7069,0.0478,0,0,Low
24,168,38,38,0,45.5229,0.0285,0,0,Low
24,169,37,37,0,42.2002,0.1487,0,1,Low
24,170,36,36,0,38.4875,0.4657,0,1,Elevated
24,171,35,35,0,39.21,0.4616,0,0,Elevated
24,172,34,34,0,38.2655,0.5592,0,1,Elevated
24,173,33,33,0,35.0708,0.8158,1,1,High
24,174,32,32,0,31.2418,0.8735,1,1,High
24,175,31,31,0,31.1151,0.9559,1,1,High
24,176,30,30,1,30.0832,0.9598,1,1,High
24,177,29,29,1,30.7627,0.9583,1,1,High
24,178,28,28,1,29.501,0.9438,1,1,High
24,179,27,27,1,28.0326,0.9118,1,1,High
24,180,26,26,1,28.2062,0.8691,1,1,High
24,181,25,25,1,25.8367,0.9073,1,1,High
24,182,24,24,1,24.6248,0.9669,1,1,High
24,183,23,23,1,23.9809,0.9642,1,1,High
24,184,22,22,1,23.4737,0.9951,1,1,High
24,185,21,21,1,23.9408,0.9978,1,1,High
24,186,20,20,1,21.8706,0.999,1,1,High
25,15,178,125,0,122.2255,0.0,0,0,Low
25,16,177,125,0,122.4471,0.0,0,0,Low
25,17,176,125,0,122.5083,0.0,0,0,Low
25,18,175,125,0,122.3551,0.0,0,0,Low
25,19,174,125,0,122.5921,0.0,0,0,Low
25,20,173,125,0,122.4303,0.0,0,0,Low
25,21,172,125,0,123.1755,0.0,0,0,Low
25,22,171,125,0,122.6991,0.0,0,0,Low
25,23,170,125,0,123.102,0.0,0,0,Low
25,24,169,125,0,122.9128,0.0,0,0,Low
25,25,168,125,0,122.7706,0.0,0,0,Low
25,26,167,125,0,122.8461,0.0,0,0,Low
25,27,166,125,0,123.2247,0.0,0,0,Low
25,28,165,125,0,121.9181,0.0,0,0,Low
25,29,164,125,0,122.6847,0.0,0,0,Low
25,30,163,125,0,122.3552,0.0,0,0,Low
25,31,162,125,0,122.5256,0.0,0,0,Low
25,32,161,125,0,122.2405,0.0,0,0,Low
25,33,160,125,0,123.0654,0.0,0,0,Low
25,34,159,125,0,123.1764,0.0,0,0,Low
25,35,158,125,0,123.246,0.0,0,0,Low
25,36,157,125,0,123.764,0.0,0,0,Low
25,37,156,125,0,123.8599,0.0,0,0,Low
25,38,155,125,0,123.6788,0.0,0,0,Low
25,39,154,125,0,123.5717,0.0,0,0,Low
25,40,153,125,0,122.396,0.0,0,0,Low
25,41,152,125,0,123.5049,0.0,0,0,Low
25,42,151,125,0,122.9327,0.0,0,0,Low
25,43,150,125,0,122.9358,0.0,0,0,Low
25,44,149,125,0,121.5458,0.0,0,0,Low
25,45,148,125,0,122.0478,0.0,0,0,Low
25,46,147,125,0,122.2748,0.0,0,0,Low
25,47,146,125,0,122.2431,0.0,0,0,Low
25,48,145,125,0,121.7539,0.0001,0,0,Low
26,15,180,125,0,122.6125,0.0,0,0,Low
26,16,179,125,0,122.2398,0.0001,0,0,Low
26,17,178,125,0,122.2026,0.0001,0,0,Low
26,18,177,125,0,122.0915,0.0,0,0,Low
26,19,176,125,0,121.9851,0.0,0,0,Low
26,20,175,125,0,122.0643,0.0,0,0,Low
26,21,174,125,0,122.0036,0.0,0,0,Low
26,22,173,125,0,122.5206,0.0,0,0,Low
26,23,172,125,0,122.683,0.0,0,0,Low
26,24,171,125,0,122.7416,0.0,0,0,Low
26,25,170,125,0,123.0301,0.0,0,0,Low
26,26,169,125,0,122.6503,0.0,0,0,Low
26,27,168,125,0,122.2787,0.0,0,0,Low
26,28,167,125,0,122.3881,0.0,0,0,Low
26,29,166,125,0,121.6292,0.0,0,0,Low
26,30,165,125,0,121.2494,0.0,0,0,Low
26,31,164,125,0,121.957,0.0,0,0,Low
26,32,163,125,0,121.1723,0.0,0,0,Low
26,33,162,125,0,121.739,0.0,0,0,Low
26,34,161,125,0,121.9622,0.0,0,0,Low
26,35,160,125,0,122.3176,0.0,0,0,Low
26,36,159,125,0,121.7228,0.0,0,0,Low
26,37,158,125,0,120.6083,0.0,0,0,Low
26,38,157,125,0,120.9825,0.0,0,0,Low
26,39,156,125,0,120.7118,0.0,0,0,Low
26,40,155,125,0,121.3692,0.0,0,0,Low
26,41,154,125,0,121.188,0.0,0,0,Low
26,42,153,125,0,120.7003,0.0,0,0,Low
26,43,152,125,0,120.6883,0.0,0,0,Low
26,44,151,125,0,120.7648,0.0,0,0,Low
26,45,150,125,0,120.2437,0.0,0,0,Low
26,46,149,125,0,119.6559,0.0,0,0,Low
26,47,148,125,0,120.3446,0.0,0,0,Low
26,48,147,125,0,120.2944,0.0,0,0,Low
26,49,146,125,0,120.9908,0.0,0,0,Low
26,50,145,125,0,118.4217,0.0,0,0,Low
26,51,144,125,0,119.3968,0.0,0,0,Low
26,52,143,125,0,118.1378,0.0,0,0,Low
26,53,142,125,0,117.9608,0.0,0,0,Low
26,54,141,125,0,116.3507,0.0,0,0,Low
26,55,140,125,0,115.4316,0.0,0,0,Low
26,56,139,125,0,114.6681,0.0,0,0,Low
26,57,138,125,0,115.5437,0.0,0,0,Low
26,58,137,125,0,114.8451,0.0,0,0,Low
26,59,136,125,0,115.3619,0.0,0,0,Low
26,60,135,125,0,115.5536,0.0,0,0,Low
26,61,134,125,0,113.9571,0.0,0,0,Low
26,62,133,125,0,112.8322,0.0,0,0,Low
26,63,132,125,0,114.9584,0.0,0,0,Low
26,64,131,125,0,113.4171,0.0,0,0,Low
26,65,130,125,0,112.7682,0.0,0,0,Low
26,66,129,125,0,113.0153,0.0,0,0,Low
26,67,128,125,0,110.3527,0.0,0,0,Low
26,68,127,125,0,109.2847,0.0,0,0,Low
26,69,126,125,0,108.8862,0.0,0,0,Low
26,70,125,125,0,108.5163,0.0,0,0,Low
26,71,124,124,0,106.358,0.0,0,0,Low
26,72,123,123,0,106.0149,0.0,0,0,Low
26,73,122,122,0,107.6004,0.0,0,0,Low
26,74,121,121,0,106.2304,0.0,0,0,Low
26,75,120,120,0,108.4363,0.0,0,0,Low
26,76,119,119,0,108.4219,0.0,0,0,Low
27,15,191,125,0,123.7732,0.0,0,0,Low
27,16,190,125,0,124.0765,0.0,0,0,Low
27,17,189,125,0,124.3547,0.0,0,0,Low
27,18,188,125,0,124.3068,0.0,0,0,Low
27,19,187,125,0,124.5856,0.0,0,0,Low
27,20,186,125,0,124.0182,0.0,0,0,Low
27,21,185,125,0,124.273,0.0,0,0,Low
27,22,184,125,0,124.5446,0.0,0,0,Low
27,23,183,125,0,124.0814,0.0,0,0,Low
27,24,182,125,0,124.0926,0.0,0,0,Low
27,25,181,125,0,124.2237,0.0,0,0,Low
27,26,180,125,0,124.1054,0.0,0,0,Low
27,27,179,125,0,123.9762,0.0,0,0,Low
27,28,178,125,0,123.9183,0.0,0,0,Low
27,29,177,125,0,124.4502,0.0,0,0,Low
27,30,176,125,0,124.4883,0.0,0,0,Low
27,31,175,125,0,124.3558,0.0,0,0,Low
27,32,174,125,0,124.4438,0.0,0,0,Low
27,33,173,125,0,124.2729,0.0,0,0,Low
27,34,172,125,0,123.7375,0.0,0,0,Low
27,35,171,125,0,123.5788,0.0,0,0,Low
27,36,170,125,0,123.3945,0.0,0,0,Low
27,37,169,125,0,123.1324,0.0,0,0,Low
27,38,168,125,0,123.3539,0.0,0,0,Low
27,39,167,125,0,123.8879,0.0,0,0,Low
27,40,166,125,0,123.9901,0.0,0,0,Low
27,41,165,125,0,123.9048,0.0,0,0,Low
27,42,164,125,0,123.8743,0.0,0,0,Low
27,43,163,125,0,124.3141,0.0,0,0,Low
27,44,162,125,0,124.4248,0.0,0,0,Low
27,45,161,125,0,124.1872,0.0,0,0,Low
27,46,160,125,0,124.0388,0.0,0,0,Low
27,47,159,125,0,123.6297,0.0,0,0,Low
27,48,158,125,0,123.6614,0.0,0,0,Low
27,49,157,125,0,123.728,0.0,0,0,Low
27,50,156,125,0,123.1459,0.0,0,0,Low
27,51,155,125,0,123.3391,0.0,0,0,Low
27,52,154,125,0,124.4916,0.0,0,0,Low
27,53,153,125,0,124.2598,0.0,0,0,Low
27,54,152,125,0,124.0677,0.0,0,0,Low
27,55,151,125,0,123.9373,0.0,0,0,Low
27,56,150,125,0,123.9946,0.0,0,0,Low
27,57,149,125,0,123.6903,0.0,0,0,Low
27,58,148,125,0,124.2327,0.0,0,0,Low
27,59,147,125,0,123.7503,0.0,0,0,Low
27,60,146,125,0,123.7064,0.0,0,0,Low
27,61,145,125,0,123.6141,0.0,0,0,Low
27,62,144,125,0,124.0542,0.0,0,0,Low
27,63,143,125,0,122.4191,0.0,0,0,Low
27,64,142,125,0,123.0937,0.0,0,0,Low
27,65,141,125,0,123.5006,0.0,0,0,Low
27,66,140,125,0,123.755,0.0,0,0,Low
27,67,139,125,0,122.9435,0.0,0,0,Low
27,68,138,125,0,122.5053,0.0,0,0,Low
27,69,137,125,0,122.5899,0.0,0,0,Low
27,70,136,125,0,121.2045,0.0,0,0,Low
27,71,135,125,0,119.4583,0.0001,0,0,Low
27,72,134,125,0,119.4548,0.0,0,0,Low
27,73,133,125,0,119.4625,0.0,0,0,Low
27,74,132,125,0,119.8774,0.0,0,0,Low
27,75,131,125,0,117.2463,0.0,0,0,Low
27,76,130,125,0,114.6143,0.0,0,0,Low
27,77,129,125,0,112.5294,0.0,0,0,Low
27,78,128,125,0,115.3198,0.0,0,0,Low
27,79,127,125,0,115.7572,0.0,0,0,Low
27,80,126,125,0,113.5105,0.0,0,0,Low
27,81,125,125,0,114.5463,0.0,0,0,Low
27,82,124,124,0,111.7578,0.0,0,0,Low
27,83,123,123,0,113.6723,0.0,0,0,Low
27,84,122,122,0,115.1108,0.0,0,0,Low
27,85,121,121,0,116.421,0.0,0,0,Low
27,86,120,120,0,116.9824,0.0,0,0,Low
27,87,119,119,0,117.0074,0.0,0,0,Low
27,88,118,118,0,116.0147,0.0,0,0,Low
27,89,117,117,0,116.2383,0.0,0,0,Low
27,90,116,116,0,114.1567,0.0,0,0,Low
27,91,115,115,0,114.2176,0.0,0,0,Low
27,92,114,114,0,118.6332,0.0,0,0,Low
27,93,113,113,0,115.3106,0.0,0,0,Low
27,94,112,112,0,112.4429,0.0,0,0,Low
27,95,111,111,0,115.8898,0.0,0,0,Low
27,96,110,110,0,115.8262,0.0,0,0,Low
27,97,109,109,0,115.8148,0.0,0,0,Low
27,98,108,108,0,115.2724,0.0,0,0,Low
27,99,107,107,0,112.8118,0.0,0,0,Low
27,100,106,106,0,112.8076,0.0,0,0,Low
27,101,105,105,0,114.1613,0.0,0,0,Low
27,102,104,104,0,112.9418,0.0,0,0,Low
27,103,103,103,0,116.4396,0.0,0,0,Low
27,104,102,102,0,117.7232,0.0,0,0,Low
27,105,101,101,0,116.0394,0.0,0,0,Low
27,106,100,100,0,116.1829,0.0,0,0,Low
27,107,99,99,0,114.6507,0.0,0,0,Low
27,108,98,98,0,114.8086,0.0,0,0,Low
27,109,97,97,0,115.1245,0.0,0,0,Low
27,110,96,96,0,115.5435,0.0,0,0,Low
27,111,95,95,0,114.0746,0.0,0,0,Low
27,112,94,94,0,110.695,0.0,0,0,Low
27,113,93,93,0,107.5363,0.0,0,0,Low
27,114,92,92,0,109.0277,0.0,0,0,Low
27,115,91,91,0,104.9653,0.0001,0,0,Low
27,116,90,90,0,101.8035,0.0,0,0,Low
27,117,89,89,0,99.0793,0.0,0,0,Low
27,118,88,88,0,97.9932,0.0,0,0,Low
27,119,87,87,0,103.5306,0.0,0,0,Low
27,120,86,86,0,102.4561,0.0,0,0,Low
27,121,85,85,0,97.1244,0.0,0,0,Low
27,122,84,84,0,100.0387,0.0,0,0,Low
27,123,83,83,0,99.8064,0.0,0,0,Low
27,124,82,82,0,94.6988,0.0002,0,0,Low
27,125,81,81,0,93.8227,0.0,0,0,Low
27,126,80,80,0,94.811,0.0,0,0,Low
27,127,79,79,0,91.4715,0.0002,0,0,Low
27,128,78,78,0,93.8871,0.0002,0,0,Low
27,129,77,77,0,90.738,0.0001,0,0,Low
27,130,76,76,0,94.2796,0.0,0,0,Low
27,131,75,75,0,92.5879,0.0001,0,0,Low
27,132,74,74,0,95.901,0.0001,0,0,Low
27,133,73,73,0,94.4071,0.0001,0,0,Low
27,134,72,72,0,95.7161,0.0,0,0,Low
27,135,71,71,0,91.6585,0.0001,0,0,Low
27,136,70,70,0,92.2654,0.0001,0,0,Low
27,137,69,69,0,96.2942,0.0,0,0,Low
27,138,68,68,0,96.3178,0.0,0,0,Low
27,139,67,67,0,95.5853,0.0,0,0,Low
27,140,66,66,0,95.4293,0.0,0,0,Low
28,15,240,125,0,124.2561,0.0001,0,0,Low
28,16,239,125,0,124.1755,0.0,0,0,Low
28,17,238,125,0,124.4839,0.0,0,0,Low
28,18,237,125,0,124.3646,0.0001,0,0,Low
28,19,236,125,0,124.3839,0.0,0,0,Low
28,20,235,125,0,123.7353,0.0006,0,0,Low
28,21,234,125,0,123.761,0.0003,0,0,Low
28,22,233,125,0,122.6979,0.0051,0,0,Low
28,23,232,125,0,123.6331,0.0038,0,0,Low
28,24,231,125,0,123.6219,0.0035,0,0,Low
28,25,230,125,0,123.8352,0.0002,0,0,Low
28,26,229,125,0,123.8239,0.0,0,0,Low
28,27,228,125,0,123.4472,0.0,0,0,Low
28,28,227,125,0,123.7288,0.0,0,0,Low
28,29,226,125,0,123.7571,0.0,0,0,Low
28,30,225,125,0,122.3518,0.0,0,0,Low
28,31,224,125,0,121.5702,0.0,0,0,Low
28,32,223,125,0,120.5081,0.0,0,0,Low
28,33,222,125,0,120.3588,0.0,0,0,Low
28,34,221,125,0,121.7802,0.0001,0,0,Low
28,35,220,125,0,122.9066,0.0001,0,0,Low
28,36,219,125,0,123.0764,0.0001,0,0,Low
28,37,218,125,0,122.0621,0.0006,0,0,Low
28,38,217,125,0,122.9088,0.0005,0,0,Low
28,39,216,125,0,122.5221,0.0002,0,0,Low
28,40,215,125,0,122.5985,0.0001,0,0,Low
28,41,214,125,0,122.6499,0.0,0,0,Low
28,42,213,125,0,122.4253,0.0,0,0,Low
28,43,212,125,0,120.8859,0.0,0,0,Low
28,44,211,125,0,123.4274,0.0,0,0,Low
28,45,210,125,0,123.2125,0.0,0,0,Low
28,46,209,125,0,123.731,0.0,0,0,Low
28,47,208,125,0,122.0901,0.0,0,0,Low
28,48,207,125,0,122.0619,0.0,0,0,Low
28,49,206,125,0,122.2926,0.0,0,0,Low
28,50,205,125,0,121.4559,0.0,0,0,Low
28,51,204,125,0,121.1364,0.0001,0,0,Low
28,52,203,125,0,121.7065,0.0007,0,0,Low
28,53,202,125,0,121.6687,0.0005,0,0,Low
28,54,201,125,0,120.9095,0.0003,0,0,Low
28,55,200,125,0,120.6474,0.0005,0,0,Low
28,56,199,125,0,120.433,0.0003,0,0,Low
28,57,198,125,0,121.2449,0.0001,0,0,Low
28,58,197,125,0,120.9683,0.0001,0,0,Low
28,59,196,125,0,120.8807,0.0001,0,0,Low
28,60,195,125,0,120.8917,0.0,0,0,Low
28,61,194,125,0,120.8559,0.0,0,0,Low
28,62,193,125,0,121.1554,0.0,0,0,Low
28,63,192,125,0,120.96,0.0,0,0,Low
28,64,191,125,0,120.6912,0.0,0,0,Low
28,65,190,125,0,118.9619,0.0,0,0,Low
28,66,189,125,0,118.9554,0.0,0,0,Low
28,67,188,125,0,119.8976,0.0,0,0,Low
28,68,187,125,0,119.8658,0.0,0,0,Low
28,69,186,125,0,118.4399,0.0,0,0,Low
28,70,185,125,0,118.9962,0.0,0,0,Low
28,71,184,125,0,118.0265,0.0,0,0,Low
28,72,183,125,0,118.46,0.0,0,0,Low
28,73,182,125,0,117.6493,0.0002,0,0,Low
28,74,181,125,0,117.4178,0.0001,0,0,Low
28,75,180,125,0,116.191,0.0,0,0,Low
28,76,179,125,0,115.4031,0.0,0,0,Low
28,77,178,125,0,111.641,0.0001,0,0,Low
28,78,177,125,0,111.0588,0.0001,0,0,Low
28,79,176,125,0,111.6681,0.0,0,0,Low
28,80,175,125,0,111.7926,0.0,0,0,Low
28,81,174,125,0,111.3584,0.0,0,0,Low
28,82,173,125,0,112.0069,0.0001,0,0,Low
28,83,172,125,0,110.4925,0.0001,0,0,Low
28,84,171,125,0,111.2823,0.0001,0,0,Low
28,85,170,125,0,110.8915,0.0003,0,0,Low
28,86,169,125,0,108.371,0.0001,0,0,Low
28,87,168,125,0,103.7349,0.0001,0,0,Low
28,88,167,125,0,103.0026,0.0,0,0,Low
28,89,166,125,0,101.118,0.0,0,0,Low
28,90,165,125,0,98.4036,0.0,0,0,Low
28,91,164,125,0,98.3843,0.0,0,0,Low
28,92,163,125,0,98.8734,0.0,0,0,Low
28,93,162,125,0,100.5916,0.0,0,0,Low
28,94,161,125,0,100.0031,0.0,0,0,Low
28,95,160,125,0,96.5611,0.0001,0,0,Low
28,96,159,125,0,96.0889,0.0007,0,0,Low
28,97,158,125,0,94.7082,0.0002,0,0,Low
28,98,157,125,0,90.4157,0.0001,0,0,Low
28,99,156,125,0,92.0113,0.0001,0,0,Low
28,100,155,125,0,92.0257,0.0008,0,0,Low
28,101,154,125,0,92.9277,0.0001,0,0,Low
28,102,153,125,0,92.7671,0.0001,0,0,Low
28,103,152,125,0,92.1399,0.0001,0,0,Low
28,104,151,125,0,93.6365,0.0002,0,0,Low
28,105,150,125,0,93.3528,0.0,0,0,Low
28,106,149,125,0,92.485,0.0002,0,0,Low
28,107,148,125,0,93.2087,0.0002,0,0,Low
28,108,147,125,0,90.6985,0.0011,0,0,Low
28,109,146,125,0,90.4512,0.002,0,0,Low
28,110,145,125,0,91.3799,0.0048,0,0,Low
28,111,144,125,0,90.7698,0.0013,0,0,Low
28,112,143,125,0,89.2921,0.0052,0,0,Low
28,113,142,125,0,91.299,0.0008,0,0,Low
28,114,141,125,0,91.1331,0.0004,0,0,Low
28,115,140,125,0,93.004,0.0004,0,0,Low
28,116,139,125,0,90.1379,0.0004,0,0,Low
28,117,138,125,0,92.8571,0.0001,0,0,Low
28,118,137,125,0,94.0081,0.0,0,0,Low
28,119,136,125,0,94.5529,0.0001,0,0,Low
28,120,135,125,0,91.2304,0.0,0,0,Low
28,121,134,125,0,88.9827,0.0,0,0,Low
28,122,133,125,0,89.7161,0.0,0,0,Low
28,123,132,125,0,90.8115,0.0,0,0,Low
28,124,131,125,0,91.5927,0.0,0,0,Low
28,125,130,125,0,89.1149,0.0021,0,0,Low
28,126,129,125,0,89.1897,0.0008,0,0,Low
28,127,128,125,0,89.0725,0.0007,0,0,Low
28,128,127,125,0,85.4164,0.0019,0,0,Low
28,129,126,125,0,85.4196,0.0019,0,0,Low
28,130,125,125,0,89.9329,0.0006,0,0,Low
28,131,124,124,0,90.6213,0.0002,0,0,Low
28,132,123,123,0,90.0093,0.0004,0,0,Low
28,133,122,122,0,88.212,0.0004,0,0,Low
28,134,121,121,0,83.9986,0.0002,0,0,Low
28,135,120,120,0,88.4602,0.0,0,0,Low
28,136,119,119,0,84.7633,0.0004,0,0,Low
28,137,118,118,0,86.4571,0.0,0,0,Low
28,138,117,117,0,85.6104,0.0,0,0,Low
28,139,116,116,0,87.5834,0.0,0,0,Low
28,140,115,115,0,87.0732,0.0001,0,0,Low
28,141,114,114,0,89.0031,0.0001,0,0,Low
28,142,113,113,0,84.6052,0.0001,0,0,Low
28,143,112,112,0,87.9308,0.0001,0,0,Low
28,144,111,111,0,84.5646,0.0004,0,0,Low
28,145,110,110,0,85.5553,0.0002,0,0,Low
28,146,109,109,0,85.0135,0.0001,0,0,Low
28,147,108,108,0,88.2558,0.0001,0,0,Low
28,148,107,107,0,84.6987,0.0001,0,0,Low
28,149,106,106,0,89.0597,0.0003,0,0,Low
28,150,105,105,0,91.5493,0.0002,0,0,Low
28,151,104,104,0,91.9982,0.001,0,0,Low
28,152,103,103,0,91.0278,0.0075,0,0,Low
28,153,102,102,0,92.9415,0.0037,0,0,Low
28,154,101,101,0,93.3831,0.0007,0,0,Low
28,155,100,100,0,96.7862,0.0008,0,0,Low
28,156,99,99,0,93.5182,0.0002,0,0,Low
28,157,98,98,0,95.2224,0.0001,0,0,Low
28,158,97,97,0,93.2243,0.0002,0,0,Low
29,15,246,125,0,122.1388,0.0,0,0,Low
29,16,245,125,0,121.8365,0.0,0,0,Low
29,17,244,125,0,122.8353,0.0,0,0,Low
29,18,243,125,0,123.0045,0.0,0,0,Low
29,19,242,125,0,122.9368,0.0,0,0,Low
29,20,241,125,0,122.626,0.0,0,0,Low
29,21,240,125,0,122.3142,0.0,0,0,Low
29,22,239,125,0,121.2176,0.0,0,0,Low
29,23,238,125,0,122.0795,0.0,0,0,Low
29,24,237,125,0,122.3348,0.0,0,0,Low
29,25,236,125,0,121.9941,0.0,0,0,Low
29,26,235,125,0,122.5797,0.0,0,0,Low
29,27,234,125,0,121.55,0.0,0,0,Low
29,28,233,125,0,121.7751,0.0,0,0,Low
29,29,232,125,0,122.3531,0.0,0,0,Low
29,30,231,125,0,122.9308,0.0,0,0,Low
29,31,230,125,0,122.3378,0.0,0,0,Low
29,32,229,125,0,121.3076,0.0,0,0,Low
29,33,228,125,0,122.8481,0.0,0,0,Low
29,34,227,125,0,123.1918,0.0,0,0,Low
29,35,226,125,0,123.6196,0.0,0,0,Low
29,36,225,125,0,122.7355,0.0,0,0,Low
29,37,224,125,0,122.8684,0.0,0,0,Low
29,38,223,125,0,122.901,0.0,0,0,Low
29,39,222,125,0,122.8598,0.0,0,0,Low
29,40,221,125,0,122.7618,0.0,0,0,Low
29,41,220,125,0,123.1507,0.0,0,0,Low
29,42,219,125,0,123.1573,0.0,0,0,Low
29,43,218,125,0,122.8807,0.0,0,0,Low
29,44,217,125,0,122.7676,0.0,0,0,Low
29,45,216,125,0,123.2471,0.0,0,0,Low
29,46,215,125,0,122.334,0.0,0,0,Low
29,47,214,125,0,121.6738,0.0,0,0,Low
29,48,213,125,0,120.5193,0.0,0,0,Low
29,49,212,125,0,120.7142,0.0,0,0,Low
29,50,211,125,0,120.2437,0.0,0,0,Low
29,51,210,125,0,119.5763,0.0,0,0,Low
29,52,209,125,0,120.2596,0.0,0,0,Low
29,53,208,125,0,119.6339,0.0,0,0,Low
29,54,207,125,0,120.3813,0.0,0,0,Low
29,55,206,125,0,119.589,0.0,0,0,Low
29,56,205,125,0,119.6043,0.0,0,0,Low
29,57,204,125,0,117.9278,0.0,0,0,Low
29,58,203,125,0,118.2265,0.0,0,0,Low
29,59,202,125,0,118.6138,0.0,0,0,Low
29,60,201,125,0,118.0235,0.0,0,0,Low
29,61,200,125,0,115.8201,0.0,0,0,Low
29,62,199,125,0,116.3072,0.0,0,0,Low
29,63,198,125,0,117.3272,0.0,0,0,Low
29,64,197,125,0,116.5387,0.0,0,0,Low
29,65,196,125,0,116.9157,0.0,0,0,Low
29,66,195,125,0,116.4059,0.0,0,0,Low
29,67,194,125,0,118.2903,0.0,0,0,Low
29,68,193,125,0,115.717,0.0,0,0,Low
29,69,192,125,0,116.3575,0.0,0,0,Low
29,70,191,125,0,114.8992,0.0,0,0,Low
29,71,190,125,0,115.4216,0.0,0,0,Low
29,72,189,125,0,114.1318,0.0,0,0,Low
29,73,188,125,0,115.4221,0.0,0,0,Low
29,74,187,125,0,113.4348,0.0,0,0,Low
29,75,186,125,0,112.4826,0.0,0,0,Low
29,76,185,125,0,110.9924,0.0,0,0,Low
29,77,184,125,0,113.4877,0.0,0,0,Low
29,78,183,125,0,112.0475,0.0,0,0,Low
29,79,182,125,0,110.4572,0.0,0,0,Low
29,80,181,125,0,110.45,0.0001,0,0,Low
29,81,180,125,0,113.0693,0.0002,0,0,Low
29,82,179,125,0,112.3891,0.0,0,0,Low
29,83,178,125,0,111.9929,0.0,0,0,Low
29,84,177,125,0,113.964,0.0,0,0,Low
29,85,176,125,0,113.6519,0.0,0,0,Low
29,86,175,125,0,113.455,0.0,0,0,Low
29,87,174,125,0,110.9132,0.0,0,0,Low
29,88,173,125,0,111.909,0.0,0,0,Low
29,89,172,125,0,109.632,0.0,0,0,Low
29,90,171,125,0,109.8898,0.0,0,0,Low
29,91,170,125,0,107.401,0.0,0,0,Low
29,92,169,125,0,105.6896,0.0,0,0,Low
29,93,168,125,0,105.2495,0.0,0,0,Low
29,94,167,125,0,106.0607,0.0,0,0,Low
29,95,166,125,0,103.4303,0.0,0,0,Low
29,96,165,125,0,107.6608,0.0,0,0,Low
29,97,164,125,0,107.5707,0.0,0,0,Low
29,98,163,125,0,107.0983,0.0,0,0,Low
29,99,162,125,0,107.8051,0.0,0,0,Low
29,100,161,125,0,110.1112,0.0,0,0,Low
29,101,160,125,0,108.8709,0.0,0,0,Low
29,102,159,125,0,109.1315,0.0,0,0,Low
29,103,158,125,0,109.3772,0.0,0,0,Low
29,104,157,125,0,106.3397,0.0,0,0,Low
29,105,156,125,0,107.2846,0.0,0,0,Low
29,106,155,125,0,108.9658,0.0,0,0,Low
29,107,154,125,0,109.2708,0.0,0,0,Low
29,108,153,125,0,108.8579,0.0,0,0,Low
29,109,152,125,0,107.543,0.0,0,0,Low
29,110,151,125,0,106.8693,0.0,0,0,Low
29,111,150,125,0,107.269,0.0,0,0,Low
29,112,149,125,0,105.849,0.0,0,0,Low
29,113,148,125,0,107.8915,0.0,0,0,Low
29,114,147,125,0,107.3772,0.0,0,0,Low
29,115,146,125,0,108.2945,0.0,0,0,Low
29,116,145,125,0,106.3874,0.0,0,0,Low
29,117,144,125,0,105.5894,0.0,0,0,Low
29,118,143,125,0,106.3911,0.0,0,0,Low
29,119,142,125,0,103.6108,0.0,0,0,Low
29,120,141,125,0,101.6317,0.0,0,0,Low
29,121,140,125,0,98.5795,0.0,0,0,Low
29,122,139,125,0,93.2192,0.0,0,0,Low
29,123,138,125,0,93.862,0.0,0,0,Low
29,124,137,125,0,94.8527,0.0,0,0,Low
29,125,136,125,0,97.1274,0.0,0,0,Low
29,126,135,125,0,95.7204,0.0,0,0,Low
29,127,134,125,0,95.6464,0.0,0,0,Low
29,128,133,125,0,94.9785,0.0,0,0,Low
29,129,132,125,0,92.9822,0.0,0,0,Low
29,130,131,125,0,93.6835,0.0,0,0,Low
29,131,130,125,0,93.1089,0.0,0,0,Low
29,132,129,125,0,95.0155,0.0,0,0,Low
29,133,128,125,0,90.035,0.0001,0,0,Low
29,134,127,125,0,91.1674,0.0001,0,0,Low
29,135,126,125,0,90.1128,0.0,0,0,Low
29,136,125,125,0,87.7682,0.0001,0,0,Low
29,137,124,124,0,90.7627,0.0001,0,0,Low
29,138,123,123,0,91.699,0.0,0,0,Low
29,139,122,122,0,95.2505,0.0,0,0,Low
29,140,121,121,0,92.78,0.0,0,0,Low
29,141,120,120,0,88.4279,0.0,0,0,Low
29,142,119,119,0,88.2954,0.0,0,0,Low
29,143,118,118,0,85.5117,0.0,0,0,Low
29,144,117,117,0,89.0529,0.0001,0,0,Low
29,145,116,116,0,89.0319,0.0003,0,0,Low
29,146,115,115,0,87.815,0.0002,0,0,Low
29,147,114,114,0,83.0744,0.0002,0,0,Low
29,148,113,113,0,86.3271,0.0004,0,0,Low
29,149,112,112,0,87.5921,0.0001,0,0,Low
29,150,111,111,0,87.088,0.0,0,0,Low
29,151,110,110,0,89.0454,0.0001,0,0,Low
29,152,109,109,0,87.4114,0.0003,0,0,Low
29,153,108,108,0,87.2395,0.0001,0,0,Low
29,154,107,107,0,87.9376,0.0001,0,0,Low
29,155,106,106,0,87.6526,0.0001,0,0,Low
29,156,105,105,0,86.2816,0.0002,0,0,Low
29,157,104,104,0,86.6292,0.0,0,0,Low
29,158,103,103,0,88.6104,0.0,0,0,Low
29,159,102,102,0,85.7685,0.0,0,0,Low
29,160,101,101,0,85.0444,0.0,0,0,Low
29,161,100,100,0,82.1055,0.0,0,0,Low
29,162,99,99,0,82.5844,0.0001,0,0,Low
29,163,98,98,0,79.84,0.0,0,0,Low
29,164,97,97,0,82.7758,0.0007,0,0,Low
29,165,96,96,0,85.4723,0.0002,0,0,Low
29,166,95,95,0,81.9845,0.0001,0,0,Low
29,167,94,94,0,83.96,0.0002,0,0,Low
29,168,93,93,0,84.194,0.0002,0,0,Low
29,169,92,92,0,88.3677,0.0,0,0,Low
29,170,91,91,0,84.5285,0.0,0,0,Low
29,171,90,90,0,87.1468,0.0,0,0,Low
30,15,243,125,0,122.5368,0.0008,0,0,Low
30,16,242,125,0,123.2912,0.0007,0,0,Low
30,17,241,125,0,121.9364,0.0015,0,0,Low
30,18,240,125,0,121.3811,0.0021,0,0,Low
30,19,239,125,0,121.6917,0.0133,0,0,Low
30,20,238,125,0,120.8152,0.0012,0,0,Low
30,21,237,125,0,121.3446,0.0012,0,0,Low
30,22,236,125,0,121.3992,0.0006,0,0,Low
30,23,235,125,0,122.0675,0.0007,0,0,Low
30,24,234,125,0,121.8797,0.0001,0,0,Low
30,25,233,125,0,120.6785,0.0007,0,0,Low
30,26,232,125,0,121.5077,0.0008,0,0,Low
30,27,231,125,0,121.0118,0.0004,0,0,Low
30,28,230,125,0,122.7569,0.0017,0,0,Low
30,29,229,125,0,123.0006,0.0007,0,0,Low
30,30,228,125,0,122.5391,0.0008,0,0,Low
30,31,227,125,0,122.5452,0.0003,0,0,Low
30,32,226,125,0,122.8701,0.0002,0,0,Low
30,33,225,125,0,123.2936,0.0001,0,0,Low
30,34,224,125,0,122.9317,0.0001,0,0,Low
30,35,223,125,0,123.225,0.0,0,0,Low
30,36,222,125,0,123.2321,0.0,0,0,Low
30,37,221,125,0,123.1978,0.0001,0,0,Low
30,38,220,125,0,123.4112,0.0,0,0,Low
30,39,219,125,0,123.4272,0.0,0,0,Low
30,40,218,125,0,122.9245,0.0001,0,0,Low
30,41,217,125,0,122.5322,0.0,0,0,Low
30,42,216,125,0,122.656,0.0,0,0,Low
30,43,215,125,0,123.628,0.0,0,0,Low
30,44,214,125,0,123.2328,0.0,0,0,Low
30,45,213,125,0,123.4573,0.0,0,0,Low
30,46,212,125,0,123.0709,0.0001,0,0,Low
30,47,211,125,0,122.7334,0.0002,0,0,Low
30,48,210,125,0,123.1935,0.0005,0,0,Low
30,49,209,125,0,123.4813,0.0006,0,0,Low
30,50,208,125,0,123.3051,0.0001,0,0,Low
30,51,207,125,0,122.7747,0.0005,0,0,Low
30,52,206,125,0,122.3769,0.0016,0,0,Low
30,53,205,125,0,122.7542,0.0006,0,0,Low
30,54,204,125,0,122.3059,0.0016,0,0,Low
30,55,203,125,0,121.9126,0.0039,0,0,Low
30,56,202,125,0,120.4261,0.0013,0,0,Low
30,57,201,125,0,120.1716,0.001,0,0,Low
30,58,200,125,0,120.1102,0.0005,0,0,Low
30,59,199,125,0,119.8011,0.0001,0,0,Low
30,60,198,125,0,119.0301,0.0019,0,0,Low
30,61,197,125,0,117.2749,0.01,0,0,Low
30,62,196,125,0,118.3278,0.0016,0,0,Low
30,63,195,125,0,118.1284,0.0058,0,0,Low
30,64,194,125,0,117.2703,0.0115,0,0,Low
30,65,193,125,0,118.4097,0.0014,0,0,Low
30,66,192,125,0,117.6411,0.0003,0,0,Low
30,67,191,125,0,117.941,0.0003,0,0,Low
30,68,190,125,0,111.2536,0.0003,0,0,Low
30,69,189,125,0,112.4868,0.0002,0,0,Low
30,70,188,125,0,114.7685,0.0003,0,0,Low
30,71,187,125,0,114.4493,0.0005,0,0,Low
30,72,186,125,0,116.4079,0.0002,0,0,Low
30,73,185,125,0,115.8717,0.0001,0,0,Low
30,74,184,125,0,108.8582,0.0001,0,0,Low
30,75,183,125,0,108.0784,0.0003,0,0,Low
30,76,182,125,0,108.5649,0.0002,0,0,Low
30,77,181,125,0,106.2634,0.0005,0,0,Low
30,78,180,125,0,107.109,0.001,0,0,Low
30,79,179,125,0,107.4616,0.0003,0,0,Low
30,80,178,125,0,106.5948,0.0001,0,0,Low
30,81,177,125,0,106.0419,0.0013,0,0,Low
30,82,176,125,0,106.6775,0.0012,0,0,Low
30,83,175,125,0,104.6608,0.0003,0,0,Low
30,84,174,125,0,102.2264,0.0033,0,0,Low
30,85,173,125,0,102.9388,0.0096,0,0,Low
30,86,172,125,0,103.7569,0.0051,0,0,Low
30,87,171,125,0,104.3358,0.0027,0,0,Low
30,88,170,125,0,101.5683,0.0096,0,0,Low
30,89,169,125,0,102.9337,0.0005,0,0,Low
30,90,168,125,0,102.6296,0.0005,0,0,Low
30,91,167,125,0,104.2152,0.0002,0,0,Low
30,92,166,125,0,101.2042,0.0001,0,0,Low
30,93,165,125,0,101.4951,0.0,0,0,Low
30,94,164,125,0,97.9189,0.0001,0,0,Low
30,95,163,125,0,100.3516,0.0,0,0,Low
30,96,162,125,0,99.8661,0.0,0,0,Low
30,97,161,125,0,97.6209,0.0001,0,0,Low
30,98,160,125,0,100.1423,0.0001,0,0,Low
30,99,159,125,0,93.4774,0.0001,0,0,Low
30,100,158,125,0,91.1561,0.0004,0,0,Low
30,101,157,125,0,86.031,0.0007,0,0,Low
30,102,156,125,0,92.4029,0.0005,0,0,Low
30,103,155,125,0,95.973,0.0002,0,0,Low
30,104,154,125,0,95.0622,0.0011,0,0,Low
30,105,153,125,0,96.6319,0.0008,0,0,Low
30,106,152,125,0,95.1154,0.0024,0,0,Low
30,107,151,125,0,91.9316,0.0044,0,0,Low
30,108,150,125,0,89.3866,0.0095,0,0,Low
30,109,149,125,0,88.9925,0.0081,0,0,Low
30,110,148,125,0,88.2136,0.039,0,0,Low
30,111,147,125,0,88.3256,0.115,0,0,Low
30,112,146,125,0,86.5134,0.412,0,0,Elevated
30,113,145,125,0,89.2594,0.2637,0,0,Low
30,114,144,125,0,84.7354,0.2644,0,0,Low
30,115,143,125,0,85.3016,0.0957,0,0,Low
30,116,142,125,0,89.2205,0.0382,0,0,Low
30,117,141,125,0,84.4509,0.0132,0,0,Low
30,118,140,125,0,94.7975,0.0036,0,0,Low
30,119,139,125,0,89.0535,0.0006,0,0,Low
30,120,138,125,0,86.3948,0.0008,0,0,Low
30,121,137,125,0,85.232,0.0041,0,1,Low
30,122,136,125,0,90.4856,0.0007,0,0,Low
30,123,135,125,0,76.1566,0.0013,0,0,Low
30,124,134,125,0,78.8298,0.0012,0,0,Low
30,125,133,125,0,77.6009,0.0025,0,0,Low
30,126,132,125,0,72.453,0.0006,0,0,Low
30,127,131,125,0,71.2974,0.0074,0,1,Low
30,128,130,125,0,69.1617,0.0047,0,0,Low
30,129,129,125,0,72.2995,0.003,0,0,Low
30,130,128,125,0,79.9615,0.0059,0,0,Low
30,131,127,125,0,72.8792,0.0691,0,1,Low
30,132,126,125,0,78.2671,0.0059,0,0,Low
30,133,125,125,0,80.0961,0.0016,0,0,Low
30,134,124,124,0,89.247,0.0075,0,0,Low
30,135,123,123,0,91.9568,0.0033,0,0,Low
30,136,122,122,0,94.086,0.0004,0,0,Low
30,137,121,121,0,92.991,0.0016,0,0,Low
30,138,120,120,0,89.6455,0.0152,0,0,Low
30,139,119,119,0,89.8877,0.0045,0,0,Low
30,140,118,118,0,93.8058,0.0034,0,0,Low
30,141,117,117,0,93.3758,0.0055,0,0,Low
30,142,116,116,0,89.8259,0.0084,0,1,Low
30,143,115,115,0,86.384,0.0004,0,0,Low
31,15,189,125,0,121.7223,0.0,0,0,Low
31,16,188,125,0,122.9529,0.0,0,0,Low
31,17,187,125,0,122.9185,0.0,0,0,Low
31,18,186,125,0,123.0891,0.0,0,0,Low
31,19,185,125,0,123.3869,0.0,0,0,Low
31,20,184,125,0,123.546,0.0,0,0,Low
31,21,183,125,0,122.9382,0.0,0,0,Low
31,22,182,125,0,122.0239,0.0,0,0,Low
31,23,181,125,0,120.8209,0.0,0,0,Low
31,24,180,125,0,121.3035,0.0,0,0,Low
31,25,179,125,0,122.1024,0.0,0,0,Low
31,26,178,125,0,121.9557,0.0,0,0,Low
31,27,177,125,0,121.888,0.0,0,0,Low
31,28,176,125,0,121.6856,0.0,0,0,Low
31,29,175,125,0,121.6701,0.0,0,0,Low
31,30,174,125,0,122.1153,0.0,0,0,Low
31,31,173,125,0,121.4976,0.0,0,0,Low
31,32,172,125,0,121.3908,0.0,0,0,Low
31,33,171,125,0,121.8396,0.0,0,0,Low
31,34,170,125,0,121.4037,0.0,0,0,Low
31,35,169,125,0,120.9706,0.0,0,0,Low
31,36,168,125,0,120.309,0.0,0,0,Low
31,37,167,125,0,120.0097,0.0,0,0,Low
31,38,166,125,0,119.4188,0.0,0,0,Low
31,39,165,125,0,119.289,0.0,0,0,Low
31,40,164,125,0,120.0318,0.0,0,0,Low
31,41,163,125,0,118.9445,0.0,0,0,Low
31,42,162,125,0,120.2728,0.0,0,0,Low
31,43,161,125,0,120.5446,0.0,0,0,Low
31,44,160,125,0,120.6069,0.0001,0,0,Low
31,45,159,125,0,120.2568,0.0,0,0,Low
31,46,158,125,0,120.0853,0.0,0,0,Low
31,47,157,125,0,119.0066,0.0,0,0,Low
31,48,156,125,0,118.1855,0.0,0,0,Low
31,49,155,125,0,117.2629,0.0,0,0,Low
31,50,154,125,0,117.7925,0.0,0,0,Low
31,51,153,125,0,116.9104,0.0,0,0,Low
31,52,152,125,0,116.8824,0.0,0,0,Low
31,53,151,125,0,116.6206,0.0,0,0,Low
31,54,150,125,0,114.9303,0.0,0,0,Low
31,55,149,125,0,113.6963,0.0,0,0,Low
31,56,148,125,0,113.9535,0.0,0,0,Low
31,57,147,125,0,115.2927,0.0,0,0,Low
31,58,146,125,0,113.0751,0.0,0,0,Low
31,59,145,125,0,112.7729,0.0,0,0,Low
31,60,144,125,0,112.0501,0.0,0,0,Low
31,61,143,125,0,110.2628,0.0001,0,0,Low
31,62,142,125,0,110.9674,0.0,0,0,Low
31,63,141,125,0,111.1188,0.0,0,0,Low
31,64,140,125,0,110.6607,0.0001,0,0,Low
31,65,139,125,0,109.0535,0.0001,0,0,Low
31,66,138,125,0,108.6685,0.0,0,0,Low
31,67,137,125,0,109.3067,0.0,0,0,Low
31,68,136,125,0,109.1231,0.0,0,0,Low
31,69,135,125,0,108.8349,0.0,0,0,Low
31,70,134,125,0,109.453,0.0,0,0,Low
31,71,133,125,0,109.1109,0.0,0,0,Low
31,72,132,125,0,109.5864,0.0,0,0,Low
31,73,131,125,0,110.0274,0.0,0,0,Low
31,74,130,125,0,109.5021,0.0,0,0,Low
31,75,129,125,0,112.2564,0.0,0,0,Low
31,76,128,125,0,110.0509,0.0,0,0,Low
31,77,127,125,0,111.4855,0.0,0,0,Low
31,78,126,125,0,111.3614,0.0,0,0,Low
31,79,125,125,0,108.7059,0.0,0,0,Low
31,80,124,124,0,111.535,0.0,0,0,Low
31,81,123,123,0,111.9079,0.0,0,0,Low
31,82,122,122,0,110.0847,0.0,0,0,Low
31,83,121,121,0,106.5594,0.0,0,0,Low
31,84,120,120,0,106.5012,0.0,0,0,Low
31,85,119,119,0,103.2927,0.0,0,0,Low
31,86,118,118,0,107.6584,0.0,0,0,Low
31,87,117,117,0,103.2625,0.0,0,0,Low
31,88,116,116,0,104.6185,0.0,0,0,Low
31,89,115,115,0,101.3577,0.0001,0,0,Low
31,90,114,114,0,98.1315,0.0,0,0,Low
31,91,113,113,0,95.6037,0.0001,0,0,Low
31,92,112,112,0,94.1201,0.0002,0,0,Low
31,93,111,111,0,89.9106,0.0002,0,0,Low
31,94,110,110,0,88.8345,0.0001,0,0,Low
31,95,109,109,0,89.6408,0.0002,0,0,Low
31,96,108,108,0,88.7808,0.0002,0,0,Low
31,97,107,107,0,85.6801,0.0005,0,0,Low
31,98,106,106,0,86.1985,0.0001,0,0,Low
31,99,105,105,0,89.1488,0.0001,0,0,Low
31,100,104,104,0,83.661,0.0001,0,0,Low
31,101,103,103,0,81.6778,0.0001,0,0,Low
31,102,102,102,0,83.4575,0.0009,0,0,Low
31,103,101,101,0,78.5295,0.0005,0,0,Low
31,104,100,100,0,77.0337,0.0007,0,0,Low
31,105,99,99,0,83.4137,0.0,0,0,Low
31,106,98,98,0,82.2873,0.0001,0,0,Low
31,107,97,97,0,82.1018,0.0001,0,0,Low
31,108,96,96,0,83.6571,0.0,0,0,Low
31,109,95,95,0,83.4059,0.0,0,0,Low
31,110,94,94,0,81.1976,0.0,0,0,Low
31,111,93,93,0,82.3481,0.0,0,0,Low
31,112,92,92,0,84.7018,0.0,0,0,Low
31,113,91,91,0,83.6313,0.0,0,0,Low
31,114,90,90,0,83.3137,0.0,0,0,Low
31,115,89,89,0,83.0378,0.0,0,0,Low
31,116,88,88,0,82.3554,0.0003,0,0,Low
31,117,87,87,0,83.2311,0.0003,0,0,Low
31,118,86,86,0,82.3964,0.0047,0,0,Low
31,119,85,85,0,81.5671,0.005,0,0,Low
31,120,84,84,0,81.2141,0.0026,0,0,Low
31,121,83,83,0,81.9258,0.0014,0,0,Low
31,122,82,82,0,83.5022,0.0023,0,0,Low
31,123,81,81,0,77.9824,0.0031,0,0,Low
31,124,80,80,0,76.9982,0.0045,0,0,Low
31,125,79,79,0,76.3269,0.0026,0,0,Low
31,126,78,78,0,76.6557,0.0003,0,0,Low
31,127,77,77,0,76.6443,0.0004,0,0,Low
31,128,76,76,0,77.0965,0.0005,0,0,Low
31,129,75,75,0,77.7432,0.0002,0,0,Low
31,130,74,74,0,77.1575,0.0003,0,0,Low
31,131,73,73,0,78.5778,0.0013,0,0,Low
31,132,72,72,0,74.1783,0.0013,0,0,Low
31,133,71,71,0,75.5521,0.0006,0,0,Low
31,134,70,70,0,72.184,0.0006,0,0,Low
31,135,69,69,0,71.324,0.0011,0,0,Low
31,136,68,68,0,71.0862,0.0006,0,0,Low
31,137,67,67,0,70.8968,0.002,0,0,Low
31,138,66,66,0,70.0964,0.0012,0,0,Low
31,139,65,65,0,70.5133,0.002,0,0,Low
31,140,64,64,0,70.6096,0.0002,0,0,Low
31,141,63,63,0,76.8003,0.0003,0,0,Low
31,142,62,62,0,76.3137,0.0011,0,0,Low
31,143,61,61,0,72.7036,0.0009,0,0,Low
31,144,60,60,0,75.6418,0.0007,0,0,Low
31,145,59,59,0,70.1914,0.0158,0,0,Low
31,146,58,58,0,67.0183,0.0287,0,0,Low
31,147,57,57,0,66.7714,0.0042,0,0,Low
31,148,56,56,0,65.3008,0.0621,0,0,Low
31,149,55,55,0,62.6172,0.0548,0,0,Low
31,150,54,54,0,61.54,0.0476,0,0,Low
31,151,53,53,0,59.786,0.0177,0,0,Low
31,152,52,52,0,60.4952,0.0742,0,0,Low
31,153,51,51,0,54.9052,0.0244,0,0,Low
31,154,50,50,0,51.661,0.3523,0,1,Low
31,155,49,49,0,50.8645,0.0085,0,1,Low
31,156,48,48,0,48.9281,0.0078,0,1,Low
31,157,47,47,0,47.599,0.0302,0,1,Low
31,158,46,46,0,49.2695,0.0047,0,1,Low
31,159,45,45,0,52.8289,0.0031,0,1,Low
31,160,44,44,0,48.5643,0.0092,0,1,Low
31,161,43,43,0,45.3821,0.1358,0,1,Low
31,162,42,42,0,43.9731,0.139,0,1,Low
31,163,41,41,0,44.6579,0.6252,0,1,Elevated
31,164,40,40,0,45.1631,0.3576,0,1,Low
31,165,39,39,0,46.2355,0.5703,0,1,Elevated
31,166,38,38,0,49.5834,0.3913,0,1,Low
31,167,37,37,0,46.423,0.2654,0,1,Low
31,168,36,36,0,48.0038,0.1929,0,1,Low
31,169,35,35,0,44.4442,0.2566,0,1,Low
31,170,34,34,0,45.3258,0.1393,0,1,Low
31,171,33,33,0,42.4856,0.1031,0,1,Low
31,172,32,32,0,44.2114,0.0915,0,1,Low
31,173,31,31,0,43.3843,0.0514,0,1,Low
31,174,30,30,1,42.8174,0.1521,0,1,Low
31,175,29,29,1,42.8379,0.2747,0,1,Low
31,176,28,28,1,40.596,0.6899,0,1,Elevated
31,177,27,27,1,39.0953,0.7656,0,1,Elevated
31,178,26,26,1,34.5462,0.9358,1,1,High
31,179,25,25,1,26.4997,0.9885,1,1,High
31,180,24,24,1,21.8222,0.9949,1,1,High
31,181,23,23,1,22.508,0.9918,1,1,High
31,182,22,22,1,21.0953,0.9975,1,1,High
31,183,21,21,1,21.5602,0.9962,1,1,High
31,184,20,20,1,23.4555,0.9976,1,1,High
31,185,19,19,1,23.0497,0.9974,1,1,High
31,186,18,18,1,21.1771,0.9988,1,1,High
31,187,17,17,1,22.2088,0.9989,1,1,High
31,188,16,16,1,20.8339,0.9977,1,1,High
31,189,15,15,1,17.6793,0.9909,1,1,High
31,190,14,14,1,16.6193,0.9968,1,1,High
31,191,13,13,1,19.2423,0.9973,1,1,High
31,192,12,12,1,15.3747,0.9987,1,1,High
31,193,11,11,1,14.2387,0.9993,1,1,High
31,194,10,10,1,13.3204,0.9997,1,1,High
31,195,9,9,1,12.5939,0.9994,1,1,High
31,196,8,8,1,13.3568,0.9997,1,1,High
32,15,178,125,0,124.5976,0.0,0,0,Low
32,16,177,125,0,124.5545,0.0,0,0,Low
32,17,176,125,0,124.6871,0.0,0,0,Low
32,18,175,125,0,124.6341,0.0,0,0,Low
32,19,174,125,0,124.8278,0.0,0,0,Low
32,20,173,125,0,124.5621,0.0,0,0,Low
32,21,172,125,0,124.2252,0.0,0,1,Low
32,22,171,125,0,124.3424,0.0,0,0,Low
32,23,170,125,0,124.0558,0.0,0,0,Low
32,24,169,125,0,124.0859,0.0,0,0,Low
32,25,168,125,0,123.7413,0.0,0,0,Low
32,26,167,125,0,123.9834,0.0,0,0,Low
32,27,166,125,0,124.1737,0.0,0,0,Low
32,28,165,125,0,124.1157,0.0,0,0,Low
32,29,164,125,0,124.1379,0.0,0,0,Low
32,30,163,125,0,124.2009,0.0,0,0,Low
32,31,162,125,0,124.2341,0.0,0,0,Low
32,32,161,125,0,123.2222,0.0,0,0,Low
32,33,160,125,0,124.4294,0.0,0,0,Low
32,34,159,125,0,124.5975,0.0,0,0,Low
32,35,158,125,0,124.4143,0.0,0,0,Low
32,36,157,125,0,124.4472,0.0,0,0,Low
32,37,156,125,0,124.5233,0.0,0,0,Low
32,38,155,125,0,124.3536,0.0,0,0,Low
32,39,154,125,0,124.5857,0.0,0,0,Low
32,40,153,125,0,124.7,0.0,0,0,Low
32,41,152,125,0,124.8061,0.0,0,0,Low
32,42,151,125,0,124.6941,0.0,0,0,Low
32,43,150,125,0,124.2434,0.0,0,0,Low
32,44,149,125,0,124.0948,0.0,0,0,Low
32,45,148,125,0,123.9707,0.0,0,0,Low
32,46,147,125,0,123.9352,0.0,0,0,Low
32,47,146,125,0,124.1261,0.0,0,0,Low
32,48,145,125,0,123.8501,0.0,0,0,Low
32,49,144,125,0,123.9939,0.0,0,0,Low
32,50,143,125,0,123.8912,0.0,0,0,Low
32,51,142,125,0,123.7462,0.0,0,0,Low
32,52,141,125,0,124.1964,0.0,0,0,Low
32,53,140,125,0,123.9277,0.0,0,0,Low
32,54,139,125,0,124.1181,0.0,0,0,Low
32,55,138,125,0,123.9251,0.0,0,0,Low
32,56,137,125,0,124.2536,0.0,0,0,Low
32,57,136,125,0,123.8288,0.0,0,1,Low
32,58,135,125,0,123.4702,0.0,0,0,Low
32,59,134,125,0,123.4015,0.0,0,1,Low
32,60,133,125,0,123.631,0.0,0,1,Low
32,61,132,125,0,123.5797,0.0,0,1,Low
32,62,131,125,0,123.3019,0.0,0,0,Low
32,63,130,125,0,123.263,0.0,0,0,Low
32,64,129,125,0,123.7684,0.0,0,0,Low
32,65,128,125,0,123.8218,0.0,0,0,Low
32,66,127,125,0,123.4125,0.0,0,0,Low
32,67,126,125,0,123.7713,0.0,0,0,Low
32,68,125,125,0,123.6662,0.0,0,0,Low
32,69,124,124,0,123.8252,0.0,0,0,Low
32,70,123,123,0,122.9152,0.0,0,0,Low
32,71,122,122,0,122.6812,0.0,0,0,Low
32,72,121,121,0,122.884,0.0,0,0,Low
32,73,120,120,0,120.158,0.0,0,0,Low
32,74,119,119,0,119.8141,0.0,0,0,Low
32,75,118,118,0,120.4194,0.0,0,0,Low
32,76,117,117,0,120.4081,0.0,0,0,Low
32,77,116,116,0,118.7746,0.0,0,0,Low
32,78,115,115,0,118.9107,0.0,0,0,Low
32,79,114,114,0,117.0248,0.0,0,0,Low
32,80,113,113,0,112.5503,0.0,0,0,Low
32,81,112,112,0,113.6026,0.0,0,0,Low
32,82,111,111,0,113.3284,0.0,0,0,Low
32,83,110,110,0,112.7118,0.0,0,0,Low
32,84,109,109,0,111.5122,0.0,0,0,Low
32,85,108,108,0,110.586,0.0,0,0,Low
32,86,107,107,0,110.5139,0.0,0,0,Low
32,87,106,106,0,112.6327,0.0,0,0,Low
32,88,105,105,0,114.6283,0.0,0,0,Low
32,89,104,104,0,114.4003,0.0,0,0,Low
32,90,103,103,0,116.8753,0.0,0,0,Low
32,91,102,102,0,113.477,0.0,0,0,Low
32,92,101,101,0,115.1828,0.0,0,0,Low
32,93,100,100,0,116.0403,0.0,0,0,Low
32,94,99,99,0,115.7644,0.0,0,0,Low
32,95,98,98,0,112.0148,0.0,0,0,Low
32,96,97,97,0,113.5645,0.0,0,0,Low
32,97,96,96,0,114.1849,0.0,0,0,Low
32,98,95,95,0,109.7038,0.0,0,0,Low
32,99,94,94,0,110.3267,0.0,0,0,Low
32,100,93,93,0,106.6768,0.0,0,0,Low
32,101,92,92,0,104.9446,0.0,0,0,Low
32,102,91,91,0,100.2063,0.0,0,0,Low
32,103,90,90,0,100.6996,0.0,0,0,Low
32,104,89,89,0,96.4103,0.0,0,0,Low
32,105,88,88,0,92.0586,0.0,0,0,Low
32,106,87,87,0,86.6173,0.0,0,0,Low
32,107,86,86,0,86.4622,0.0,0,0,Low
32,108,85,85,0,87.9764,0.0,0,0,Low
32,109,84,84,0,87.5285,0.0,0,0,Low
32,110,83,83,0,92.4312,0.0,0,0,Low
32,111,82,82,0,86.591,0.0,0,0,Low
32,112,81,81,0,87.5391,0.0,0,0,Low
32,113,80,80,0,89.9332,0.0,0,0,Low
32,114,79,79,0,90.0698,0.0,0,0,Low
32,115,78,78,0,88.8725,0.0,0,0,Low
32,116,77,77,0,92.304,0.0,0,0,Low
32,117,76,76,0,89.7012,0.0,0,0,Low
32,118,75,75,0,91.2348,0.0,0,0,Low
32,119,74,74,0,86.0834,0.0,0,0,Low
32,120,73,73,0,83.6918,0.0,0,0,Low
32,121,72,72,0,83.8951,0.0,0,0,Low
32,122,71,71,0,84.6562,0.0006,0,0,Low
32,123,70,70,0,80.2938,0.0002,0,0,Low
32,124,69,69,0,79.9614,0.0001,0,0,Low
32,125,68,68,0,79.0606,0.0,0,0,Low
32,126,67,67,0,78.6682,0.0,0,0,Low
32,127,66,66,0,77.994,0.0,0,0,Low
32,128,65,65,0,78.3504,0.0,0,0,Low
32,129,64,64,0,74.4212,0.0001,0,0,Low
32,130,63,63,0,76.9057,0.0005,0,0,Low
32,131,62,62,0,75.4899,0.0007,0,0,Low
32,132,61,61,0,74.6442,0.0055,0,0,Low
32,133,60,60,0,70.5557,0.0008,0,0,Low
32,134,59,59,0,70.8213,0.0006,0,0,Low
32,135,58,58,0,69.1196,0.001,0,0,Low
32,136,57,57,0,65.9706,0.0007,0,0,Low
32,137,56,56,0,65.746,0.0003,0,0,Low
32,138,55,55,0,62.8455,0.0011,0,0,Low
32,139,54,54,0,62.9604,0.0011,0,0,Low
32,140,53,53,0,65.1131,0.0007,0,0,Low
32,141,52,52,0,61.2443,0.0008,0,0,Low
32,142,51,51,0,57.069,0.001,0,0,Low
32,143,50,50,0,55.8563,0.004,0,0,Low
32,144,49,49,0,52.4707,0.0025,0,0,Low
32,145,48,48,0,49.9568,0.0031,0,0,Low
33,15,141,125,0,121.454,0.0005,0,0,Low
33,16,140,125,0,121.5664,0.0024,0,0,Low
33,17,139,125,0,120.6013,0.0029,0,0,Low
33,18,138,125,0,121.7277,0.007,0,0,Low
33,19,137,125,0,120.7623,0.0154,0,0,Low
33,20,136,125,0,121.7588,0.0158,0,0,Low
33,21,135,125,0,122.4467,0.0091,0,0,Low
33,22,134,125,0,120.8936,0.0141,0,0,Low
33,23,133,125,0,121.0916,0.0051,0,0,Low
33,24,132,125,0,121.8794,0.0059,0,0,Low
33,25,131,125,0,122.3283,0.0005,0,0,Low
33,26,130,125,0,119.749,0.0061,0,0,Low
33,27,129,125,0,121.6565,0.0059,0,0,Low
33,28,128,125,0,121.5129,0.0041,0,0,Low
33,29,127,125,0,121.5189,0.0011,0,0,Low
33,30,126,125,0,121.3451,0.025,0,0,Low
33,31,125,125,0,121.5142,0.0404,0,0,Low
33,32,124,124,0,121.9397,0.0277,0,0,Low
33,33,123,123,0,121.6712,0.0652,0,0,Low
33,34,122,122,0,118.2178,0.278,0,0,Low
33,35,121,121,0,119.7539,0.0559,0,0,Low
33,36,120,120,0,119.4869,0.0057,0,0,Low
33,37,119,119,0,119.1944,0.0171,0,0,Low
33,38,118,118,0,119.3224,0.0278,0,0,Low
33,39,117,117,0,118.1763,0.0092,0,0,Low
33,40,116,116,0,117.5944,0.0185,0,0,Low
33,41,115,115,0,119.7771,0.0286,0,0,Low
33,42,114,114,0,119.4204,0.0773,0,0,Low
33,43,113,113,0,119.6265,0.015,0,0,Low
33,44,112,112,0,116.2953,0.0104,0,0,Low
33,45,111,111,0,116.5906,0.0057,0,0,Low
33,46,110,110,0,114.7956,0.0025,0,0,Low
33,47,109,109,0,118.9246,0.0006,0,0,Low
33,48,108,108,0,119.5014,0.0046,0,0,Low
33,49,107,107,0,120.6484,0.0028,0,0,Low
33,50,106,106,0,120.4191,0.0026,0,0,Low
34,15,195,125,0,124.8498,0.0,0,0,Low
34,16,194,125,0,124.8403,0.0,0,0,Low
34,17,193,125,0,124.8399,0.0,0,0,Low
34,18,192,125,0,124.6353,0.0,0,0,Low
34,19,191,125,0,124.3056,0.0,0,0,Low
34,20,190,125,0,124.2883,0.0,0,0,Low
34,21,189,125,0,124.0331,0.0,0,0,Low
34,22,188,125,0,124.2145,0.0,0,1,Low
34,23,187,125,0,124.0223,0.0,0,1,Low
34,24,186,125,0,124.1322,0.0,0,0,Low
34,25,185,125,0,124.2795,0.0,0,1,Low
34,26,184,125,0,124.4323,0.0,0,1,Low
34,27,183,125,0,124.7271,0.0,0,0,Low
34,28,182,125,0,124.6972,0.0,0,1,Low
34,29,181,125,0,124.7567,0.0,0,0,Low
34,30,180,125,0,124.7582,0.0,0,0,Low
34,31,179,125,0,124.7403,0.0,0,0,Low
34,32,178,125,0,124.7467,0.0,0,0,Low
34,33,177,125,0,124.8006,0.0,0,0,Low
34,34,176,125,0,124.0839,0.0,0,0,Low
34,35,175,125,0,123.9684,0.0,0,0,Low
34,36,174,125,0,123.9077,0.0,0,0,Low
34,37,173,125,0,124.2222,0.0,0,0,Low
34,38,172,125,0,124.1338,0.0,0,0,Low
34,39,171,125,0,124.0543,0.0,0,0,Low
34,40,170,125,0,124.021,0.0,0,0,Low
34,41,169,125,0,124.7183,0.0,0,0,Low
34,42,168,125,0,124.6763,0.0,0,0,Low
34,43,167,125,0,124.7745,0.0,0,0,Low
34,44,166,125,0,124.7472,0.0,0,0,Low
34,45,165,125,0,124.7961,0.0,0,0,Low
34,46,164,125,0,124.3801,0.0,0,0,Low
34,47,163,125,0,124.337,0.0,0,0,Low
34,48,162,125,0,124.7254,0.0,0,0,Low
34,49,161,125,0,124.7782,0.0,0,0,Low
34,50,160,125,0,124.7976,0.0,0,0,Low
34,51,159,125,0,124.7328,0.0,0,0,Low
34,52,158,125,0,124.7528,0.0,0,0,Low
34,53,157,125,0,124.4835,0.0,0,0,Low
34,54,156,125,0,124.667,0.0,0,0,Low
34,55,155,125,0,124.6482,0.0,0,0,Low
34,56,154,125,0,124.5783,0.0,0,0,Low
34,57,153,125,0,124.5918,0.0,0,0,Low
34,58,152,125,0,124.5668,0.0,0,0,Low
34,59,151,125,0,124.738,0.0,0,0,Low
34,60,150,125,0,124.7227,0.0,0,0,Low
34,61,149,125,0,124.6645,0.0,0,0,Low
34,62,148,125,0,123.9764,0.0,0,0,Low
34,63,147,125,0,123.4667,0.0,0,0,Low
34,64,146,125,0,124.2126,0.0,0,0,Low
34,65,145,125,0,124.0306,0.0,0,0,Low
34,66,144,125,0,123.8645,0.0,0,0,Low
34,67,143,125,0,121.7191,0.0,0,0,Low
34,68,142,125,0,122.7379,0.0,0,0,Low
34,69,141,125,0,120.6207,0.0,0,0,Low
34,70,140,125,0,119.3032,0.0,0,0,Low
34,71,139,125,0,119.7027,0.0,0,0,Low
34,72,138,125,0,119.7475,0.0,0,0,Low
34,73,137,125,0,117.9317,0.0,0,0,Low
34,74,136,125,0,120.3274,0.0,0,0,Low
34,75,135,125,0,120.2162,0.0,0,0,Low
34,76,134,125,0,121.0084,0.0,0,0,Low
34,77,133,125,0,122.0988,0.0,0,0,Low
34,78,132,125,0,122.9103,0.0,0,0,Low
34,79,131,125,0,123.2484,0.0,0,0,Low
34,80,130,125,0,123.1156,0.0,0,0,Low
34,81,129,125,0,122.8925,0.0,0,0,Low
34,82,128,125,0,120.4376,0.0,0,0,Low
34,83,127,125,0,120.6966,0.0,0,0,Low
34,84,126,125,0,121.7152,0.0,0,0,Low
34,85,125,125,0,121.562,0.0,0,0,Low
34,86,124,124,0,121.466,0.0,0,0,Low
34,87,123,123,0,121.0673,0.0,0,0,Low
34,88,122,122,0,120.6704,0.0,0,0,Low
34,89,121,121,0,120.0861,0.0,0,0,Low
34,90,120,120,0,119.6261,0.0,0,0,Low
34,91,119,119,0,117.3471,0.0,0,0,Low
34,92,118,118,0,117.2148,0.0,0,0,Low
34,93,117,117,0,117.9108,0.0,0,0,Low
34,94,116,116,0,114.4633,0.0,0,0,Low
34,95,115,115,0,115.6178,0.0,0,0,Low
34,96,114,114,0,112.3794,0.0,0,0,Low
34,97,113,113,0,113.6655,0.0,0,0,Low
34,98,112,112,0,113.6875,0.0,0,0,Low
34,99,111,111,0,115.4432,0.0,0,0,Low
34,100,110,110,0,113.9168,0.0,0,0,Low
34,101,109,109,0,115.1147,0.0,0,0,Low
34,102,108,108,0,116.3188,0.0,0,0,Low
34,103,107,107,0,116.5685,0.0,0,0,Low
34,104,106,106,0,113.7221,0.0,0,0,Low
34,105,105,105,0,112.9636,0.0,0,0,Low
34,106,104,104,0,111.8796,0.0,0,0,Low
34,107,103,103,0,113.8376,0.0,0,0,Low
34,108,102,102,0,109.3768,0.0,0,0,Low
34,109,101,101,0,111.8451,0.0,0,0,Low
34,110,100,100,0,110.657,0.0,0,0,Low
34,111,99,99,0,112.2228,0.0,0,0,Low
34,112,98,98,0,112.4508,0.0,0,0,Low
34,113,97,97,0,113.6321,0.0001,0,0,Low
34,114,96,96,0,110.3742,0.0001,0,0,Low
34,115,95,95,0,109.4635,0.0001,0,0,Low
34,116,94,94,0,108.2272,0.0001,0,0,Low
34,117,93,93,0,104.2785,0.0002,0,0,Low
34,118,92,92,0,103.4476,0.0,0,0,Low
34,119,91,91,0,102.5061,0.0,0,0,Low
34,120,90,90,0,102.1781,0.0001,0,0,Low
34,121,89,89,0,101.3461,0.0,0,0,Low
34,122,88,88,0,99.5751,0.0,0,0,Low
34,123,87,87,0,99.1271,0.0001,0,0,Low
34,124,86,86,0,100.0229,0.0,0,0,Low
34,125,85,85,0,101.4162,0.0,0,0,Low
34,126,84,84,0,101.7347,0.0,0,0,Low
34,127,83,83,0,101.0996,0.0,0,0,Low
34,128,82,82,0,100.6197,0.0,0,0,Low
34,129,81,81,0,101.0873,0.0,0,0,Low
34,130,80,80,0,101.8623,0.0,0,0,Low
34,131,79,79,0,102.2567,0.0,0,0,Low
34,132,78,78,0,99.0017,0.0,0,0,Low
34,133,77,77,0,98.5273,0.0,0,0,Low
34,134,76,76,0,99.2776,0.0,0,0,Low
34,135,75,75,0,96.7563,0.0,0,0,Low
34,136,74,74,0,95.893,0.0,0,0,Low
34,137,73,73,0,97.182,0.0,0,0,Low
34,138,72,72,0,95.682,0.0002,0,0,Low
34,139,71,71,0,94.0744,0.0,0,0,Low
34,140,70,70,0,94.2683,0.0,0,0,Low
34,141,69,69,0,95.9195,0.0,0,0,Low
34,142,68,68,0,96.7873,0.0,0,0,Low
34,143,67,67,0,94.3027,0.0001,0,0,Low
34,144,66,66,0,94.7789,0.0001,0,0,Low
34,145,65,65,0,93.7756,0.0012,0,0,Low
34,146,64,64,0,95.1949,0.0005,0,0,Low
34,147,63,63,0,98.1319,0.0003,0,0,Low
34,148,62,62,0,96.439,0.0,0,0,Low
34,149,61,61,0,92.754,0.0001,0,0,Low
34,150,60,60,0,91.3812,0.0011,0,0,Low
34,151,59,59,0,92.5023,0.0008,0,0,Low
34,152,58,58,0,90.4598,0.0023,0,0,Low
34,153,57,57,0,92.7127,0.002,0,0,Low
34,154,56,56,0,90.4531,0.0055,0,0,Low
34,155,55,55,0,93.8186,0.0006,0,0,Low
34,156,54,54,0,89.5899,0.0002,0,0,Low
34,157,53,53,0,89.8551,0.0006,0,0,Low
34,158,52,52,0,89.4429,0.0014,0,0,Low
34,159,51,51,0,90.4715,0.0008,0,0,Low
34,160,50,50,0,92.3585,0.0008,0,0,Low
34,161,49,49,0,89.0889,0.0006,0,0,Low
34,162,48,48,0,94.1737,0.0008,0,0,Low
34,163,47,47,0,93.6952,0.0002,0,0,Low
34,164,46,46,0,95.4728,0.0003,0,0,Low
34,165,45,45,0,96.7008,0.0006,0,0,Low
34,166,44,44,0,92.6915,0.0022,0,0,Low
34,167,43,43,0,90.3856,0.0053,0,0,Low
34,168,42,42,0,91.7601,0.0085,0,0,Low
34,169,41,41,0,75.1722,0.1328,0,0,Low
34,170,40,40,0,68.0292,0.0647,0,0,Low
34,171,39,39,0,59.8647,0.5022,0,1,Elevated
34,172,38,38,0,61.5404,0.5533,0,1,Elevated
34,173,37,37,0,64.9606,0.4137,0,1,Elevated
34,174,36,36,0,67.4556,0.2082,0,1,Low
34,175,35,35,0,65.0712,0.2797,0,1,Low
34,176,34,34,0,64.9964,0.0273,0,1,Low
34,177,33,33,0,64.5839,0.0541,0,1,Low
34,178,32,32,0,66.3981,0.0222,0,1,Low
34,179,31,31,0,64.3297,0.0403,0,1,Low
34,180,30,30,1,64.5601,0.0188,0,1,Low
34,181,29,29,1,61.5298,0.1159,0,1,Low
34,182,28,28,1,59.1629,0.014,0,1,Low
34,183,27,27,1,60.2976,0.0428,0,1,Low
34,184,26,26,1,55.0383,0.5592,0,1,Elevated
34,185,25,25,1,51.5,0.8544,1,1,High
34,186,24,24,1,47.1678,0.9714,1,1,High
34,187,23,23,1,35.5085,0.9969,1,1,High
34,188,22,22,1,28.1617,0.9983,1,1,High
34,189,21,21,1,27.8564,0.9948,1,1,High
34,190,20,20,1,26.282,0.9963,1,1,High
34,191,19,19,1,23.6416,0.9978,1,1,High
34,192,18,18,1,23.1309,0.9962,1,1,High
34,193,17,17,1,26.0723,0.9937,1,1,High
34,194,16,16,1,24.4596,0.9812,1,1,High
34,195,15,15,1,23.8645,0.9791,1,1,High
34,196,14,14,1,23.4774,0.9871,1,1,High
34,197,13,13,1,23.1573,0.9947,1,1,High
34,198,12,12,1,18.9699,0.9979,1,1,High
34,199,11,11,1,16.2261,0.9996,1,1,High
34,200,10,10,1,14.692,0.9999,1,1,High
34,201,9,9,1,11.0709,1.0,1,1,High
34,202,8,8,1,10.4769,1.0,1,1,High
34,203,7,7,1,8.5904,1.0,1,1,High
35,15,194,125,0,123.2496,0.0181,0,0,Low
35,16,193,125,0,123.0382,0.0014,0,0,Low
35,17,192,125,0,122.7664,0.0063,0,0,Low
35,18,191,125,0,122.352,0.0021,0,0,Low
35,19,190,125,0,122.6736,0.0034,0,0,Low
35,20,189,125,0,122.9759,0.0084,0,0,Low
35,21,188,125,0,122.6903,0.001,0,0,Low
35,22,187,125,0,122.6798,0.0091,0,0,Low
35,23,186,125,0,122.7435,0.0017,0,0,Low
35,24,185,125,0,123.4176,0.0006,0,0,Low
35,25,184,125,0,122.2172,0.0001,0,0,Low
35,26,183,125,0,123.0671,0.0003,0,0,Low
35,27,182,125,0,122.8133,0.0,0,0,Low
35,28,181,125,0,123.2488,0.0,0,0,Low
35,29,180,125,0,123.2331,0.0002,0,0,Low
35,30,179,125,0,123.1397,0.0008,0,0,Low
35,31,178,125,0,121.9054,0.0036,0,0,Low
35,32,177,125,0,122.1424,0.0008,0,0,Low
35,33,176,125,0,121.5408,0.02,0,0,Low
35,34,175,125,0,121.958,0.0306,0,0,Low
35,35,174,125,0,122.3971,0.0247,0,0,Low
35,36,173,125,0,122.399,0.0017,0,0,Low
35,37,172,125,0,122.9022,0.0031,0,0,Low
35,38,171,125,0,122.3242,0.0134,0,0,Low
35,39,170,125,0,121.9809,0.0559,0,0,Low
35,40,169,125,0,123.4278,0.0133,0,0,Low
35,41,168,125,0,122.6525,0.0096,0,0,Low
35,42,167,125,0,121.7538,0.0311,0,0,Low
35,43,166,125,0,121.9032,0.0026,0,0,Low
35,44,165,125,0,121.9286,0.0021,0,0,Low
35,45,164,125,0,121.2015,0.0067,0,0,Low
35,46,163,125,0,117.8403,0.0507,0,0,Low
35,47,162,125,0,119.6502,0.0019,0,0,Low
35,48,161,125,0,119.6248,0.0094,0,0,Low
35,49,160,125,0,119.0038,0.001,0,0,Low
35,50,159,125,0,120.5069,0.0006,0,0,Low
35,51,158,125,0,119.6045,0.0003,0,0,Low
35,52,157,125,0,119.4031,0.0015,0,0,Low
35,53,156,125,0,118.6983,0.0081,0,0,Low
35,54,155,125,0,118.3359,0.0103,0,0,Low
35,55,154,125,0,117.9696,0.0113,0,0,Low
35,56,153,125,0,117.7343,0.0862,0,0,Low
35,57,152,125,0,118.5493,0.0535,0,0,Low
35,58,151,125,0,118.6906,0.031,0,0,Low
35,59,150,125,0,118.4736,0.0251,0,0,Low
35,60,149,125,0,118.3244,0.0101,0,0,Low
35,61,148,125,0,118.3699,0.0015,0,0,Low
35,62,147,125,0,117.3492,0.0005,0,0,Low
35,63,146,125,0,115.4808,0.0001,0,0,Low
35,64,145,125,0,116.516,0.0002,0,0,Low
35,65,144,125,0,112.0743,0.0,0,0,Low
35,66,143,125,0,111.5479,0.0001,0,0,Low
35,67,142,125,0,110.6396,0.0001,0,0,Low
35,68,141,125,0,106.1496,0.0001,0,0,Low
35,69,140,125,0,110.3362,0.0001,0,0,Low
35,70,139,125,0,109.4146,0.0019,0,0,Low
35,71,138,125,0,109.1983,0.0014,0,0,Low
35,72,137,125,0,108.9432,0.0004,0,0,Low
35,73,136,125,0,105.6903,0.0028,0,0,Low
35,74,135,125,0,107.6237,0.0005,0,0,Low
35,75,134,125,0,106.1635,0.0004,0,0,Low
35,76,133,125,0,105.6337,0.0005,0,0,Low
35,77,132,125,0,107.1837,0.0004,0,0,Low
35,78,131,125,0,104.0707,0.0012,0,0,Low
35,79,130,125,0,103.9825,0.0024,0,0,Low
35,80,129,125,0,102.9869,0.0014,0,0,Low
35,81,128,125,0,101.7439,0.0013,0,0,Low
35,82,127,125,0,102.4333,0.0078,0,0,Low
35,83,126,125,0,102.1352,0.0052,0,0,Low
35,84,125,125,0,101.8884,0.0132,0,0,Low
35,85,124,124,0,100.1827,0.0041,0,0,Low
35,86,123,123,0,100.6047,0.0057,0,0,Low
35,87,122,122,0,99.6719,0.0137,0,0,Low
35,88,121,121,0,102.5557,0.0055,0,0,Low
35,89,120,120,0,101.2955,0.0011,0,0,Low
35,90,119,119,0,98.9905,0.0032,0,0,Low
35,91,118,118,0,93.5391,0.0089,0,0,Low
35,92,117,117,0,92.7482,0.0075,0,0,Low
35,93,116,116,0,87.7555,0.0047,0,0,Low
35,94,115,115,0,90.2104,0.0008,0,0,Low
35,95,114,114,0,87.87,0.0015,0,0,Low
35,96,113,113,0,90.3438,0.0026,0,0,Low
35,97,112,112,0,87.9268,0.0009,0,0,Low
35,98,111,111,0,89.3669,0.0004,0,0,Low
35,99,110,110,0,87.7755,0.0125,0,0,Low
35,100,109,109,0,83.0908,0.026,0,0,Low
35,101,108,108,0,75.3003,0.0134,0,0,Low
35,102,107,107,0,78.6666,0.0101,0,0,Low
35,103,106,106,0,74.3505,0.0087,0,0,Low
35,104,105,105,0,75.589,0.0068,0,0,Low
35,105,104,104,0,80.2174,0.0039,0,0,Low
35,106,103,103,0,87.6874,0.0007,0,0,Low
35,107,102,102,0,89.2527,0.0016,0,0,Low
35,108,101,101,0,86.651,0.0001,0,0,Low
35,109,100,100,0,88.8418,0.0001,0,0,Low
35,110,99,99,0,90.7346,0.0001,0,0,Low
35,111,98,98,0,90.4967,0.0004,0,0,Low
35,112,97,97,0,88.9438,0.0004,0,0,Low
35,113,96,96,0,90.0982,0.0032,0,0,Low
35,114,95,95,0,88.7123,0.007,0,0,Low
35,115,94,94,0,85.207,0.0047,0,0,Low
35,116,93,93,0,74.4712,0.0031,0,0,Low
35,117,92,92,0,80.7055,0.0066,0,0,Low
35,118,91,91,0,77.3977,0.016,0,1,Low
35,119,90,90,0,74.9298,0.0073,0,0,Low
35,120,89,89,0,76.8351,0.008,0,1,Low
35,121,88,88,0,80.3574,0.0097,0,1,Low
35,122,87,87,0,77.1588,0.0086,0,0,Low
35,123,86,86,0,82.8377,0.0079,0,1,Low
35,124,85,85,0,81.0162,0.0074,0,0,Low
35,125,84,84,0,87.2055,0.0038,0,0,Low
35,126,83,83,0,87.1899,0.0022,0,0,Low
35,127,82,82,0,84.0051,0.0076,0,0,Low
35,128,81,81,0,78.3266,0.0389,0,1,Low
35,129,80,80,0,68.299,0.1046,0,1,Low
35,130,79,79,0,68.4846,0.2839,0,1,Low
35,131,78,78,0,70.2837,0.3809,0,1,Low
35,132,77,77,0,62.9882,0.7656,0,1,Elevated
35,133,76,76,0,69.1014,0.74,0,1,Elevated
35,134,75,75,0,69.5929,0.4555,0,1,Elevated
35,135,74,74,0,69.8259,0.7188,0,1,Elevated
35,136,73,73,0,58.7923,0.7673,0,1,Elevated
35,137,72,72,0,66.9604,0.1363,0,1,Low
35,138,71,71,0,75.1561,0.0072,0,1,Low
35,139,70,70,0,76.1508,0.0037,0,1,Low
35,140,69,69,0,69.4618,0.003,0,1,Low
35,141,68,68,0,72.6384,0.0002,0,1,Low
35,142,67,67,0,68.5315,0.0016,0,1,Low
35,143,66,66,0,64.7802,0.0035,0,1,Low
35,144,65,65,0,59.2303,0.0103,0,1,Low
35,145,64,64,0,61.1391,0.0084,0,1,Low
35,146,63,63,0,57.2943,0.0503,0,1,Low
35,147,62,62,0,51.9589,0.2528,0,1,Low
35,148,61,61,0,54.6666,0.4551,0,1,Elevated
35,149,60,60,0,54.9205,0.1593,0,1,Low
35,150,59,59,0,60.1773,0.0597,0,1,Low
35,151,58,58,0,52.1675,0.5255,0,1,Elevated
35,152,57,57,0,50.2149,0.2349,0,1,Low
35,153,56,56,0,53.2366,0.2151,0,1,Low
35,154,55,55,0,47.637,0.5757,0,1,Elevated
35,155,54,54,0,48.0306,0.3573,0,1,Low
35,156,53,53,0,49.346,0.0597,0,1,Low
35,157,52,52,0,47.3889,0.1104,0,1,Low
35,158,51,51,0,48.1223,0.0816,0,1,Low
35,159,50,50,0,47.1807,0.0333,0,1,Low
35,160,49,49,0,43.6054,0.4818,0,1,Elevated
35,161,48,48,0,38.652,0.6112,0,1,Elevated
35,162,47,47,0,40.6553,0.3504,0,1,Low
35,163,46,46,0,36.7024,0.6186,0,1,Elevated
35,164,45,45,0,40.923,0.2053,0,1,Low
35,165,44,44,0,43.4999,0.1699,0,1,Low
35,166,43,43,0,45.036,0.0686,0,1,Low
35,167,42,42,0,40.8743,0.2747,0,1,Low
35,168,41,41,0,37.8541,0.7551,0,1,Elevated
35,169,40,40,0,32.2914,0.91,1,1,High
35,170,39,39,0,32.4194,0.7872,0,1,Elevated
35,171,38,38,0,30.6904,0.7415,0,1,Elevated
35,172,37,37,0,27.8096,0.8423,1,1,High
35,173,36,36,0,30.7908,0.6846,0,1,Elevated
35,174,35,35,0,33.7488,0.4088,0,1,Elevated
35,175,34,34,0,33.217,0.6497,0,1,Elevated
35,176,33,33,0,28.6674,0.9793,1,1,High
35,177,32,32,0,26.5703,0.9832,1,1,High
35,178,31,31,0,30.4474,0.9009,1,1,High
35,179,30,30,1,27.9281,0.9451,1,1,High
35,180,29,29,1,24.6497,0.9525,1,1,High
35,181,28,28,1,25.104,0.899,1,1,High
35,182,27,27,1,25.9274,0.8702,1,1,High
35,183,26,26,1,22.9573,0.9674,1,1,High
35,184,25,25,1,21.1038,0.9871,1,1,High
35,185,24,24,1,21.1287,0.9827,1,1,High
35,186,23,23,1,20.6813,0.9941,1,1,High
35,187,22,22,1,15.8776,0.9978,1,1,High
35,188,21,21,1,16.4477,0.9981,1,1,High
35,189,20,20,1,16.0881,0.9963,1,1,High
35,190,19,19,1,15.0379,0.9976,1,1,High
35,191,18,18,1,18.23,0.9919,1,1,High
35,192,17,17,1,17.1925,0.9907,1,1,High
35,193,16,16,1,17.1804,0.9885,1,1,High
35,194,15,15,1,15.9155,0.9936,1,1,High
35,195,14,14,1,13.6289,0.9984,1,1,High
35,196,13,13,1,12.2069,0.9989,1,1,High
35,197,12,12,1,10.7713,0.9997,1,1,High
35,198,11,11,1,8.4783,0.9998,1,1,High
36,15,130,125,0,120.1753,0.0012,0,0,Low
36,16,129,125,0,119.3508,0.0007,0,0,Low
36,17,128,125,0,118.4849,0.0013,0,0,Low
36,18,127,125,0,120.5778,0.0049,0,0,Low
36,19,126,125,0,119.8784,0.0119,0,0,Low
36,20,125,125,0,119.7456,0.0109,0,0,Low
36,21,124,124,0,119.34,0.0114,0,0,Low
36,22,123,123,0,119.8204,0.0631,0,0,Low
36,23,122,122,0,119.5436,0.0275,0,0,Low
36,24,121,121,0,119.8946,0.0111,0,0,Low
36,25,120,120,0,120.1533,0.0133,0,0,Low
36,26,119,119,0,120.8059,0.0115,0,0,Low
36,27,118,118,0,119.8731,0.0022,0,0,Low
36,28,117,117,0,120.3621,0.0072,0,0,Low
36,29,116,116,0,118.9316,0.009,0,0,Low
36,30,115,115,0,119.836,0.0017,0,0,Low
36,31,114,114,0,118.8521,0.0029,0,0,Low
36,32,113,113,0,119.2424,0.0133,0,0,Low
36,33,112,112,0,114.7174,0.0219,0,0,Low
36,34,111,111,0,121.8804,0.0496,0,0,Low
36,35,110,110,0,121.267,0.0488,0,0,Low
36,36,109,109,0,122.3464,0.0661,0,0,Low
36,37,108,108,0,117.5396,0.0736,0,0,Low
36,38,107,107,0,118.2328,0.0825,0,0,Low
36,39,106,106,0,118.388,0.0776,0,0,Low
36,40,105,105,0,121.2556,0.1425,0,0,Low
36,41,104,104,0,119.0417,0.0233,0,0,Low
36,42,103,103,0,118.5605,0.0263,0,0,Low
36,43,102,102,0,119.1161,0.0065,0,0,Low
36,44,101,101,0,115.1148,0.0031,0,0,Low
36,45,100,100,0,113.1674,0.0032,0,0,Low
36,46,99,99,0,119.7931,0.0044,0,0,Low
36,47,98,98,0,117.5798,0.0118,0,0,Low
36,48,97,97,0,116.6404,0.0324,0,0,Low
36,49,96,96,0,118.0641,0.025,0,0,Low
36,50,95,95,0,113.8743,0.0039,0,0,Low
36,51,94,94,0,117.0548,0.0022,0,0,Low
36,52,93,93,0,117.4282,0.0017,0,0,Low
36,53,92,92,0,116.8655,0.0003,0,0,Low
36,54,91,91,0,117.5294,0.0002,0,0,Low
36,55,90,90,0,110.0187,0.0046,0,0,Low
36,56,89,89,0,110.696,0.0124,0,0,Low
36,57,88,88,0,112.4105,0.0053,0,0,Low
36,58,87,87,0,110.6454,0.0022,0,0,Low
36,59,86,86,0,110.8332,0.0046,0,0,Low
36,60,85,85,0,108.6691,0.0151,0,0,Low
36,61,84,84,0,101.0838,0.0218,0,0,Low
36,62,83,83,0,109.38,0.008,0,0,Low
36,63,82,82,0,101.7211,0.0184,0,0,Low
36,64,81,81,0,108.8596,0.0151,0,0,Low
36,65,80,80,0,105.6788,0.0206,0,0,Low
36,66,79,79,0,107.1902,0.0041,0,0,Low
36,67,78,78,0,99.8745,0.0037,0,0,Low
36,68,77,77,0,101.2708,0.0046,0,0,Low
36,69,76,76,0,94.3518,0.0077,0,0,Low
36,70,75,75,0,101.8541,0.0059,0,0,Low
36,71,74,74,0,99.9255,0.0181,0,0,Low
36,72,73,73,0,100.6902,0.0299,0,0,Low
36,73,72,72,0,101.4114,0.0391,0,0,Low
36,74,71,71,0,96.6576,0.0618,0,1,Low
36,75,70,70,0,98.4678,0.0142,0,1,Low
36,76,69,69,0,102.2077,0.0091,0,0,Low
36,77,68,68,0,100.5816,0.0163,0,1,Low
36,78,67,67,0,98.5136,0.0779,0,1,Low
36,79,66,66,0,97.1539,0.0445,0,1,Low
36,80,65,65,0,97.9763,0.1049,0,1,Low
36,81,64,64,0,88.5171,0.2592,0,1,Low
36,82,63,63,0,85.0165,0.1788,0,1,Low
36,83,62,62,0,84.9933,0.1121,0,1,Low
36,84,61,61,0,85.2044,0.2364,0,1,Low
36,85,60,60,0,80.9242,0.5647,0,1,Elevated
36,86,59,59,0,78.855,0.1204,0,1,Low
36,87,58,58,0,73.9714,0.4073,0,1,Elevated
36,88,57,57,0,73.9777,0.1114,0,1,Low
36,89,56,56,0,71.131,0.3614,0,1,Low
36,90,55,55,0,64.3879,0.3164,0,1,Low
36,91,54,54,0,59.0712,0.6448,0,1,Elevated
36,92,53,53,0,59.4402,0.2803,0,1,Low
36,93,52,52,0,59.2303,0.7068,0,1,Elevated
36,94,51,51,0,59.353,0.6267,0,1,Elevated
36,95,50,50,0,58.9992,0.458,0,1,Elevated
36,96,49,49,0,57.5254,0.7289,0,1,Elevated
36,97,48,48,0,53.89,0.3506,0,1,Low
36,98,47,47,0,52.1604,0.3869,0,1,Low
36,99,46,46,0,62.1312,0.1072,0,1,Low
36,100,45,45,0,61.9593,0.1197,0,1,Low
36,101,44,44,0,57.8621,0.0151,0,1,Low
36,102,43,43,0,58.3377,0.0467,0,1,Low
36,103,42,42,0,56.2701,0.121,0,1,Low
36,104,41,41,0,51.9781,0.2498,0,1,Low
36,105,40,40,0,50.4312,0.3773,0,1,Low
36,106,39,39,0,48.2977,0.5061,0,1,Elevated
36,107,38,38,0,45.4781,0.5804,0,1,Elevated
36,108,37,37,0,43.4759,0.7202,0,1,Elevated
36,109,36,36,0,40.087,0.8228,1,1,High
36,110,35,35,0,36.0593,0.9141,1,1,High
36,111,34,34,0,36.3118,0.9108,1,1,High
36,112,33,33,0,38.3678,0.7433,0,1,Elevated
36,113,32,32,0,37.866,0.9423,1,1,High
36,114,31,31,0,32.1512,0.9834,1,1,High
36,115,30,30,1,31.2805,0.9731,1,1,High
36,116,29,29,1,31.0157,0.9479,1,1,High
36,117,28,28,1,24.963,0.9897,1,1,High
36,118,27,27,1,24.88,0.9863,1,1,High
36,119,26,26,1,28.8501,0.9257,1,1,High
36,120,25,25,1,31.6281,0.866,1,1,High
36,121,24,24,1,25.9839,0.9436,1,1,High
36,122,23,23,1,25.9342,0.9533,1,1,High
36,123,22,22,1,25.3578,0.9374,1,1,High
36,124,21,21,1,23.2942,0.9731,1,1,High
36,125,20,20,1,18.9824,0.9957,1,1,High
36,126,19,19,1,19.8097,0.9938,1,1,High
37,15,127,125,0,123.8699,0.0,0,0,Low
37,16,126,125,0,124.3891,0.0,0,0,Low
37,17,125,125,0,124.4892,0.0,0,0,Low
37,18,124,124,0,124.3064,0.0,0,0,Low
37,19,123,123,0,123.5012,0.0,0,0,Low
37,20,122,122,0,123.697,0.0,0,0,Low
37,21,121,121,0,123.7543,0.0,0,0,Low
37,22,120,120,0,123.2675,0.0,0,0,Low
37,23,119,119,0,123.4879,0.0,0,0,Low
37,24,118,118,0,123.6936,0.0,0,0,Low
37,25,117,117,0,123.5614,0.0,0,0,Low
37,26,116,116,0,123.7133,0.0,0,0,Low
37,27,115,115,0,123.7632,0.0,0,0,Low
37,28,114,114,0,123.8614,0.0,0,0,Low
37,29,113,113,0,123.8369,0.0,0,0,Low
37,30,112,112,0,124.003,0.0,0,0,Low
37,31,111,111,0,123.9437,0.0,0,0,Low
37,32,110,110,0,123.4787,0.0,0,0,Low
37,33,109,109,0,123.6782,0.0,0,0,Low
37,34,108,108,0,123.5434,0.0,0,0,Low
37,35,107,107,0,123.6561,0.0,0,0,Low
37,36,106,106,0,123.1282,0.0,0,0,Low
37,37,105,105,0,123.9488,0.0,0,0,Low
37,38,104,104,0,123.4991,0.0,0,0,Low
37,39,103,103,0,123.5819,0.0,0,0,Low
37,40,102,102,0,121.9773,0.0,0,0,Low
37,41,101,101,0,121.6579,0.0,0,0,Low
37,42,100,100,0,121.9958,0.0,0,0,Low
37,43,99,99,0,121.5015,0.0,0,0,Low
37,44,98,98,0,122.2216,0.0,0,0,Low
37,45,97,97,0,123.4227,0.0,0,0,Low
37,46,96,96,0,123.439,0.0,0,0,Low
37,47,95,95,0,122.8568,0.0,0,0,Low
37,48,94,94,0,123.2368,0.0,0,0,Low
37,49,93,93,0,122.7072,0.0,0,0,Low
37,50,92,92,0,122.5151,0.0,0,0,Low
37,51,91,91,0,121.5062,0.0,0,0,Low
37,52,90,90,0,121.7415,0.0,0,0,Low
37,53,89,89,0,121.8544,0.0,0,0,Low
37,54,88,88,0,121.5052,0.0,0,0,Low
37,55,87,87,0,120.6121,0.0,0,0,Low
37,56,86,86,0,121.8185,0.0,0,0,Low
37,57,85,85,0,121.6095,0.0,0,0,Low
37,58,84,84,0,121.9607,0.0,0,0,Low
37,59,83,83,0,121.3936,0.0,0,0,Low
37,60,82,82,0,120.607,0.0,0,0,Low
37,61,81,81,0,120.6766,0.0,0,0,Low
37,62,80,80,0,119.7244,0.0,0,0,Low
37,63,79,79,0,120.1658,0.0,0,0,Low
37,64,78,78,0,120.1372,0.0,0,0,Low
37,65,77,77,0,118.7822,0.0,0,0,Low
37,66,76,76,0,118.3613,0.0,0,0,Low
37,67,75,75,0,117.892,0.0,0,0,Low
37,68,74,74,0,118.0108,0.0,0,0,Low
37,69,73,73,0,118.4561,0.0,0,0,Low
37,70,72,72,0,119.3244,0.0,0,0,Low
37,71,71,71,0,120.146,0.0,0,0,Low
37,72,70,70,0,120.6357,0.0,0,0,Low
37,73,69,69,0,116.9747,0.0,0,0,Low
37,74,68,68,0,114.2555,0.0,0,0,Low
37,75,67,67,0,116.8441,0.0,0,0,Low
37,76,66,66,0,118.44,0.0001,0,0,Low
37,77,65,65,0,116.6584,0.0,0,0,Low
37,78,64,64,0,114.8999,0.0001,0,0,Low
37,79,63,63,0,116.15,0.0,0,0,Low
37,80,62,62,0,114.4745,0.0,0,0,Low
37,81,61,61,0,115.0853,0.0,0,0,Low
37,82,60,60,0,112.9894,0.0001,0,0,Low
37,83,59,59,0,109.6832,0.0,0,0,Low
37,84,58,58,0,110.4441,0.0001,0,0,Low
37,85,57,57,0,110.5513,0.0,0,0,Low
37,86,56,56,0,109.4759,0.0004,0,0,Low
37,87,55,55,0,108.5164,0.0001,0,0,Low
37,88,54,54,0,109.964,0.0,0,0,Low
37,89,53,53,0,105.1192,0.0001,0,0,Low
37,90,52,52,0,101.7132,0.0001,0,0,Low
37,91,51,51,0,102.8341,0.0001,0,0,Low
37,92,50,50,0,97.7799,0.0002,0,0,Low
37,93,49,49,0,94.7072,0.001,0,0,Low
37,94,48,48,0,95.6595,0.0014,0,0,Low
37,95,47,47,0,92.7121,0.0004,0,0,Low
37,96,46,46,0,91.5385,0.0009,0,0,Low
37,97,45,45,0,89.1389,0.0005,0,0,Low
37,98,44,44,0,91.9083,0.0006,0,0,Low
37,99,43,43,0,92.2968,0.0002,0,0,Low
37,100,42,42,0,91.6207,0.0049,0,0,Low
37,101,41,41,0,88.97,0.004,0,0,Low
37,102,40,40,0,89.7844,0.0053,0,0,Low
37,103,39,39,0,91.4762,0.0008,0,0,Low
37,104,38,38,0,89.4631,0.012,0,0,Low
37,105,37,37,0,87.7156,0.0024,0,0,Low
37,106,36,36,0,89.3524,0.001,0,0,Low
37,107,35,35,0,81.7849,0.0006,0,0,Low
37,108,34,34,0,78.5818,0.0287,0,0,Low
37,109,33,33,0,76.9522,0.0197,0,0,Low
37,110,32,32,0,82.655,0.0067,0,0,Low
37,111,31,31,0,75.4725,0.1215,0,0,Low
37,112,30,30,1,73.2984,0.2679,0,0,Low
37,113,29,29,1,77.6528,0.2739,0,1,Low
37,114,28,28,1,75.4598,0.1042,0,0,Low
37,115,27,27,1,69.3669,0.6788,0,1,Elevated
37,116,26,26,1,70.7555,0.4202,0,1,Elevated
37,117,25,25,1,69.5062,0.4942,0,1,Elevated
37,118,24,24,1,67.7056,0.4772,0,1,Elevated
37,119,23,23,1,65.0449,0.6721,0,1,Elevated
37,120,22,22,1,69.8703,0.4532,0,1,Elevated
37,121,21,21,1,64.2533,0.6418,0,1,Elevated
38,15,160,125,0,120.8543,0.0025,0,0,Low
38,16,159,125,0,119.3669,0.02,0,0,Low
38,17,158,125,0,119.6718,0.011,0,0,Low
38,18,157,125,0,119.2616,0.0106,0,0,Low
38,19,156,125,0,120.8496,0.0079,0,0,Low
38,20,155,125,0,120.1639,0.0264,0,0,Low
38,21,154,125,0,120.9676,0.0022,0,0,Low
38,22,153,125,0,120.7062,0.0009,0,0,Low
38,23,152,125,0,119.8922,0.0011,0,0,Low
38,24,151,125,0,120.4031,0.0008,0,0,Low
38,25,150,125,0,121.4824,0.0003,0,0,Low
38,26,149,125,0,120.7593,0.0005,0,0,Low
38,27,148,125,0,121.0504,0.0004,0,0,Low
38,28,147,125,0,121.7232,0.0004,0,0,Low
38,29,146,125,0,120.8405,0.0018,0,0,Low
38,30,145,125,0,121.2777,0.0007,0,0,Low
38,31,144,125,0,121.8708,0.0016,0,0,Low
38,32,143,125,0,121.0512,0.005,0,0,Low
38,33,142,125,0,119.4174,0.0186,0,0,Low
38,34,141,125,0,117.5325,0.003,0,0,Low
38,35,140,125,0,114.397,0.0011,0,0,Low
38,36,139,125,0,117.64,0.0008,0,0,Low
38,37,138,125,0,117.7283,0.0005,0,0,Low
38,38,137,125,0,115.9012,0.0013,0,0,Low
38,39,136,125,0,118.4517,0.0064,0,0,Low
38,40,135,125,0,116.2856,0.0022,0,0,Low
38,41,134,125,0,120.6588,0.0016,0,0,Low
38,42,133,125,0,118.8256,0.0033,0,0,Low
38,43,132,125,0,118.3697,0.0028,0,0,Low
38,44,131,125,0,120.4883,0.0009,0,0,Low
38,45,130,125,0,119.0332,0.0014,0,0,Low
38,46,129,125,0,118.7119,0.0018,0,0,Low
38,47,128,125,0,118.7629,0.0015,0,0,Low
38,48,127,125,0,118.8017,0.0139,0,0,Low
38,49,126,125,0,119.0489,0.0479,0,0,Low
38,50,125,125,0,120.129,0.0323,0,0,Low
38,51,124,124,0,117.8111,0.0052,0,0,Low
38,52,123,123,0,116.4361,0.0095,0,0,Low
38,53,122,122,0,115.063,0.0034,0,0,Low
38,54,121,121,0,116.0732,0.0099,0,0,Low
38,55,120,120,0,115.4276,0.0029,0,0,Low
38,56,119,119,0,109.9174,0.0129,0,1,Low
38,57,118,118,0,104.1745,0.0198,0,1,Low
38,58,117,117,0,107.3925,0.0154,0,0,Low
38,59,116,116,0,107.5004,0.0018,0,0,Low
38,60,115,115,0,110.2765,0.001,0,0,Low
38,61,114,114,0,114.5003,0.0004,0,0,Low
38,62,113,113,0,111.5018,0.0004,0,0,Low
38,63,112,112,0,112.8421,0.0002,0,0,Low
38,64,111,111,0,111.6631,0.0009,0,0,Low
38,65,110,110,0,112.4159,0.0031,0,0,Low
38,66,109,109,0,107.945,0.0025,0,0,Low
38,67,108,108,0,107.2508,0.0025,0,0,Low
38,68,107,107,0,109.3019,0.0032,0,0,Low
38,69,106,106,0,110.0532,0.0021,0,0,Low
38,70,105,105,0,107.1345,0.0074,0,0,Low
38,71,104,104,0,104.3747,0.0086,0,0,Low
38,72,103,103,0,102.0805,0.005,0,0,Low
38,73,102,102,0,107.3304,0.0346,0,0,Low
38,74,101,101,0,105.3269,0.056,0,0,Low
38,75,100,100,0,108.4755,0.0071,0,0,Low
38,76,99,99,0,107.2201,0.009,0,0,Low
38,77,98,98,0,106.9922,0.011,0,0,Low
38,78,97,97,0,106.1498,0.0032,0,0,Low
38,79,96,96,0,102.8911,0.0012,0,0,Low
38,80,95,95,0,104.3387,0.008,0,0,Low
38,81,94,94,0,101.9207,0.0024,0,0,Low
38,82,93,93,0,104.0663,0.0039,0,0,Low
38,83,92,92,0,101.9411,0.0058,0,0,Low
38,84,91,91,0,106.1125,0.0144,0,0,Low
38,85,90,90,0,104.4432,0.0032,0,0,Low
38,86,89,89,0,104.8001,0.0045,0,0,Low
38,87,88,88,0,101.2058,0.0282,0,0,Low
38,88,87,87,0,98.8698,0.0191,0,0,Low
38,89,86,86,0,97.5573,0.0192,0,0,Low
38,90,85,85,0,92.6542,0.042,0,0,Low
38,91,84,84,0,93.2816,0.0559,0,0,Low
38,92,83,83,0,93.6684,0.1321,0,0,Low
38,93,82,82,0,91.5905,0.0531,0,0,Low
38,94,81,81,0,91.9163,0.0313,0,0,Low
38,95,80,80,0,88.3596,0.0167,0,1,Low
38,96,79,79,0,88.3834,0.0202,0,1,Low
38,97,78,78,0,80.4175,0.004,0,1,Low
38,98,77,77,0,81.3244,0.0024,0,1,Low
38,99,76,76,0,82.8537,0.0091,0,1,Low
38,100,75,75,0,78.1181,0.0285,0,1,Low
38,101,74,74,0,75.0712,0.0336,0,1,Low
38,102,73,73,0,83.5534,0.0452,0,1,Low
38,103,72,72,0,78.8762,0.0896,0,1,Low
38,104,71,71,0,70.9836,0.015,0,1,Low
38,105,70,70,0,71.6736,0.005,0,1,Low
38,106,69,69,0,71.6848,0.0033,0,1,Low
38,107,68,68,0,73.4458,0.0019,0,1,Low
38,108,67,67,0,70.3208,0.0012,0,1,Low
38,109,66,66,0,73.8855,0.0007,0,1,Low
38,110,65,65,0,74.9077,0.0004,0,0,Low
38,111,64,64,0,68.4725,0.0007,0,1,Low
38,112,63,63,0,64.301,0.0029,0,1,Low
38,113,62,62,0,62.8515,0.0086,0,1,Low
38,114,61,61,0,62.8272,0.0279,0,1,Low
38,115,60,60,0,62.733,0.0938,0,1,Low
38,116,59,59,0,59.8219,0.0934,0,1,Low
38,117,58,58,0,63.5019,0.0358,0,1,Low
38,118,57,57,0,63.995,0.0497,0,1,Low
38,119,56,56,0,59.6117,0.142,0,1,Low
38,120,55,55,0,60.2526,0.0747,0,1,Low
38,121,54,54,0,53.3732,0.1492,0,1,Low
38,122,53,53,0,53.0503,0.0736,0,1,Low
38,123,52,52,0,47.2669,0.4167,0,1,Elevated
38,124,51,51,0,47.2989,0.6132,0,1,Elevated
38,125,50,50,0,43.5986,0.4862,0,1,Elevated
39,15,164,125,0,122.0569,0.0,0,0,Low
39,16,163,125,0,122.2483,0.0,0,0,Low
39,17,162,125,0,122.7084,0.0,0,0,Low
39,18,161,125,0,123.1292,0.0,0,0,Low
39,19,160,125,0,123.544,0.0,0,0,Low
39,20,159,125,0,123.6398,0.0,0,0,Low
39,21,158,125,0,123.6624,0.0,0,0,Low
39,22,157,125,0,123.5184,0.0,0,0,Low
39,23,156,125,0,122.9175,0.0,0,0,Low
39,24,155,125,0,122.6177,0.0,0,0,Low
39,25,154,125,0,122.4177,0.0,0,0,Low
39,26,153,125,0,122.185,0.0,0,0,Low
39,27,152,125,0,121.7747,0.0,0,0,Low
39,28,151,125,0,121.9899,0.0,0,0,Low
39,29,150,125,0,122.4534,0.0,0,0,Low
39,30,149,125,0,122.5262,0.0,0,0,Low
39,31,148,125,0,122.3552,0.0,0,0,Low
39,32,147,125,0,121.888,0.0,0,0,Low
39,33,146,125,0,122.4246,0.0,0,0,Low
39,34,145,125,0,120.8476,0.0,0,0,Low
39,35,144,125,0,119.9051,0.0,0,0,Low
39,36,143,125,0,121.598,0.0,0,0,Low
39,37,142,125,0,121.4156,0.0,0,0,Low
40,15,146,125,0,121.2343,0.0003,0,0,Low
40,16,145,125,0,122.0828,0.0001,0,0,Low
40,17,144,125,0,120.9613,0.0002,0,0,Low
40,18,143,125,0,120.5443,0.0004,0,0,Low
40,19,142,125,0,120.3382,0.0012,0,0,Low
40,20,141,125,0,119.4247,0.0004,0,0,Low
40,21,140,125,0,119.9157,0.0041,0,0,Low
40,22,139,125,0,120.9095,0.0069,0,0,Low
40,23,138,125,0,119.5626,0.0084,0,0,Low
40,24,137,125,0,120.3052,0.0039,0,0,Low
40,25,136,125,0,119.8523,0.0045,0,0,Low
40,26,135,125,0,119.2969,0.0025,0,0,Low
40,27,134,125,0,119.6886,0.0043,0,0,Low
40,28,133,125,0,119.3136,0.0039,0,0,Low
40,29,132,125,0,118.5727,0.0013,0,0,Low
40,30,131,125,0,117.9152,0.001,0,0,Low
40,31,130,125,0,121.0064,0.0018,0,0,Low
40,32,129,125,0,119.8448,0.0007,0,0,Low
40,33,128,125,0,119.4949,0.0001,0,0,Low
40,34,127,125,0,119.3437,0.0008,0,0,Low
40,35,126,125,0,115.2007,0.0008,0,0,Low
40,36,125,125,0,116.1296,0.0018,0,0,Low
40,37,124,124,0,116.6868,0.0027,0,0,Low
40,38,123,123,0,116.7132,0.0085,0,0,Low
40,39,122,122,0,113.973,0.0033,0,0,Low
40,40,121,121,0,111.988,0.0043,0,0,Low
40,41,120,120,0,120.9799,0.0039,0,0,Low
40,42,119,119,0,118.3584,0.0017,0,0,Low
40,43,118,118,0,118.9022,0.0046,0,0,Low
40,44,117,117,0,120.1323,0.0041,0,0,Low
40,45,116,116,0,118.1,0.0069,0,0,Low
40,46,115,115,0,118.1862,0.0005,0,0,Low
40,47,114,114,0,118.7373,0.0076,0,0,Low
40,48,113,113,0,116.3083,0.0018,0,0,Low
40,49,112,112,0,112.6019,0.0062,0,0,Low
40,50,111,111,0,118.9749,0.0011,0,0,Low
40,51,110,110,0,119.0535,0.0032,0,0,Low
40,52,109,109,0,119.8698,0.0011,0,0,Low
40,53,108,108,0,118.9524,0.0101,0,0,Low
40,54,107,107,0,118.4834,0.0128,0,0,Low
40,55,106,106,0,118.3554,0.0347,0,0,Low
40,56,105,105,0,118.7296,0.0072,0,0,Low
40,57,104,104,0,118.1592,0.009,0,0,Low
40,58,103,103,0,116.1514,0.0169,0,0,Low
40,59,102,102,0,116.0373,0.0138,0,0,Low
40,60,101,101,0,113.6346,0.0009,0,0,Low
40,61,100,100,0,111.3055,0.0087,0,0,Low
40,62,99,99,0,110.8798,0.0015,0,0,Low
40,63,98,98,0,111.8356,0.0012,0,0,Low
40,64,97,97,0,113.061,0.0007,0,0,Low
40,65,96,96,0,110.1062,0.007,0,0,Low
40,66,95,95,0,108.2404,0.0241,0,0,Low
40,67,94,94,0,109.8915,0.0333,0,0,Low
40,68,93,93,0,103.4234,0.061,0,0,Low
40,69,92,92,0,98.4124,0.4646,0,0,Elevated
40,70,91,91,0,95.3988,0.2631,0,0,Low
40,71,90,90,0,90.9066,0.1817,0,0,Low
40,72,89,89,0,90.1117,0.0888,0,1,Low
40,73,88,88,0,99.5224,0.0468,0,1,Low
40,74,87,87,0,102.7049,0.05,0,0,Low
40,75,86,86,0,99.3953,0.0066,0,0,Low
40,76,85,85,0,101.7083,0.0032,0,0,Low
40,77,84,84,0,95.4613,0.0061,0,0,Low
40,78,83,83,0,85.9132,0.0046,0,0,Low
40,79,82,82,0,88.1774,0.0018,0,0,Low
40,80,81,81,0,97.0342,0.0011,0,0,Low
40,81,80,80,0,93.3571,0.003,0,0,Low
40,82,79,79,0,98.4392,0.0003,0,0,Low
40,83,78,78,0,101.6147,0.0002,0,0,Low
40,84,77,77,0,94.7595,0.0014,0,0,Low
40,85,76,76,0,94.9465,0.0029,0,0,Low
40,86,75,75,0,99.3787,0.0038,0,0,Low
40,87,74,74,0,96.8394,0.0256,0,1,Low
40,88,73,73,0,89.871,0.0252,0,1,Low
40,89,72,72,0,92.8287,0.038,0,1,Low
40,90,71,71,0,86.5403,0.0986,0,1,Low
40,91,70,70,0,88.7029,0.0544,0,1,Low
40,92,69,69,0,90.1127,0.1774,0,1,Low
40,93,68,68,0,85.7695,0.4713,0,1,Elevated
40,94,67,67,0,88.287,0.1589,0,1,Low
40,95,66,66,0,90.3292,0.2385,0,1,Low
40,96,65,65,0,84.8286,0.3296,0,1,Low
40,97,64,64,0,80.2927,0.4409,0,1,Elevated
40,98,63,63,0,79.7813,0.0213,0,1,Low
40,99,62,62,0,74.9687,0.1903,0,1,Low
40,100,61,61,0,73.9366,0.0364,0,1,Low
40,101,60,60,0,71.014,0.0508,0,1,Low
40,102,59,59,0,69.9667,0.0228,0,1,Low
40,103,58,58,0,69.5687,0.1562,0,1,Low
40,104,57,57,0,61.3655,0.1924,0,1,Low
40,105,56,56,0,54.5433,0.6798,0,1,Elevated
40,106,55,55,0,58.8789,0.3391,0,1,Low
40,107,54,54,0,57.1004,0.1651,0,1,Low
40,108,53,53,0,48.337,0.6698,0,1,Elevated
40,109,52,52,0,52.536,0.2303,0,1,Low
40,110,51,51,0,55.296,0.056,0,1,Low
40,111,50,50,0,55.7324,0.0872,0,1,Low
40,112,49,49,0,52.4435,0.0821,0,1,Low
40,113,48,48,0,57.7709,0.0251,0,1,Low
40,114,47,47,0,55.8611,0.063,0,1,Low
40,115,46,46,0,53.6925,0.1999,0,1,Low
40,116,45,45,0,50.0297,0.2826,0,1,Low
40,117,44,44,0,45.4923,0.8815,1,1,High
40,118,43,43,0,41.704,0.8937,1,1,High
40,119,42,42,0,41.2009,0.6697,0,1,Elevated
40,120,41,41,0,41.8906,0.8796,1,1,High
40,121,40,40,0,36.6662,0.98,1,1,High
40,122,39,39,0,41.4185,0.8291,1,1,High
40,123,38,38,0,40.6247,0.9334,1,1,High
40,124,37,37,0,35.8406,0.9775,1,1,High
40,125,36,36,0,37.198,0.9782,1,1,High
40,126,35,35,0,36.7912,0.8745,1,1,High
40,127,34,34,0,34.6273,0.8607,1,1,High
40,128,33,33,0,32.2165,0.948,1,1,High
40,129,32,32,0,32.5878,0.9039,1,1,High
40,130,31,31,0,31.2858,0.8892,1,1,High
40,131,30,30,1,31.7441,0.6194,0,1,Elevated
40,132,29,29,1,34.8461,0.7426,0,1,Elevated
40,133,28,28,1,34.3372,0.83,1,1,High
41,15,126,125,0,123.9012,0.0,0,0,Low
41,16,125,125,0,123.8967,0.0,0,0,Low
41,17,124,124,0,124.0425,0.0,0,0,Low
41,18,123,123,0,124.1396,0.0,0,0,Low
41,19,122,122,0,123.9253,0.0,0,0,Low
41,20,121,121,0,124.0163,0.0,0,0,Low
41,21,120,120,0,123.6738,0.0,0,0,Low
41,22,119,119,0,123.8999,0.0,0,0,Low
41,23,118,118,0,123.7768,0.0,0,0,Low
41,24,117,117,0,123.5341,0.0,0,0,Low
41,25,116,116,0,123.1733,0.0,0,0,Low
41,26,115,115,0,123.2043,0.0,0,0,Low
41,27,114,114,0,123.3675,0.0,0,0,Low
41,28,113,113,0,123.5656,0.0,0,0,Low
41,29,112,112,0,123.7464,0.0,0,0,Low
41,30,111,111,0,123.4397,0.0,0,0,Low
41,31,110,110,0,123.1665,0.0,0,0,Low
41,32,109,109,0,124.0951,0.0,0,0,Low
41,33,108,108,0,123.3648,0.0,0,0,Low
41,34,107,107,0,122.0686,0.0,0,0,Low
41,35,106,106,0,122.6675,0.0,0,0,Low
41,36,105,105,0,122.0549,0.0,0,0,Low
41,37,104,104,0,122.8513,0.0,0,0,Low
41,38,103,103,0,123.2152,0.0,0,0,Low
41,39,102,102,0,122.5248,0.0,0,0,Low
41,40,101,101,0,123.7028,0.0,0,0,Low
41,41,100,100,0,123.645,0.0,0,0,Low
41,42,99,99,0,122.964,0.0,0,0,Low
41,43,98,98,0,122.8542,0.0,0,0,Low
41,44,97,97,0,122.4833,0.0,0,0,Low
41,45,96,96,0,122.5408,0.0,0,0,Low
41,46,95,95,0,122.9904,0.0,0,0,Low
41,47,94,94,0,123.375,0.0,0,0,Low
41,48,93,93,0,123.1307,0.0,0,0,Low
41,49,92,92,0,123.5968,0.0,0,0,Low
41,50,91,91,0,123.0154,0.0,0,0,Low
41,51,90,90,0,122.8013,0.0,0,0,Low
41,52,89,89,0,123.0073,0.0,0,0,Low
41,53,88,88,0,121.9444,0.0,0,0,Low
41,54,87,87,0,121.2251,0.0,0,0,Low
41,55,86,86,0,120.0443,0.0,0,0,Low
41,56,85,85,0,121.6661,0.0,0,0,Low
41,57,84,84,0,122.988,0.0,0,0,Low
41,58,83,83,0,122.2927,0.0,0,0,Low
41,59,82,82,0,121.9459,0.0,0,0,Low
41,60,81,81,0,122.2032,0.0,0,0,Low
41,61,80,80,0,121.8193,0.0,0,0,Low
41,62,79,79,0,122.1861,0.0,0,0,Low
41,63,78,78,0,118.3605,0.0,0,0,Low
41,64,77,77,0,118.1958,0.0,0,0,Low
41,65,76,76,0,119.8891,0.0,0,0,Low
41,66,75,75,0,115.5389,0.0,0,0,Low
41,67,74,74,0,116.5598,0.0,0,0,Low
41,68,73,73,0,116.531,0.0,0,0,Low
41,69,72,72,0,117.3825,0.0,0,0,Low
41,70,71,71,0,115.6886,0.0,0,0,Low
41,71,70,70,0,114.5727,0.0,0,0,Low
41,72,69,69,0,114.3047,0.0,0,0,Low
41,73,68,68,0,114.9837,0.0,0,0,Low
41,74,67,67,0,115.6691,0.0,0,0,Low
41,75,66,66,0,116.1918,0.0,0,0,Low
41,76,65,65,0,116.6125,0.0,0,0,Low
41,77,64,64,0,116.9447,0.0,0,0,Low
41,78,63,63,0,115.4147,0.0,0,0,Low
41,79,62,62,0,116.5079,0.0,0,0,Low
41,80,61,61,0,114.7236,0.0001,0,0,Low
41,81,60,60,0,115.1381,0.0,0,0,Low
41,82,59,59,0,116.1085,0.0,0,0,Low
41,83,58,58,0,114.4131,0.0,0,0,Low
41,84,57,57,0,114.8004,0.0,0,0,Low
41,85,56,56,0,112.294,0.0001,0,0,Low
41,86,55,55,0,111.6665,0.0001,0,0,Low
41,87,54,54,0,109.7006,0.0001,0,0,Low
41,88,53,53,0,105.5901,0.0002,0,0,Low
41,89,52,52,0,103.0962,0.0004,0,0,Low
41,90,51,51,0,103.8218,0.0001,0,0,Low
41,91,50,50,0,104.2597,0.0002,0,0,Low
41,92,49,49,0,102.8188,0.0001,0,0,Low
41,93,48,48,0,105.1412,0.0,0,0,Low
41,94,47,47,0,101.4819,0.0001,0,0,Low
41,95,46,46,0,101.9552,0.0001,0,0,Low
41,96,45,45,0,101.8967,0.0,0,0,Low
41,97,44,44,0,99.885,0.0001,0,0,Low
41,98,43,43,0,99.4354,0.0009,0,0,Low
41,99,42,42,0,97.8929,0.0007,0,0,Low
41,100,41,41,0,98.0706,0.0037,0,0,Low
41,101,40,40,0,97.9738,0.0094,0,0,Low
41,102,39,39,0,97.258,0.0312,0,0,Low
41,103,38,38,0,96.7472,0.013,0,0,Low
41,104,37,37,0,94.6646,0.0435,0,0,Low
41,105,36,36,0,94.2107,0.044,0,0,Low
41,106,35,35,0,93.4408,0.4772,0,0,Elevated
41,107,34,34,0,95.3269,0.0879,0,0,Low
41,108,33,33,0,87.4482,0.5113,0,0,Elevated
41,109,32,32,0,88.4957,0.111,0,0,Low
41,110,31,31,0,87.3583,0.4809,0,0,Elevated
41,111,30,30,1,85.2596,0.0438,0,0,Low
41,112,29,29,1,86.8478,0.2163,0,1,Low
41,113,28,28,1,78.5993,0.3965,0,1,Low
41,114,27,27,1,71.7829,0.2665,0,1,Low
41,115,26,26,1,72.5943,0.3277,0,1,Low
41,116,25,25,1,75.7523,0.1763,0,1,Low
41,117,24,24,1,77.1014,0.4132,0,1,Elevated
41,118,23,23,1,81.1908,0.0519,0,1,Low
41,119,22,22,1,80.6955,0.4679,0,1,Elevated
41,120,21,21,1,77.3897,0.2499,0,1,Low
41,121,20,20,1,62.4819,0.8186,1,1,High
41,122,19,19,1,57.2552,0.8126,1,1,High
41,123,18,18,1,56.8668,0.8718,1,1,High
42,15,151,125,0,123.9922,0.0,0,0,Low
42,16,150,125,0,123.8945,0.0,0,0,Low
42,17,149,125,0,123.9447,0.0,0,0,Low
42,18,148,125,0,123.8215,0.0,0,0,Low
42,19,147,125,0,123.875,0.0,0,0,Low
42,20,146,125,0,123.8781,0.0,0,0,Low
42,21,145,125,0,124.2077,0.0,0,0,Low
42,22,144,125,0,124.194,0.0,0,0,Low
42,23,143,125,0,124.5621,0.0,0,0,Low
42,24,142,125,0,123.5716,0.0,0,0,Low
42,25,141,125,0,122.944,0.0,0,0,Low
42,26,140,125,0,122.663,0.0,0,0,Low
42,27,139,125,0,122.6657,0.0,0,0,Low
42,28,138,125,0,123.9061,0.0,0,0,Low
42,29,137,125,0,123.8393,0.0,0,0,Low
42,30,136,125,0,123.9131,0.0,0,0,Low
42,31,135,125,0,124.2102,0.0,0,0,Low
42,32,134,125,0,124.4982,0.0,0,0,Low
42,33,133,125,0,124.6607,0.0,0,0,Low
42,34,132,125,0,124.1101,0.0,0,0,Low
42,35,131,125,0,123.968,0.0,0,0,Low
42,36,130,125,0,124.0506,0.0,0,0,Low
42,37,129,125,0,123.2104,0.0,0,0,Low
42,38,128,125,0,123.8845,0.0,0,0,Low
42,39,127,125,0,123.4872,0.0,0,0,Low
42,40,126,125,0,123.6982,0.0,0,0,Low
42,41,125,125,0,123.2914,0.0,0,0,Low
42,42,124,124,0,122.579,0.0,0,0,Low
42,43,123,123,0,123.022,0.0,0,0,Low
42,44,122,122,0,122.4709,0.0,0,0,Low
42,45,121,121,0,122.7976,0.0,0,0,Low
42,46,120,120,0,122.4309,0.0,0,0,Low
42,47,119,119,0,123.5274,0.0,0,0,Low
42,48,118,118,0,123.1809,0.0,0,0,Low
42,49,117,117,0,123.7408,0.0,0,0,Low
42,50,116,116,0,124.2969,0.0,0,0,Low
42,51,115,115,0,124.2714,0.0,0,0,Low
42,52,114,114,0,123.5017,0.0,0,0,Low
42,53,113,113,0,123.269,0.0,0,0,Low
42,54,112,112,0,124.1137,0.0,0,0,Low
42,55,111,111,0,123.0989,0.0,0,0,Low
42,56,110,110,0,123.2383,0.0,0,0,Low
42,57,109,109,0,123.6825,0.0,0,0,Low
42,58,108,108,0,122.3559,0.0,0,0,Low
42,59,107,107,0,123.0602,0.0,0,0,Low
42,60,106,106,0,122.2822,0.0,0,0,Low
42,61,105,105,0,122.8775,0.0,0,0,Low
42,62,104,104,0,121.6411,0.0,0,0,Low
42,63,103,103,0,122.1641,0.0,0,0,Low
42,64,102,102,0,122.0952,0.0,0,0,Low
42,65,101,101,0,121.1206,0.0,0,0,Low
42,66,100,100,0,121.8847,0.0,0,0,Low
42,67,99,99,0,122.1644,0.0,0,0,Low
42,68,98,98,0,122.2744,0.0,0,0,Low
42,69,97,97,0,120.8489,0.0,0,0,Low
42,70,96,96,0,119.3068,0.0,0,0,Low
42,71,95,95,0,120.9309,0.0,0,0,Low
42,72,94,94,0,119.5222,0.0,0,0,Low
42,73,93,93,0,119.314,0.0,0,0,Low
42,74,92,92,0,119.5554,0.0,0,0,Low
42,75,91,91,0,119.7471,0.0,0,0,Low
42,76,90,90,0,119.1943,0.0,0,0,Low
42,77,89,89,0,117.2295,0.0,0,0,Low
42,78,88,88,0,115.989,0.0,0,0,Low
42,79,87,87,0,113.5466,0.0,0,0,Low
42,80,86,86,0,114.767,0.0,0,0,Low
42,81,85,85,0,110.9118,0.0,0,0,Low
42,82,84,84,0,115.7974,0.0,0,0,Low
42,83,83,83,0,113.7229,0.0,0,0,Low
42,84,82,82,0,114.6249,0.0,0,0,Low
42,85,81,81,0,114.8997,0.0,0,0,Low
42,86,80,80,0,112.173,0.0,0,0,Low
42,87,79,79,0,112.7542,0.0,0,0,Low
42,88,78,78,0,109.0318,0.0,0,0,Low
42,89,77,77,0,110.3148,0.0,0,0,Low
42,90,76,76,0,112.6895,0.0,0,0,Low
42,91,75,75,0,112.4463,0.0,0,0,Low
42,92,74,74,0,110.6436,0.0,0,0,Low
42,93,73,73,0,108.8884,0.0,0,0,Low
42,94,72,72,0,107.1078,0.0,0,0,Low
42,95,71,71,0,108.047,0.0,0,0,Low
42,96,70,70,0,104.6795,0.0,0,0,Low
42,97,69,69,0,106.2195,0.0,0,0,Low
42,98,68,68,0,102.219,0.0001,0,0,Low
42,99,67,67,0,101.0155,0.0001,0,0,Low
42,100,66,66,0,97.3751,0.0007,0,0,Low
42,101,65,65,0,96.7451,0.0001,0,0,Low
42,102,64,64,0,95.7417,0.0001,0,0,Low
42,103,63,63,0,96.4479,0.0001,0,0,Low
42,104,62,62,0,94.6272,0.0002,0,0,Low
42,105,61,61,0,97.5776,0.0,0,0,Low
42,106,60,60,0,93.9503,0.0002,0,0,Low
42,107,59,59,0,92.9404,0.0005,0,0,Low
42,108,58,58,0,90.8507,0.0014,0,0,Low
42,109,57,57,0,93.0877,0.0012,0,0,Low
42,110,56,56,0,90.4753,0.0005,0,0,Low
42,111,55,55,0,90.3556,0.0005,0,0,Low
42,112,54,54,0,91.8634,0.0009,0,0,Low
42,113,53,53,0,92.4327,0.0006,0,0,Low
42,114,52,52,0,90.8284,0.0034,0,0,Low
42,115,51,51,0,89.6435,0.0034,0,0,Low
42,116,50,50,0,89.1912,0.0075,0,0,Low
42,117,49,49,0,88.4895,0.0085,0,0,Low
42,118,48,48,0,87.7256,0.0018,0,0,Low
42,119,47,47,0,90.3348,0.0011,0,0,Low
42,120,46,46,0,92.0029,0.0004,0,0,Low
42,121,45,45,0,91.4118,0.0015,0,0,Low
42,122,44,44,0,92.1715,0.0013,0,0,Low
42,123,43,43,0,91.0954,0.0055,0,0,Low
42,124,42,42,0,88.8559,0.0097,0,0,Low
42,125,41,41,0,87.5976,0.0358,0,0,Low
42,126,40,40,0,90.1134,0.01,0,0,Low
42,127,39,39,0,86.0107,0.0041,0,0,Low
42,128,38,38,0,87.1647,0.0027,0,0,Low
42,129,37,37,0,86.7824,0.0046,0,0,Low
42,130,36,36,0,83.056,0.0081,0,1,Low
42,131,35,35,0,80.1039,0.0024,0,1,Low
42,132,34,34,0,78.3574,0.0091,0,1,Low
42,133,33,33,0,79.2035,0.0349,0,1,Low
42,134,32,32,0,77.4304,0.206,0,1,Low
42,135,31,31,0,83.2209,0.028,0,1,Low
42,136,30,30,1,79.9547,0.2231,0,1,Low
42,137,29,29,1,75.5437,0.1996,0,1,Low
42,138,28,28,1,74.4647,0.0965,0,1,Low
42,139,27,27,1,73.1643,0.2275,0,1,Low
42,140,26,26,1,75.2215,0.2675,0,1,Low
42,141,25,25,1,64.4684,0.2841,0,1,Low
42,142,24,24,1,59.1609,0.5019,0,1,Elevated
42,143,23,23,1,55.7045,0.7725,0,1,Elevated
42,144,22,22,1,50.3478,0.7866,0,1,Elevated
42,145,21,21,1,49.0909,0.4982,0,1,Elevated
42,146,20,20,1,50.6203,0.7025,0,1,Elevated
42,147,19,19,1,45.3855,0.4265,0,1,Elevated
42,148,18,18,1,40.1825,0.8947,1,1,High
42,149,17,17,1,33.159,0.9131,1,1,High
42,150,16,16,1,31.7971,0.9865,1,1,High
42,151,15,15,1,30.4589,0.9988,1,1,High
42,152,14,14,1,24.4478,0.9996,1,1,High
42,153,13,13,1,25.5301,0.999,1,1,High
42,154,12,12,1,23.3859,0.9999,1,1,High
42,155,11,11,1,21.2398,0.9999,1,1,High
42,156,10,10,1,20.8691,1.0,1,1,High
43,15,216,125,0,122.452,0.0,0,0,Low
43,16,215,125,0,121.4578,0.0,0,0,Low
43,17,214,125,0,119.4618,0.0,0,0,Low
43,18,213,125,0,120.3826,0.0,0,0,Low
43,19,212,125,0,120.1103,0.0,0,0,Low
43,20,211,125,0,120.4121,0.0,0,0,Low
43,21,210,125,0,120.0714,0.0,0,0,Low
43,22,209,125,0,119.6593,0.0,0,0,Low
43,23,208,125,0,119.8727,0.0,0,0,Low
43,24,207,125,0,118.8727,0.0,0,0,Low
43,25,206,125,0,117.0513,0.0001,0,0,Low
43,26,205,125,0,119.2211,0.0001,0,0,Low
43,27,204,125,0,120.5768,0.0,0,0,Low
43,28,203,125,0,120.6551,0.0,0,0,Low
43,29,202,125,0,119.313,0.0001,0,0,Low
43,30,201,125,0,119.4022,0.0,0,0,Low
43,31,200,125,0,120.4409,0.0,0,0,Low
43,32,199,125,0,120.3954,0.0001,0,0,Low
43,33,198,125,0,120.5477,0.0,0,0,Low
43,34,197,125,0,120.8962,0.0,0,0,Low
43,35,196,125,0,120.8208,0.0,0,0,Low
43,36,195,125,0,121.4736,0.0,0,0,Low
43,37,194,125,0,121.1327,0.0,0,0,Low
43,38,193,125,0,121.1225,0.0,0,0,Low
43,39,192,125,0,121.3771,0.0,0,0,Low
43,40,191,125,0,121.8988,0.0,0,0,Low
43,41,190,125,0,122.1763,0.0,0,0,Low
43,42,189,125,0,122.8685,0.0,0,0,Low
43,43,188,125,0,122.4294,0.0,0,0,Low
43,44,187,125,0,122.7237,0.0,0,0,Low
43,45,186,125,0,121.7028,0.0,0,0,Low
43,46,185,125,0,121.132,0.0,0,0,Low
43,47,184,125,0,120.8478,0.0,0,0,Low
43,48,183,125,0,120.8043,0.0,0,0,Low
43,49,182,125,0,118.766,0.0,0,0,Low
43,50,181,125,0,118.3643,0.0,0,0,Low
43,51,180,125,0,120.2023,0.0,0,0,Low
43,52,179,125,0,119.4842,0.0,0,0,Low
43,53,178,125,0,119.4881,0.0001,0,0,Low
43,54,177,125,0,120.0547,0.0006,0,0,Low
43,55,176,125,0,118.4678,0.0005,0,0,Low
43,56,175,125,0,118.7601,0.0002,0,0,Low
43,57,174,125,0,117.9366,0.0002,0,0,Low
43,58,173,125,0,118.8487,0.0,0,0,Low
43,59,172,125,0,118.2514,0.0,0,0,Low
43,60,171,125,0,118.3109,0.0,0,0,Low
43,61,170,125,0,118.0742,0.0,0,0,Low
43,62,169,125,0,116.8171,0.0,0,0,Low
43,63,168,125,0,116.0891,0.0,0,0,Low
43,64,167,125,0,115.4157,0.0,0,0,Low
43,65,166,125,0,115.1559,0.0,0,0,Low
43,66,165,125,0,110.0633,0.0,0,0,Low
43,67,164,125,0,109.3191,0.0,0,0,Low
43,68,163,125,0,113.3053,0.0,0,0,Low
43,69,162,125,0,110.5256,0.0001,0,0,Low
43,70,161,125,0,110.3785,0.0,0,0,Low
43,71,160,125,0,109.9723,0.0002,0,0,Low
43,72,159,125,0,109.5706,0.0001,0,0,Low
43,73,158,125,0,110.8022,0.0008,0,0,Low
43,74,157,125,0,110.2248,0.0009,0,0,Low
43,75,156,125,0,109.235,0.0005,0,0,Low
43,76,155,125,0,107.2094,0.0001,0,0,Low
43,77,154,125,0,108.1304,0.0001,0,0,Low
43,78,153,125,0,105.8402,0.0,0,0,Low
43,79,152,125,0,104.7171,0.0,0,0,Low
43,80,151,125,0,104.3282,0.0,0,0,Low
43,81,150,125,0,114.3852,0.0,0,0,Low
43,82,149,125,0,113.7128,0.0,0,0,Low
43,83,148,125,0,112.5798,0.0,0,0,Low
43,84,147,125,0,113.3212,0.0,0,0,Low
43,85,146,125,0,113.8381,0.0,0,0,Low
43,86,145,125,0,114.9132,0.0,0,0,Low
43,87,144,125,0,110.55,0.0,0,0,Low
43,88,143,125,0,113.6498,0.0,0,0,Low
43,89,142,125,0,113.9936,0.0,0,0,Low
43,90,141,125,0,111.3759,0.0001,0,0,Low
43,91,140,125,0,109.3909,0.0,0,0,Low
43,92,139,125,0,104.5711,0.0001,0,0,Low
43,93,138,125,0,105.5644,0.0,0,0,Low
43,94,137,125,0,100.8096,0.0,0,0,Low
43,95,136,125,0,101.8321,0.0,0,0,Low
43,96,135,125,0,98.4624,0.0,0,0,Low
43,97,134,125,0,95.1639,0.0,0,0,Low
43,98,133,125,0,93.5909,0.0,0,0,Low
43,99,132,125,0,91.9978,0.0,0,0,Low
43,100,131,125,0,98.1928,0.0,0,0,Low
43,101,130,125,0,95.8492,0.0,0,0,Low
43,102,129,125,0,91.1701,0.0,0,0,Low
43,103,128,125,0,95.3053,0.0,0,0,Low
43,104,127,125,0,95.1633,0.0,0,0,Low
43,105,126,125,0,92.9181,0.0001,0,0,Low
43,106,125,125,0,86.549,0.0007,0,0,Low
43,107,124,124,0,92.4617,0.0003,0,0,Low
43,108,123,123,0,88.7287,0.0005,0,0,Low
43,109,122,122,0,93.9841,0.0008,0,0,Low
43,110,121,121,0,92.2712,0.0005,0,0,Low
43,111,120,120,0,94.1504,0.0001,0,0,Low
43,112,119,119,0,92.6111,0.0,0,0,Low
43,113,118,118,0,91.9934,0.0,0,0,Low
43,114,117,117,0,90.9458,0.0001,0,0,Low
43,115,116,116,0,92.8278,0.0,0,0,Low
43,116,115,115,0,91.8458,0.0,0,0,Low
43,117,114,114,0,91.4991,0.0001,0,0,Low
43,118,113,113,0,90.7001,0.0001,0,0,Low
43,119,112,112,0,90.08,0.0001,0,0,Low
43,120,111,111,0,91.0889,0.0,0,0,Low
43,121,110,110,0,89.2096,0.0001,0,0,Low
43,122,109,109,0,87.2681,0.0,0,0,Low
43,123,108,108,0,87.972,0.0,0,0,Low
43,124,107,107,0,91.584,0.0,0,0,Low
43,125,106,106,0,89.642,0.0,0,0,Low
43,126,105,105,0,91.7732,0.0001,0,0,Low
43,127,104,104,0,91.396,0.0002,0,0,Low
43,128,103,103,0,86.7334,0.0002,0,0,Low
43,129,102,102,0,90.566,0.0003,0,0,Low
43,130,101,101,0,88.9136,0.003,0,0,Low
43,131,100,100,0,87.5374,0.0016,0,0,Low
43,132,99,99,0,91.4255,0.0003,0,0,Low
43,133,98,98,0,90.2703,0.0006,0,0,Low
43,134,97,97,0,89.7349,0.0009,0,0,Low
43,135,96,96,0,88.9461,0.0005,0,0,Low
43,136,95,95,0,89.1825,0.0002,0,0,Low
43,137,94,94,0,90.0521,0.0001,0,0,Low
43,138,93,93,0,88.8619,0.0004,0,0,Low
43,139,92,92,0,88.4412,0.0011,0,0,Low
43,140,91,91,0,92.2604,0.0003,0,0,Low
43,141,90,90,0,92.9271,0.0004,0,0,Low
43,142,89,89,0,87.4245,0.0002,0,0,Low
43,143,88,88,0,93.1788,0.0004,0,0,Low
43,144,87,87,0,92.0738,0.0002,0,0,Low
43,145,86,86,0,87.5012,0.0006,0,0,Low
43,146,85,85,0,92.2945,0.0002,0,0,Low
43,147,84,84,0,90.0181,0.0006,0,0,Low
43,148,83,83,0,87.4772,0.0013,0,0,Low
43,149,82,82,0,87.7029,0.0007,0,0,Low
43,150,81,81,0,88.6293,0.0004,0,0,Low
43,151,80,80,0,90.048,0.0003,0,0,Low
43,152,79,79,0,90.9498,0.0001,0,0,Low
43,153,78,78,0,92.2391,0.0001,0,0,Low
43,154,77,77,0,89.6508,0.0003,0,0,Low
43,155,76,76,0,80.1582,0.0003,0,0,Low
43,156,75,75,0,78.6046,0.0019,0,0,Low
43,157,74,74,0,77.906,0.0016,0,0,Low
43,158,73,73,0,86.1599,0.0019,0,0,Low
43,159,72,72,0,88.333,0.003,0,0,Low
43,160,71,71,0,83.9546,0.0026,0,0,Low
43,161,70,70,0,84.1543,0.0003,0,0,Low
43,162,69,69,0,81.9034,0.0028,0,0,Low
43,163,68,68,0,83.0095,0.002,0,0,Low
43,164,67,67,0,78.9322,0.0013,0,0,Low
43,165,66,66,0,83.6518,0.0024,0,0,Low
43,166,65,65,0,86.999,0.0064,0,0,Low
43,167,64,64,0,80.5796,0.0065,0,0,Low
43,168,63,63,0,77.4333,0.0041,0,0,Low
43,169,62,62,0,73.2408,0.0119,0,0,Low
43,170,61,61,0,76.7545,0.0277,0,0,Low
43,171,60,60,0,74.7002,0.0125,0,0,Low
43,172,59,59,0,81.1309,0.0349,0,0,Low
44,15,148,125,0,123.4854,0.0001,0,0,Low
44,16,147,125,0,123.7052,0.0002,0,0,Low
44,17,146,125,0,122.6969,0.0002,0,0,Low
44,18,145,125,0,122.8413,0.0,0,0,Low
44,19,144,125,0,122.3995,0.0001,0,0,Low
44,20,143,125,0,122.1662,0.0,0,0,Low
44,21,142,125,0,123.1138,0.0,0,0,Low
44,22,141,125,0,122.23,0.0,0,0,Low
44,23,140,125,0,123.0722,0.0,0,0,Low
44,24,139,125,0,122.7723,0.0,0,0,Low
44,25,138,125,0,122.1665,0.0,0,0,Low
44,26,137,125,0,121.2687,0.0,0,0,Low
44,27,136,125,0,123.036,0.0,0,0,Low
44,28,135,125,0,121.8973,0.0,0,0,Low
44,29,134,125,0,122.3067,0.0,0,0,Low
44,30,133,125,0,121.3607,0.0,0,0,Low
44,31,132,125,0,122.4046,0.0001,0,0,Low
44,32,131,125,0,122.6171,0.0002,0,0,Low
44,33,130,125,0,122.1654,0.0003,0,0,Low
44,34,129,125,0,121.8998,0.0003,0,0,Low
44,35,128,125,0,121.9982,0.0004,0,0,Low
44,36,127,125,0,120.6852,0.001,0,0,Low
44,37,126,125,0,121.196,0.0009,0,0,Low
44,38,125,125,0,121.4739,0.0002,0,0,Low
44,39,124,124,0,121.2575,0.0027,0,0,Low
44,40,123,123,0,121.6547,0.0011,0,0,Low
44,41,122,122,0,121.4114,0.0011,0,0,Low
44,42,121,121,0,122.5127,0.0008,0,0,Low
44,43,120,120,0,122.742,0.0006,0,0,Low
44,44,119,119,0,122.312,0.0,0,0,Low
44,45,118,118,0,122.4069,0.0,0,0,Low
44,46,117,117,0,122.1824,0.0,0,0,Low
44,47,116,116,0,121.8676,0.0,0,0,Low
44,48,115,115,0,121.6829,0.0002,0,0,Low
44,49,114,114,0,122.0794,0.0002,0,0,Low
44,50,113,113,0,122.1895,0.0001,0,0,Low
44,51,112,112,0,120.3955,0.0002,0,0,Low
44,52,111,111,0,117.5915,0.0001,0,0,Low
44,53,110,110,0,118.966,0.0,0,0,Low
44,54,109,109,0,118.0817,0.0002,0,0,Low
45,15,251,125,0,119.9485,0.0016,0,0,Low
45,16,250,125,0,119.0169,0.0007,0,0,Low
45,17,249,125,0,120.7005,0.0004,0,0,Low
45,18,248,125,0,119.7702,0.0006,0,0,Low
45,19,247,125,0,120.7658,0.0002,0,0,Low
45,20,246,125,0,119.5066,0.0001,0,0,Low
45,21,245,125,0,119.3781,0.0002,0,0,Low
45,22,244,125,0,118.865,0.001,0,0,Low
45,23,243,125,0,119.9759,0.0009,0,0,Low
45,24,242,125,0,119.5846,0.0008,0,0,Low
45,25,241,125,0,118.4289,0.0141,0,0,Low
45,26,240,125,0,116.8047,0.0068,0,0,Low
45,27,239,125,0,116.5185,0.0055,0,0,Low
45,28,238,125,0,116.23,0.0027,0,0,Low
45,29,237,125,0,116.9408,0.0032,0,0,Low
45,30,236,125,0,116.6738,0.0015,0,0,Low
45,31,235,125,0,116.1886,0.0052,0,0,Low
45,32,234,125,0,117.0962,0.0018,0,0,Low
45,33,233,125,0,116.385,0.0011,0,0,Low
45,34,232,125,0,117.8167,0.0087,0,0,Low
45,35,231,125,0,117.61,0.0095,0,0,Low
45,36,230,125,0,117.5023,0.0014,0,0,Low
45,37,229,125,0,114.6198,0.0093,0,0,Low
45,38,228,125,0,114.6466,0.009,0,0,Low
45,39,227,125,0,114.8239,0.0039,0,0,Low
45,40,226,125,0,115.9976,0.0024,0,0,Low
45,41,225,125,0,115.2022,0.0219,0,0,Low
45,42,224,125,0,114.1115,0.0157,0,0,Low
45,43,223,125,0,116.0173,0.0043,0,0,Low
45,44,222,125,0,116.0339,0.0005,0,0,Low
45,45,221,125,0,117.9495,0.0005,0,0,Low
45,46,220,125,0,116.4622,0.0012,0,0,Low
45,47,219,125,0,116.5402,0.0013,0,0,Low
45,48,218,125,0,119.089,0.0002,0,0,Low
45,49,217,125,0,116.7124,0.0002,0,0,Low
45,50,216,125,0,115.4784,0.0002,0,0,Low
45,51,215,125,0,116.2529,0.0001,0,0,Low
45,52,214,125,0,116.9995,0.0001,0,0,Low
45,53,213,125,0,116.6415,0.0001,0,0,Low
45,54,212,125,0,115.8865,0.0031,0,0,Low
45,55,211,125,0,112.7471,0.0019,0,0,Low
45,56,210,125,0,112.4632,0.0033,0,0,Low
45,57,209,125,0,115.5921,0.0057,0,0,Low
45,58,208,125,0,113.9463,0.0075,0,0,Low
45,59,207,125,0,112.3856,0.0049,0,0,Low
45,60,206,125,0,112.8806,0.0012,0,0,Low
45,61,205,125,0,109.9153,0.0091,0,0,Low
45,62,204,125,0,107.9757,0.0038,0,0,Low
45,63,203,125,0,107.0895,0.0071,0,0,Low
45,64,202,125,0,106.8834,0.005,0,0,Low
45,65,201,125,0,105.5589,0.0028,0,0,Low
45,66,200,125,0,103.4122,0.0032,0,0,Low
45,67,199,125,0,102.6702,0.0051,0,0,Low
45,68,198,125,0,103.3332,0.0061,0,0,Low
45,69,197,125,0,103.3461,0.0009,0,0,Low
45,70,196,125,0,103.5311,0.0035,0,0,Low
45,71,195,125,0,104.5473,0.0002,0,0,Low
45,72,194,125,0,106.2671,0.0001,0,0,Low
45,73,193,125,0,102.5065,0.0,0,0,Low
45,74,192,125,0,104.9502,0.0,0,0,Low
45,75,191,125,0,104.71,0.0001,0,0,Low
45,76,190,125,0,102.5282,0.0003,0,0,Low
45,77,189,125,0,101.8186,0.0002,0,0,Low
45,78,188,125,0,100.9139,0.0007,0,0,Low
45,79,187,125,0,99.4097,0.0006,0,0,Low
45,80,186,125,0,96.9118,0.0007,0,0,Low
45,81,185,125,0,94.7389,0.0044,0,0,Low
45,82,184,125,0,96.2973,0.0008,0,0,Low
45,83,183,125,0,94.8998,0.0004,0,0,Low
45,84,182,125,0,94.3909,0.0005,0,0,Low
45,85,181,125,0,93.6237,0.0015,0,0,Low
45,86,180,125,0,94.5907,0.0015,0,0,Low
45,87,179,125,0,91.9625,0.0035,0,0,Low
45,88,178,125,0,91.3854,0.0068,0,0,Low
45,89,177,125,0,90.8722,0.0021,0,0,Low
45,90,176,125,0,91.1174,0.0122,0,0,Low
45,91,175,125,0,93.0756,0.0181,0,0,Low
45,92,174,125,0,93.7874,0.0069,0,0,Low
45,93,173,125,0,94.8605,0.0255,0,0,Low
45,94,172,125,0,94.134,0.0369,0,0,Low
45,95,171,125,0,92.2347,0.0048,0,0,Low
45,96,170,125,0,92.2699,0.003,0,0,Low
45,97,169,125,0,91.9884,0.002,0,0,Low
45,98,168,125,0,86.7735,0.0009,0,0,Low
45,99,167,125,0,87.7152,0.0005,0,0,Low
45,100,166,125,0,89.1425,0.0006,0,0,Low
45,101,165,125,0,85.6643,0.002,0,0,Low
45,102,164,125,0,89.8579,0.0022,0,0,Low
45,103,163,125,0,86.6096,0.0099,0,0,Low
45,104,162,125,0,85.6139,0.0096,0,0,Low
45,105,161,125,0,85.6127,0.0377,0,0,Low
45,106,160,125,0,83.0196,0.0074,0,0,Low
45,107,159,125,0,81.7132,0.0086,0,0,Low
45,108,158,125,0,87.4461,0.006,0,0,Low
45,109,157,125,0,78.6664,0.0047,0,0,Low
45,110,156,125,0,80.671,0.0018,0,0,Low
45,111,155,125,0,87.2643,0.0007,0,0,Low
45,112,154,125,0,87.4751,0.0004,0,0,Low
45,113,153,125,0,92.3807,0.0001,0,0,Low
45,114,152,125,0,89.3931,0.0002,0,0,Low
45,115,151,125,0,95.4385,0.0001,0,0,Low
45,116,150,125,0,94.5979,0.0001,0,0,Low
45,117,149,125,0,93.4943,0.0003,0,0,Low
45,118,148,125,0,93.0413,0.0007,0,0,Low
45,119,147,125,0,92.2207,0.0004,0,0,Low
45,120,146,125,0,93.222,0.0005,0,0,Low
45,121,145,125,0,90.4971,0.0008,0,0,Low
45,122,144,125,0,87.4929,0.0006,0,0,Low
45,123,143,125,0,89.4242,0.0001,0,0,Low
45,124,142,125,0,89.4206,0.0026,0,0,Low
45,125,141,125,0,86.6305,0.0023,0,0,Low
45,126,140,125,0,86.3688,0.003,0,0,Low
45,127,139,125,0,90.3702,0.0008,0,0,Low
45,128,138,125,0,84.9114,0.009,0,0,Low
45,129,137,125,0,83.8429,0.0047,0,0,Low
45,130,136,125,0,82.5863,0.0084,0,0,Low
45,131,135,125,0,79.2489,0.0096,0,0,Low
45,132,134,125,0,77.7526,0.0176,0,0,Low
45,133,133,125,0,88.9209,0.0004,0,0,Low
45,134,132,125,0,89.3522,0.0002,0,0,Low
45,135,131,125,0,84.6183,0.0005,0,0,Low
45,136,130,125,0,87.0757,0.0012,0,0,Low
45,137,129,125,0,89.7417,0.001,0,0,Low
45,138,128,125,0,80.6794,0.0403,0,0,Low
45,139,127,125,0,81.8114,0.0373,0,0,Low
45,140,126,125,0,84.843,0.0151,0,0,Low
45,141,125,125,0,83.9347,0.006,0,0,Low
45,142,124,124,0,80.9361,0.0044,0,0,Low
45,143,123,123,0,89.5636,0.0003,0,0,Low
45,144,122,122,0,83.287,0.0069,0,0,Low
45,145,121,121,0,83.6686,0.0011,0,0,Low
45,146,120,120,0,88.4454,0.0006,0,0,Low
45,147,119,119,0,80.1956,0.0016,0,0,Low
45,148,118,118,0,74.1456,0.0019,0,0,Low
45,149,117,117,0,73.3246,0.0003,0,0,Low
45,150,116,116,0,64.611,0.0081,0,1,Low
45,151,115,115,0,63.5468,0.0047,0,1,Low
45,152,114,114,0,63.9319,0.0114,0,1,Low
46,15,178,125,0,122.8107,0.0001,0,0,Low
46,16,177,125,0,119.836,0.0001,0,0,Low
46,17,176,125,0,120.7515,0.0001,0,0,Low
46,18,175,125,0,120.6267,0.0001,0,0,Low
46,19,174,125,0,120.878,0.0002,0,0,Low
46,20,173,125,0,120.3157,0.0,0,0,Low
46,21,172,125,0,121.451,0.0002,0,0,Low
46,22,171,125,0,121.653,0.0003,0,0,Low
46,23,170,125,0,120.8139,0.0003,0,0,Low
46,24,169,125,0,121.6547,0.0001,0,0,Low
46,25,168,125,0,119.5593,0.0001,0,0,Low
46,26,167,125,0,121.1873,0.0002,0,0,Low
46,27,166,125,0,121.2634,0.0001,0,0,Low
46,28,165,125,0,121.3664,0.0001,0,0,Low
46,29,164,125,0,121.6948,0.0019,0,0,Low
46,30,163,125,0,121.6063,0.0001,0,0,Low
46,31,162,125,0,121.5807,0.0003,0,0,Low
46,32,161,125,0,121.0193,0.0001,0,0,Low
46,33,160,125,0,121.6589,0.0004,0,0,Low
46,34,159,125,0,121.541,0.0,0,0,Low
46,35,158,125,0,121.8914,0.0001,0,0,Low
46,36,157,125,0,120.1849,0.0002,0,0,Low
46,37,156,125,0,119.8505,0.0004,0,0,Low
46,38,155,125,0,119.6433,0.0002,0,0,Low
46,39,154,125,0,119.6087,0.0002,0,0,Low
46,40,153,125,0,111.5845,0.0002,0,0,Low
46,41,152,125,0,115.0616,0.0001,0,0,Low
46,42,151,125,0,115.3132,0.0001,0,0,Low
46,43,150,125,0,115.0078,0.0006,0,0,Low
46,44,149,125,0,114.3714,0.0005,0,0,Low
46,45,148,125,0,117.4288,0.0012,0,0,Low
46,46,147,125,0,114.8992,0.0002,0,0,Low
46,47,146,125,0,115.7442,0.0,0,0,Low
46,48,145,125,0,116.4369,0.0001,0,0,Low
46,49,144,125,0,116.8108,0.0,0,0,Low
46,50,143,125,0,116.6589,0.0001,0,0,Low
46,51,142,125,0,116.056,0.0,0,0,Low
46,52,141,125,0,115.5536,0.0007,0,0,Low
46,53,140,125,0,112.816,0.0,0,0,Low
46,54,139,125,0,110.8599,0.0001,0,0,Low
46,55,138,125,0,110.5939,0.0001,0,0,Low
46,56,137,125,0,110.9475,0.0013,0,0,Low
46,57,136,125,0,110.738,0.0007,0,0,Low
46,58,135,125,0,110.5088,0.0031,0,0,Low
46,59,134,125,0,115.1416,0.0025,0,0,Low
46,60,133,125,0,113.5706,0.0003,0,0,Low
46,61,132,125,0,113.0172,0.0005,0,0,Low
46,62,131,125,0,113.1054,0.0013,0,0,Low
46,63,130,125,0,110.2814,0.0009,0,0,Low
46,64,129,125,0,111.5743,0.0002,0,0,Low
46,65,128,125,0,109.8174,0.0027,0,0,Low
46,66,127,125,0,108.8845,0.0002,0,0,Low
46,67,126,125,0,107.936,0.0001,0,0,Low
46,68,125,125,0,110.2504,0.0,0,0,Low
46,69,124,124,0,112.2494,0.0005,0,0,Low
46,70,123,123,0,111.0402,0.0004,0,0,Low
46,71,122,122,0,109.6699,0.0013,0,0,Low
46,72,121,121,0,110.1242,0.0005,0,0,Low
46,73,120,120,0,107.5424,0.0035,0,0,Low
46,74,119,119,0,106.8994,0.0001,0,0,Low
46,75,118,118,0,107.0782,0.0,0,0,Low
46,76,117,117,0,107.9289,0.0002,0,0,Low
46,77,116,116,0,101.6694,0.0002,0,0,Low
46,78,115,115,0,102.6425,0.0007,0,0,Low
46,79,114,114,0,102.0394,0.0007,0,0,Low
46,80,113,113,0,96.4804,0.0034,0,0,Low
46,81,112,112,0,95.2818,0.0012,0,0,Low
46,82,111,111,0,96.8264,0.0004,0,0,Low
46,83,110,110,0,96.4507,0.0001,0,0,Low
46,84,109,109,0,94.6831,0.0003,0,0,Low
46,85,108,108,0,95.1998,0.0001,0,0,Low
46,86,107,107,0,96.5911,0.0005,0,0,Low
46,87,106,106,0,95.83,0.0058,0,0,Low
46,88,105,105,0,93.5393,0.0019,0,0,Low
46,89,104,104,0,85.6723,0.0114,0,0,Low
46,90,103,103,0,85.3939,0.0024,0,0,Low
46,91,102,102,0,86.393,0.0014,0,0,Low
46,92,101,101,0,85.7093,0.0002,0,0,Low
46,93,100,100,0,81.5565,0.0005,0,0,Low
46,94,99,99,0,85.6264,0.0003,0,0,Low
46,95,98,98,0,85.4724,0.0008,0,0,Low
46,96,97,97,0,81.1608,0.0001,0,0,Low
46,97,96,96,0,76.7528,0.0001,0,0,Low
46,98,95,95,0,77.6265,0.0001,0,0,Low
46,99,94,94,0,76.0046,0.0002,0,0,Low
46,100,93,93,0,75.9088,0.0002,0,0,Low
46,101,92,92,0,75.3135,0.0005,0,0,Low
46,102,91,91,0,80.0556,0.0016,0,0,Low
46,103,90,90,0,77.2479,0.003,0,0,Low
46,104,89,89,0,78.5764,0.004,0,0,Low
46,105,88,88,0,74.8492,0.0018,0,0,Low
46,106,87,87,0,76.9371,0.0026,0,0,Low
46,107,86,86,0,72.1498,0.0015,0,0,Low
46,108,85,85,0,71.0402,0.0049,0,0,Low
46,109,84,84,0,73.8554,0.0023,0,0,Low
46,110,83,83,0,73.3022,0.0006,0,0,Low
46,111,82,82,0,68.4983,0.0022,0,0,Low
46,112,81,81,0,69.5509,0.0032,0,0,Low
46,113,80,80,0,70.8033,0.0007,0,0,Low
46,114,79,79,0,69.0116,0.0035,0,0,Low
46,115,78,78,0,65.6045,0.0455,0,0,Low
46,116,77,77,0,66.484,0.0203,0,0,Low
46,117,76,76,0,68.7033,0.0241,0,0,Low
46,118,75,75,0,69.2332,0.0197,0,0,Low
46,119,74,74,0,68.5703,0.0103,0,0,Low
46,120,73,73,0,68.3804,0.0069,0,0,Low
46,121,72,72,0,64.4321,0.0123,0,0,Low
46,122,71,71,0,64.864,0.0038,0,0,Low
46,123,70,70,0,61.7809,0.0336,0,1,Low
46,124,69,69,0,63.1468,0.0034,0,1,Low
46,125,68,68,0,58.8382,0.0039,0,1,Low
46,126,67,67,0,57.9097,0.0264,0,1,Low
46,127,66,66,0,58.448,0.0357,0,1,Low
46,128,65,65,0,55.7987,0.0384,0,1,Low
46,129,64,64,0,51.982,0.1399,0,0,Low
46,130,63,63,0,50.6903,0.1647,0,1,Low
46,131,62,62,0,48.3003,0.0508,0,0,Low
46,132,61,61,0,47.1187,0.1521,0,1,Low
46,133,60,60,0,46.7247,0.2405,0,1,Low
46,134,59,59,0,47.8628,0.2369,0,1,Low
46,135,58,58,0,45.8777,0.0753,0,1,Low
46,136,57,57,0,44.3474,0.4773,0,1,Elevated
46,137,56,56,0,43.997,0.1426,0,1,Low
46,138,55,55,0,44.1476,0.2569,0,1,Low
46,139,54,54,0,41.9846,0.2752,0,1,Low
46,140,53,53,0,43.6222,0.5866,0,1,Elevated
46,141,52,52,0,41.7621,0.2309,0,1,Low
46,142,51,51,0,42.0974,0.2137,0,1,Low
46,143,50,50,0,42.6021,0.1655,0,1,Low
46,144,49,49,0,41.4433,0.0884,0,1,Low
46,145,48,48,0,40.7184,0.2119,0,1,Low
46,146,47,47,0,41.9749,0.466,0,1,Elevated
47,15,193,125,0,120.096,0.0043,0,0,Low
47,16,192,125,0,118.9471,0.0235,0,1,Low
47,17,191,125,0,117.5024,0.0263,0,0,Low
47,18,190,125,0,119.2248,0.0362,0,1,Low
47,19,189,125,0,119.0225,0.0216,0,0,Low
47,20,188,125,0,121.2453,0.0178,0,0,Low
47,21,187,125,0,121.5148,0.0089,0,0,Low
47,22,186,125,0,119.0396,0.0055,0,0,Low
47,23,185,125,0,118.9143,0.0031,0,0,Low
47,24,184,125,0,117.7853,0.0065,0,0,Low
47,25,183,125,0,117.5722,0.0017,0,0,Low
47,26,182,125,0,119.2295,0.0007,0,0,Low
47,27,181,125,0,119.3835,0.0004,0,0,Low
47,28,180,125,0,117.106,0.0009,0,0,Low
47,29,179,125,0,118.8736,0.0002,0,0,Low
47,30,178,125,0,117.7308,0.0003,0,0,Low
47,31,177,125,0,118.0781,0.0006,0,0,Low
47,32,176,125,0,117.8094,0.0016,0,0,Low
47,33,175,125,0,115.3528,0.0001,0,0,Low
47,34,174,125,0,114.9461,0.0003,0,0,Low
47,35,173,125,0,116.1273,0.0001,0,0,Low
47,36,172,125,0,118.8413,0.0,0,0,Low
47,37,171,125,0,117.8303,0.0002,0,0,Low
47,38,170,125,0,116.8794,0.0001,0,0,Low
47,39,169,125,0,119.1484,0.0001,0,0,Low
47,40,168,125,0,118.7615,0.0002,0,0,Low
47,41,167,125,0,117.1886,0.0004,0,0,Low
47,42,166,125,0,114.5337,0.0043,0,0,Low
47,43,165,125,0,115.9158,0.0041,0,0,Low
47,44,164,125,0,114.0971,0.007,0,0,Low
47,45,163,125,0,112.9974,0.0024,0,1,Low
47,46,162,125,0,112.9204,0.0285,0,0,Low
47,47,161,125,0,115.8362,0.0015,0,0,Low
47,48,160,125,0,115.4378,0.0013,0,0,Low
47,49,159,125,0,114.8972,0.0025,0,0,Low
47,50,158,125,0,113.6872,0.0011,0,0,Low
47,51,157,125,0,113.4516,0.0001,0,0,Low
47,52,156,125,0,112.0386,0.0025,0,0,Low
47,53,155,125,0,111.8568,0.0011,0,0,Low
47,54,154,125,0,112.5627,0.0003,0,0,Low
47,55,153,125,0,109.9576,0.0003,0,0,Low
47,56,152,125,0,107.232,0.0006,0,0,Low
47,57,151,125,0,107.2663,0.0015,0,0,Low
47,58,150,125,0,107.3389,0.0011,0,0,Low
47,59,149,125,0,106.855,0.0027,0,0,Low
47,60,148,125,0,107.2341,0.0024,0,0,Low
47,61,147,125,0,109.2735,0.0015,0,0,Low
47,62,146,125,0,108.9114,0.001,0,0,Low
47,63,145,125,0,108.1256,0.0013,0,0,Low
47,64,144,125,0,108.8035,0.0016,0,0,Low
47,65,143,125,0,106.9856,0.0125,0,0,Low
47,66,142,125,0,104.6353,0.0091,0,0,Low
47,67,141,125,0,106.1213,0.0229,0,0,Low
47,68,140,125,0,105.4813,0.0031,0,0,Low
47,69,139,125,0,103.0293,0.0028,0,0,Low
47,70,138,125,0,106.6283,0.0014,0,0,Low
47,71,137,125,0,106.5239,0.001,0,0,Low
47,72,136,125,0,105.9217,0.0015,0,0,Low
47,73,135,125,0,106.5996,0.0012,0,0,Low
48,15,155,125,0,123.4881,0.0,0,0,Low
48,16,154,125,0,123.7226,0.0,0,0,Low
48,17,153,125,0,123.372,0.0,0,0,Low
48,18,152,125,0,123.2095,0.0,0,0,Low
48,19,151,125,0,123.0695,0.0001,0,0,Low
48,20,150,125,0,123.5477,0.0,0,0,Low
48,21,149,125,0,122.8413,0.0,0,0,Low
48,22,148,125,0,123.5651,0.0,0,0,Low
48,23,147,125,0,123.5195,0.0001,0,0,Low
48,24,146,125,0,123.1018,0.0,0,0,Low
48,25,145,125,0,123.3544,0.0,0,0,Low
48,26,144,125,0,123.3307,0.0012,0,0,Low
48,27,143,125,0,123.5117,0.0003,0,0,Low
48,28,142,125,0,123.1931,0.0001,0,0,Low
48,29,141,125,0,123.5434,0.0001,0,0,Low
48,30,140,125,0,123.9193,0.0003,0,0,Low
48,31,139,125,0,124.0592,0.0001,0,0,Low
48,32,138,125,0,123.9786,0.0001,0,0,Low
48,33,137,125,0,123.9125,0.0,0,0,Low
48,34,136,125,0,124.0304,0.0001,0,0,Low
48,35,135,125,0,123.2232,0.0001,0,0,Low
48,36,134,125,0,123.1102,0.0001,0,0,Low
48,37,133,125,0,122.9644,0.0002,0,0,Low
48,38,132,125,0,122.7036,0.0001,0,0,Low
48,39,131,125,0,122.8793,0.0001,0,0,Low
48,40,130,125,0,122.7804,0.0002,0,0,Low
48,41,129,125,0,122.8335,0.0,0,0,Low
48,42,128,125,0,123.0107,0.0,0,0,Low
48,43,127,125,0,121.638,0.0,0,0,Low
48,44,126,125,0,121.7038,0.0,0,0,Low
48,45,125,125,0,122.8847,0.0,0,0,Low
48,46,124,124,0,121.5994,0.0,0,0,Low
48,47,123,123,0,121.6207,0.0,0,0,Low
48,48,122,122,0,121.4198,0.0,0,0,Low
48,49,121,121,0,121.7268,0.0,0,0,Low
48,50,120,120,0,121.8768,0.0001,0,0,Low
48,51,119,119,0,122.0685,0.0006,0,0,Low
48,52,118,118,0,122.5386,0.0003,0,0,Low
48,53,117,117,0,121.9331,0.0002,0,0,Low
48,54,116,116,0,121.6769,0.0001,0,0,Low
48,55,115,115,0,121.8596,0.0,0,0,Low
48,56,114,114,0,121.4708,0.0,0,0,Low
48,57,113,113,0,120.4601,0.0,0,0,Low
48,58,112,112,0,119.8083,0.0,0,0,Low
48,59,111,111,0,118.9274,0.0,0,0,Low
48,60,110,110,0,118.9503,0.0,0,0,Low
48,61,109,109,0,118.0687,0.0,0,0,Low
48,62,108,108,0,119.565,0.0,0,0,Low
48,63,107,107,0,118.9507,0.0,0,0,Low
48,64,106,106,0,118.5341,0.0,0,0,Low
48,65,105,105,0,117.8753,0.0001,0,0,Low
48,66,104,104,0,118.0419,0.0,0,0,Low
48,67,103,103,0,117.6553,0.0,0,0,Low
48,68,102,102,0,117.4107,0.0,0,0,Low
48,69,101,101,0,116.4181,0.0,0,0,Low
48,70,100,100,0,117.079,0.0,0,0,Low
48,71,99,99,0,116.2302,0.0,0,0,Low
48,72,98,98,0,114.8359,0.0002,0,0,Low
48,73,97,97,0,114.5554,0.0004,0,0,Low
48,74,96,96,0,114.2305,0.0003,0,0,Low
48,75,95,95,0,112.9127,0.0006,0,0,Low
48,76,94,94,0,112.5585,0.0006,0,0,Low
48,77,93,93,0,112.4613,0.0001,0,0,Low
48,78,92,92,0,113.273,0.0003,0,0,Low
49,15,309,125,0,124.835,0.0,0,0,Low
49,16,308,125,0,124.7458,0.0,0,0,Low
49,17,307,125,0,124.8165,0.0,0,0,Low
49,18,306,125,0,124.846,0.0,0,0,Low
49,19,305,125,0,124.8144,0.0,0,0,Low
49,20,304,125,0,124.548,0.0,0,0,Low
49,21,303,125,0,124.8487,0.0,0,0,Low
49,22,302,125,0,124.8484,0.0,0,0,Low
49,23,301,125,0,124.8604,0.0,0,0,Low
49,24,300,125,0,124.8128,0.0,0,0,Low
49,25,299,125,0,124.2313,0.0,0,0,Low
49,26,298,125,0,124.9536,0.0,0,0,Low
49,27,297,125,0,124.9056,0.0,0,0,Low
49,28,296,125,0,124.2462,0.0,0,0,Low
49,29,295,125,0,124.8256,0.0,0,0,Low
49,30,294,125,0,124.7612,0.0,0,0,Low
49,31,293,125,0,124.8362,0.0,0,0,Low
49,32,292,125,0,124.3262,0.0,0,0,Low
49,33,291,125,0,124.1546,0.0,0,0,Low
49,34,290,125,0,124.5795,0.0,0,0,Low
49,35,289,125,0,124.4029,0.0,0,0,Low
49,36,288,125,0,124.2298,0.0,0,0,Low
49,37,287,125,0,124.4195,0.0,0,0,Low
49,38,286,125,0,124.398,0.0,0,0,Low
49,39,285,125,0,123.7127,0.0,0,0,Low
49,40,284,125,0,124.1962,0.0,0,0,Low
49,41,283,125,0,124.6265,0.0,0,0,Low
49,42,282,125,0,124.5846,0.0,0,0,Low
49,43,281,125,0,124.5289,0.0,0,0,Low
49,44,280,125,0,124.5358,0.0,0,0,Low
49,45,279,125,0,124.5581,0.0,0,0,Low
49,46,278,125,0,123.9291,0.0,0,0,Low
49,47,277,125,0,123.2788,0.0,0,0,Low
49,48,276,125,0,123.7442,0.0,0,0,Low
49,49,275,125,0,123.4611,0.0,0,0,Low
49,50,274,125,0,121.9572,0.0,0,0,Low
49,51,273,125,0,122.4946,0.0,0,0,Low
49,52,272,125,0,122.9931,0.0,0,0,Low
49,53,271,125,0,124.0785,0.0,0,0,Low
49,54,270,125,0,122.6025,0.0,0,0,Low
49,55,269,125,0,122.2285,0.0,0,0,Low
49,56,268,125,0,121.8948,0.0,0,0,Low
49,57,267,125,0,121.5677,0.0,0,0,Low
49,58,266,125,0,122.5895,0.0,0,0,Low
49,59,265,125,0,123.2273,0.0,0,0,Low
49,60,264,125,0,123.1393,0.0,0,0,Low
49,61,263,125,0,123.3182,0.0,0,0,Low
49,62,262,125,0,122.4758,0.0,0,0,Low
49,63,261,125,0,122.2793,0.0,0,0,Low
49,64,260,125,0,123.8654,0.0,0,0,Low
49,65,259,125,0,123.5439,0.0,0,0,Low
49,66,258,125,0,123.307,0.0,0,0,Low
49,67,257,125,0,122.6524,0.0,0,0,Low
49,68,256,125,0,121.6048,0.0,0,0,Low
49,69,255,125,0,123.837,0.0,0,0,Low
49,70,254,125,0,122.2825,0.0,0,0,Low
49,71,253,125,0,121.6774,0.0,0,0,Low
49,72,252,125,0,121.7638,0.0,0,0,Low
49,73,251,125,0,121.4321,0.0,0,0,Low
49,74,250,125,0,120.4883,0.0,0,0,Low
49,75,249,125,0,121.4548,0.0,0,0,Low
49,76,248,125,0,120.4855,0.0,0,0,Low
49,77,247,125,0,119.5845,0.0,0,0,Low
49,78,246,125,0,118.66,0.0,0,0,Low
49,79,245,125,0,118.1001,0.0,0,0,Low
49,80,244,125,0,118.2738,0.0,0,0,Low
49,81,243,125,0,118.198,0.0,0,0,Low
49,82,242,125,0,112.8458,0.0,0,0,Low
49,83,241,125,0,116.79,0.0,0,0,Low
49,84,240,125,0,116.7884,0.0,0,0,Low
49,85,239,125,0,117.0333,0.0,0,0,Low
49,86,238,125,0,116.5574,0.0,0,0,Low
49,87,237,125,0,115.9457,0.0,0,0,Low
49,88,236,125,0,115.4028,0.0,0,0,Low
49,89,235,125,0,114.5229,0.0,0,0,Low
49,90,234,125,0,115.0562,0.0,0,0,Low
49,91,233,125,0,116.743,0.0,0,0,Low
49,92,232,125,0,113.9531,0.0,0,0,Low
49,93,231,125,0,113.4499,0.0,0,0,Low
49,94,230,125,0,114.5208,0.0,0,0,Low
49,95,229,125,0,114.2718,0.0,0,0,Low
49,96,228,125,0,116.4761,0.0,0,0,Low
49,97,227,125,0,116.849,0.0,0,0,Low
49,98,226,125,0,114.9459,0.0,0,0,Low
49,99,225,125,0,114.8128,0.0,0,0,Low
49,100,224,125,0,115.0873,0.0,0,0,Low
49,101,223,125,0,115.1393,0.0,0,0,Low
49,102,222,125,0,114.9555,0.0,0,0,Low
49,103,221,125,0,117.6268,0.0,0,0,Low
49,104,220,125,0,118.7239,0.0,0,0,Low
49,105,219,125,0,117.4851,0.0,0,0,Low
49,106,218,125,0,117.4187,0.0,0,0,Low
49,107,217,125,0,117.5734,0.0,0,0,Low
49,108,216,125,0,118.628,0.0,0,0,Low
49,109,215,125,0,117.0696,0.0,0,0,Low
49,110,214,125,0,118.8581,0.0,0,0,Low
49,111,213,125,0,117.119,0.0,0,0,Low
49,112,212,125,0,116.579,0.0,0,0,Low
49,113,211,125,0,113.0523,0.0,0,0,Low
49,114,210,125,0,117.7822,0.0,0,0,Low
49,115,209,125,0,118.5355,0.0,0,0,Low
49,116,208,125,0,119.7238,0.0,0,0,Low
49,117,207,125,0,118.8194,0.0,0,0,Low
49,118,206,125,0,117.6161,0.0,0,0,Low
49,119,205,125,0,116.9492,0.0,0,0,Low
49,120,204,125,0,117.2415,0.0,0,0,Low
49,121,203,125,0,115.2041,0.0,0,0,Low
49,122,202,125,0,115.2348,0.0,0,0,Low
49,123,201,125,0,115.1497,0.0,0,0,Low
49,124,200,125,0,114.949,0.0,0,0,Low
49,125,199,125,0,115.5638,0.0,0,0,Low
49,126,198,125,0,116.1449,0.0,0,0,Low
49,127,197,125,0,116.5693,0.0,0,0,Low
49,128,196,125,0,117.4486,0.0,0,0,Low
49,129,195,125,0,115.4196,0.0,0,0,Low
49,130,194,125,0,112.8243,0.0,0,0,Low
49,131,193,125,0,114.2575,0.0,0,0,Low
49,132,192,125,0,113.1802,0.0,0,0,Low
49,133,191,125,0,111.2883,0.0,0,0,Low
49,134,190,125,0,112.8881,0.0,0,0,Low
49,135,189,125,0,113.5436,0.0,0,0,Low
49,136,188,125,0,112.2194,0.0,0,0,Low
49,137,187,125,0,112.6754,0.0,0,0,Low
49,138,186,125,0,112.7444,0.0,0,0,Low
49,139,185,125,0,114.1355,0.0,0,0,Low
49,140,184,125,0,116.0305,0.0,0,0,Low
49,141,183,125,0,112.6783,0.0,0,0,Low
49,142,182,125,0,111.1878,0.0,0,0,Low
49,143,181,125,0,110.9573,0.0,0,0,Low
49,144,180,125,0,111.5983,0.0,0,0,Low
49,145,179,125,0,110.5633,0.0,0,0,Low
49,146,178,125,0,111.8053,0.0,0,0,Low
49,147,177,125,0,110.6682,0.0,0,0,Low
49,148,176,125,0,110.8875,0.0,0,0,Low
49,149,175,125,0,111.8961,0.0,0,0,Low
49,150,174,125,0,110.5684,0.0,0,0,Low
49,151,173,125,0,108.8095,0.0,0,0,Low
49,152,172,125,0,108.5204,0.0,0,0,Low
49,153,171,125,0,107.2213,0.0,0,0,Low
49,154,170,125,0,106.7875,0.0,0,0,Low
49,155,169,125,0,107.7741,0.0,0,0,Low
49,156,168,125,0,106.8487,0.0,0,0,Low
49,157,167,125,0,106.2999,0.0,0,0,Low
49,158,166,125,0,106.8946,0.0,0,0,Low
49,159,165,125,0,105.599,0.0,0,0,Low
49,160,164,125,0,107.3023,0.0,0,0,Low
49,161,163,125,0,106.1453,0.0,0,0,Low
49,162,162,125,0,106.282,0.0,0,0,Low
49,163,161,125,0,106.1356,0.0,0,0,Low
49,164,160,125,0,103.8655,0.0,0,0,Low
49,165,159,125,0,103.8165,0.0,0,0,Low
49,166,158,125,0,102.7722,0.0,0,0,Low
49,167,157,125,0,102.0265,0.0,0,0,Low
49,168,156,125,0,102.709,0.0,0,0,Low
49,169,155,125,0,101.5324,0.0,0,0,Low
49,170,154,125,0,98.2857,0.0,0,0,Low
49,171,153,125,0,100.3432,0.0,0,0,Low
49,172,152,125,0,98.3172,0.0,0,0,Low
49,173,151,125,0,99.1394,0.0,0,0,Low
49,174,150,125,0,99.328,0.0,0,0,Low
49,175,149,125,0,98.942,0.0,0,0,Low
49,176,148,125,0,96.5687,0.0,0,0,Low
49,177,147,125,0,97.8588,0.0,0,0,Low
49,178,146,125,0,98.3451,0.0,0,0,Low
49,179,145,125,0,97.8728,0.0,0,0,Low
49,180,144,125,0,98.6499,0.0,0,0,Low
49,181,143,125,0,99.098,0.0,0,0,Low
49,182,142,125,0,99.2598,0.0,0,0,Low
49,183,141,125,0,100.1444,0.0,0,0,Low
49,184,140,125,0,99.4063,0.0,0,0,Low
49,185,139,125,0,102.0799,0.0,0,0,Low
49,186,138,125,0,103.5065,0.0001,0,0,Low
49,187,137,125,0,106.5558,0.0001,0,0,Low
49,188,136,125,0,105.1935,0.0,0,0,Low
49,189,135,125,0,106.2644,0.0,0,0,Low
49,190,134,125,0,104.8165,0.0,0,0,Low
49,191,133,125,0,103.4562,0.0,0,0,Low
49,192,132,125,0,101.6024,0.0,0,0,Low
49,193,131,125,0,103.3067,0.0,0,0,Low
49,194,130,125,0,106.1438,0.0,0,0,Low
49,195,129,125,0,106.3279,0.0,0,0,Low
49,196,128,125,0,106.059,0.0,0,0,Low
49,197,127,125,0,108.0532,0.0,0,0,Low
49,198,126,125,0,108.2688,0.0,0,0,Low
49,199,125,125,0,105.4598,0.0,0,0,Low
49,200,124,124,0,106.1006,0.0,0,0,Low
49,201,123,123,0,105.5563,0.0,0,0,Low
49,202,122,122,0,103.9833,0.0,0,0,Low
49,203,121,121,0,107.2364,0.0,0,0,Low
49,204,120,120,0,106.1104,0.0,0,0,Low
49,205,119,119,0,106.2986,0.0,0,0,Low
49,206,118,118,0,104.8416,0.0,0,0,Low
49,207,117,117,0,101.0408,0.0,0,0,Low
49,208,116,116,0,104.282,0.0,0,0,Low
49,209,115,115,0,105.848,0.0,0,0,Low
49,210,114,114,0,108.1735,0.0,0,0,Low
49,211,113,113,0,106.0077,0.0,0,0,Low
49,212,112,112,0,107.7269,0.0,0,0,Low
49,213,111,111,0,107.7386,0.0,0,0,Low
49,214,110,110,0,105.4586,0.0,0,0,Low
49,215,109,109,0,106.5756,0.0,0,0,Low
49,216,108,108,0,107.9907,0.0,0,0,Low
49,217,107,107,0,109.6994,0.0,0,0,Low
49,218,106,106,0,108.5887,0.0,0,0,Low
49,219,105,105,0,109.7176,0.0,0,0,Low
49,220,104,104,0,107.8804,0.0,0,0,Low
49,221,103,103,0,106.852,0.0,0,0,Low
49,222,102,102,0,108.1368,0.0,0,0,Low
49,223,101,101,0,104.6132,0.0,0,0,Low
49,224,100,100,0,103.3266,0.0,0,0,Low
49,225,99,99,0,102.3173,0.0,0,0,Low
49,226,98,98,0,103.8115,0.0,0,0,Low
49,227,97,97,0,105.2317,0.0,0,0,Low
49,228,96,96,0,103.575,0.0,0,0,Low
49,229,95,95,0,102.3793,0.0,0,0,Low
49,230,94,94,0,99.5635,0.0,0,0,Low
49,231,93,93,0,95.0592,0.0,0,0,Low
49,232,92,92,0,98.7594,0.0001,0,0,Low
49,233,91,91,0,99.3547,0.0,0,0,Low
49,234,90,90,0,100.5783,0.0001,0,0,Low
49,235,89,89,0,104.704,0.0001,0,0,Low
49,236,88,88,0,103.1691,0.0001,0,0,Low
49,237,87,87,0,104.4465,0.0001,0,0,Low
49,238,86,86,0,100.6341,0.0002,0,0,Low
49,239,85,85,0,99.9974,0.0001,0,0,Low
49,240,84,84,0,99.3208,0.0002,0,0,Low
49,241,83,83,0,97.5024,0.0015,0,0,Low
49,242,82,82,0,93.8372,0.0018,0,0,Low
49,243,81,81,0,94.2973,0.003,0,0,Low
49,244,80,80,0,97.6852,0.0015,0,0,Low
49,245,79,79,0,92.1718,0.0009,0,0,Low
49,246,78,78,0,95.2395,0.0055,0,0,Low
49,247,77,77,0,91.5338,0.0059,0,0,Low
49,248,76,76,0,88.9955,0.0087,0,0,Low
49,249,75,75,0,96.7083,0.008,0,0,Low
49,250,74,74,0,87.8731,0.0313,0,0,Low
49,251,73,73,0,95.55,0.0038,0,0,Low
49,252,72,72,0,92.4038,0.0028,0,0,Low
49,253,71,71,0,93.6608,0.0007,0,0,Low
49,254,70,70,0,87.4365,0.0033,0,0,Low
49,255,69,69,0,90.3326,0.0001,0,0,Low
49,256,68,68,0,88.7293,0.0012,0,0,Low
49,257,67,67,0,86.9889,0.0009,0,0,Low
49,258,66,66,0,95.5585,0.0003,0,0,Low
49,259,65,65,0,90.6262,0.0009,0,0,Low
49,260,64,64,0,90.9723,0.0014,0,0,Low
49,261,63,63,0,89.9559,0.0003,0,0,Low
49,262,62,62,0,92.4297,0.0001,0,0,Low
49,263,61,61,0,84.3885,0.0043,0,1,Low
49,264,60,60,0,92.6819,0.0002,0,0,Low
49,265,59,59,0,81.4947,0.002,0,1,Low
49,266,58,58,0,78.3822,0.0058,0,1,Low
49,267,57,57,0,71.5813,0.0542,0,1,Low
49,268,56,56,0,71.5914,0.0162,0,1,Low
49,269,55,55,0,64.2884,0.0378,0,1,Low
49,270,54,54,0,65.2155,0.0285,0,1,Low
49,271,53,53,0,59.9701,0.0609,0,1,Low
49,272,52,52,0,61.9629,0.0172,0,1,Low
49,273,51,51,0,57.9014,0.0248,0,1,Low
49,274,50,50,0,58.0926,0.0228,0,1,Low
49,275,49,49,0,55.1129,0.0405,0,1,Low
49,276,48,48,0,57.9163,0.0178,0,1,Low
49,277,47,47,0,56.9089,0.0248,0,1,Low
49,278,46,46,0,57.4683,0.0544,0,1,Low
49,279,45,45,0,51.4697,0.1703,0,1,Low
49,280,44,44,0,51.3013,0.0326,0,1,Low
49,281,43,43,0,49.7044,0.0745,0,1,Low
49,282,42,42,0,45.2453,0.1244,0,1,Low
49,283,41,41,0,50.0519,0.1353,0,1,Low
49,284,40,40,0,54.5258,0.0217,0,1,Low
49,285,39,39,0,50.8442,0.0239,0,1,Low
49,286,38,38,0,47.4404,0.0711,0,1,Low
49,287,37,37,0,47.1663,0.1928,0,1,Low
49,288,36,36,0,43.172,0.2779,0,1,Low
49,289,35,35,0,36.9883,0.7763,0,1,Elevated
49,290,34,34,0,32.3518,0.9587,1,1,High
49,291,33,33,0,32.4551,0.9508,1,1,High
49,292,32,32,0,31.9894,0.9624,1,1,High
49,293,31,31,0,28.0639,0.9907,1,1,High
49,294,30,30,1,25.8665,0.9983,1,1,High
49,295,29,29,1,23.8084,0.9971,1,1,High
49,296,28,28,1,24.8132,0.998,1,1,High
49,297,27,27,1,22.0108,0.9981,1,1,High
49,298,26,26,1,19.7026,0.9971,1,1,High
49,299,25,25,1,23.4665,0.9531,1,1,High
49,300,24,24,1,22.8877,0.9346,1,1,High
49,301,23,23,1,23.2493,0.9416,1,1,High
49,302,22,22,1,24.5817,0.9075,1,1,High
49,303,21,21,1,22.3018,0.9349,1,1,High
50,15,138,125,0,120.8156,0.0,0,0,Low
50,16,137,125,0,121.1077,0.0,0,0,Low
50,17,136,125,0,121.6943,0.0,0,0,Low
50,18,135,125,0,121.2652,0.0,0,0,Low
50,19,134,125,0,122.139,0.0,0,0,Low
50,20,133,125,0,121.6101,0.0,0,0,Low
50,21,132,125,0,122.6603,0.0,0,0,Low
50,22,131,125,0,122.5727,0.0,0,0,Low
50,23,130,125,0,122.4992,0.0,0,0,Low
50,24,129,125,0,121.9387,0.0,0,0,Low
50,25,128,125,0,122.2781,0.0,0,0,Low
50,26,127,125,0,122.3591,0.0,0,0,Low
50,27,126,125,0,121.8243,0.0,0,0,Low
50,28,125,125,0,122.2437,0.0,0,0,Low
50,29,124,124,0,122.1027,0.0,0,0,Low
50,30,123,123,0,121.9764,0.0,0,0,Low
50,31,122,122,0,122.6985,0.0,0,0,Low
50,32,121,121,0,123.1465,0.0,0,0,Low
50,33,120,120,0,122.863,0.0,0,0,Low
50,34,119,119,0,122.2825,0.0,0,0,Low
50,35,118,118,0,121.6693,0.0,0,0,Low
50,36,117,117,0,121.1945,0.0,0,0,Low
50,37,116,116,0,121.9306,0.0,0,0,Low
50,38,115,115,0,121.436,0.0,0,0,Low
50,39,114,114,0,121.5365,0.0,0,0,Low
50,40,113,113,0,121.183,0.0,0,0,Low
50,41,112,112,0,121.3274,0.0,0,0,Low
50,42,111,111,0,120.8199,0.0,0,0,Low
50,43,110,110,0,119.6572,0.0,0,0,Low
50,44,109,109,0,120.0191,0.0,0,0,Low
50,45,108,108,0,119.1086,0.0,0,0,Low
50,46,107,107,0,118.8596,0.0,0,0,Low
50,47,106,106,0,118.0903,0.0001,0,0,Low
50,48,105,105,0,120.8151,0.0001,0,0,Low
50,49,104,104,0,118.6039,0.0001,0,0,Low
50,50,103,103,0,118.9531,0.0,0,0,Low
50,51,102,102,0,118.0034,0.0,0,0,Low
50,52,101,101,0,117.0294,0.0,0,0,Low
50,53,100,100,0,115.4456,0.0,0,0,Low
50,54,99,99,0,113.5352,0.0,0,0,Low
50,55,98,98,0,115.077,0.0,0,0,Low
50,56,97,97,0,115.162,0.0,0,0,Low
50,57,96,96,0,115.6349,0.0,0,0,Low
50,58,95,95,0,112.2144,0.0,0,0,Low
50,59,94,94,0,112.7114,0.0,0,0,Low
50,60,93,93,0,112.4742,0.0,0,0,Low
50,61,92,92,0,110.5115,0.0006,0,0,Low
50,62,91,91,0,109.3816,0.0007,0,0,Low
50,63,90,90,0,111.1356,0.0003,0,0,Low
50,64,89,89,0,109.9293,0.0001,0,0,Low
50,65,88,88,0,109.4871,0.0001,0,0,Low
50,66,87,87,0,107.2996,0.0,0,0,Low
50,67,86,86,0,105.8332,0.0,0,0,Low
50,68,85,85,0,103.2483,0.0,0,0,Low
50,69,84,84,0,105.5584,0.0001,0,0,Low
50,70,83,83,0,109.8415,0.0001,0,0,Low
50,71,82,82,0,105.4585,0.0,0,0,Low
50,72,81,81,0,103.9704,0.0001,0,0,Low
50,73,80,80,0,102.957,0.0,0,0,Low
50,74,79,79,0,102.3451,0.0001,0,0,Low
51,15,243,125,0,122.9922,0.0002,0,0,Low
51,16,242,125,0,123.8203,0.0,0,0,Low
51,17,241,125,0,123.6592,0.0001,0,0,Low
51,18,240,125,0,123.4216,0.0,0,0,Low
51,19,239,125,0,123.1764,0.0,0,0,Low
51,20,238,125,0,123.5505,0.0,0,0,Low
51,21,237,125,0,123.4927,0.0,0,0,Low
51,22,236,125,0,122.8969,0.0,0,0,Low
51,23,235,125,0,122.1062,0.0,0,0,Low
51,24,234,125,0,123.1995,0.0001,0,0,Low
51,25,233,125,0,122.3114,0.0001,0,0,Low
51,26,232,125,0,122.7614,0.001,0,0,Low
51,27,231,125,0,123.2553,0.0001,0,0,Low
51,28,230,125,0,122.0068,0.0006,0,0,Low
51,29,229,125,0,122.4247,0.0003,0,0,Low
51,30,228,125,0,122.5839,0.0006,0,0,Low
51,31,227,125,0,122.4755,0.0001,0,0,Low
51,32,226,125,0,122.0486,0.0026,0,0,Low
51,33,225,125,0,122.0506,0.0004,0,0,Low
51,34,224,125,0,123.2635,0.0005,0,0,Low
51,35,223,125,0,123.0674,0.0001,0,0,Low
51,36,222,125,0,123.7352,0.0004,0,0,Low
51,37,221,125,0,123.5371,0.0,0,0,Low
51,38,220,125,0,123.4787,0.0,0,0,Low
51,39,219,125,0,123.416,0.0,0,0,Low
51,40,218,125,0,123.5549,0.0,0,0,Low
51,41,217,125,0,123.2749,0.0,0,0,Low
51,42,216,125,0,123.075,0.0,0,0,Low
51,43,215,125,0,123.4736,0.0,0,0,Low
51,44,214,125,0,123.7719,0.0001,0,0,Low
51,45,213,125,0,122.9536,0.0009,0,0,Low
51,46,212,125,0,122.9928,0.0006,0,0,Low
51,47,211,125,0,123.1641,0.0001,0,0,Low
51,48,210,125,0,121.9861,0.0001,0,0,Low
51,49,209,125,0,121.5593,0.0,0,0,Low
51,50,208,125,0,121.0298,0.0,0,0,Low
51,51,207,125,0,118.9575,0.0,0,0,Low
51,52,206,125,0,118.5093,0.0,0,0,Low
51,53,205,125,0,121.5474,0.0,0,0,Low
51,54,204,125,0,121.4049,0.0,0,0,Low
51,55,203,125,0,121.9903,0.0,0,0,Low
51,56,202,125,0,122.203,0.0,0,0,Low
51,57,201,125,0,121.8364,0.0,0,0,Low
51,58,200,125,0,120.9377,0.0,0,0,Low
51,59,199,125,0,118.5053,0.0,0,0,Low
51,60,198,125,0,116.6785,0.0,0,0,Low
51,61,197,125,0,115.712,0.0,0,0,Low
51,62,196,125,0,115.4213,0.0,0,0,Low
51,63,195,125,0,117.1748,0.0001,0,0,Low
51,64,194,125,0,116.7704,0.0001,0,0,Low
51,65,193,125,0,113.1006,0.0,0,0,Low
51,66,192,125,0,115.4952,0.0,0,0,Low
51,67,191,125,0,115.9739,0.0001,0,0,Low
51,68,190,125,0,115.1065,0.0,0,0,Low
51,69,189,125,0,115.7359,0.0,0,0,Low
51,70,188,125,0,115.6276,0.0001,0,0,Low
51,71,187,125,0,117.9333,0.0,0,0,Low
51,72,186,125,0,117.6063,0.0,0,0,Low
51,73,185,125,0,116.0419,0.0,0,0,Low
51,74,184,125,0,113.7711,0.0,0,0,Low
51,75,183,125,0,113.9367,0.0,0,0,Low
51,76,182,125,0,113.686,0.0,0,0,Low
51,77,181,125,0,110.0455,0.0,0,0,Low
51,78,180,125,0,110.494,0.0,0,0,Low
51,79,179,125,0,108.8774,0.0,0,0,Low
51,80,178,125,0,111.3473,0.0,0,0,Low
51,81,177,125,0,111.3252,0.0,0,0,Low
51,82,176,125,0,110.0035,0.0,0,0,Low
51,83,175,125,0,107.8646,0.0,0,0,Low
51,84,174,125,0,108.1643,0.0,0,0,Low
51,85,173,125,0,109.0492,0.0,0,0,Low
51,86,172,125,0,107.1267,0.0,0,0,Low
51,87,171,125,0,105.8149,0.0,0,0,Low
51,88,170,125,0,104.0514,0.0,0,0,Low
51,89,169,125,0,102.6462,0.0,0,0,Low
51,90,168,125,0,101.6819,0.0001,0,0,Low
51,91,167,125,0,100.7894,0.0,0,0,Low
51,92,166,125,0,100.6488,0.0,0,0,Low
51,93,165,125,0,97.6409,0.0001,0,0,Low
51,94,164,125,0,95.5399,0.0,0,0,Low
51,95,163,125,0,95.574,0.0001,0,0,Low
51,96,162,125,0,94.9265,0.0008,0,0,Low
51,97,161,125,0,93.4499,0.0005,0,0,Low
51,98,160,125,0,95.3161,0.0004,0,0,Low
51,99,159,125,0,93.8809,0.0004,0,0,Low
51,100,158,125,0,95.0106,0.0001,0,0,Low
51,101,157,125,0,95.8824,0.0,0,0,Low
51,102,156,125,0,96.1864,0.0,0,0,Low
51,103,155,125,0,97.8097,0.0,0,0,Low
51,104,154,125,0,97.9339,0.0,0,0,Low
51,105,153,125,0,97.3809,0.0,0,0,Low
51,106,152,125,0,96.7754,0.0001,0,0,Low
51,107,151,125,0,96.9614,0.0,0,0,Low
51,108,150,125,0,96.9316,0.0,0,0,Low
51,109,149,125,0,102.4024,0.0,0,0,Low
51,110,148,125,0,101.5867,0.0,0,0,Low
51,111,147,125,0,103.3501,0.0,0,0,Low
51,112,146,125,0,101.3261,0.0,0,0,Low
51,113,145,125,0,98.2267,0.0,0,0,Low
51,114,144,125,0,99.8832,0.0,0,0,Low
51,115,143,125,0,98.6242,0.0001,0,0,Low
51,116,142,125,0,96.0652,0.0,0,0,Low
51,117,141,125,0,98.7333,0.0,0,0,Low
51,118,140,125,0,94.7174,0.0,0,0,Low
51,119,139,125,0,92.4686,0.0002,0,0,Low
51,120,138,125,0,93.2745,0.0001,0,0,Low
51,121,137,125,0,91.7327,0.0002,0,0,Low
51,122,136,125,0,89.2168,0.0045,0,0,Low
51,123,135,125,0,88.2217,0.004,0,0,Low
51,124,134,125,0,89.5507,0.0018,0,0,Low
51,125,133,125,0,91.0806,0.0039,0,0,Low
51,126,132,125,0,91.3736,0.0003,0,0,Low
51,127,131,125,0,92.5599,0.0003,0,0,Low
51,128,130,125,0,95.241,0.0003,0,0,Low
51,129,129,125,0,94.924,0.0002,0,0,Low
51,130,128,125,0,92.9513,0.0003,0,0,Low
51,131,127,125,0,91.7319,0.0005,0,0,Low
51,132,126,125,0,90.2232,0.0015,0,0,Low
51,133,125,125,0,93.7307,0.0002,0,0,Low
51,134,124,124,0,94.4746,0.0002,0,0,Low
51,135,123,123,0,94.6942,0.0001,0,0,Low
51,136,122,122,0,88.9642,0.0001,0,0,Low
51,137,121,121,0,92.1262,0.0001,0,0,Low
51,138,120,120,0,93.4309,0.0001,0,0,Low
51,139,119,119,0,92.3217,0.0011,0,0,Low
51,140,118,118,0,91.6143,0.0002,0,0,Low
51,141,117,117,0,89.6198,0.0005,0,0,Low
51,142,116,116,0,93.1739,0.0001,0,0,Low
51,143,115,115,0,90.4955,0.0001,0,0,Low
51,144,114,114,0,90.107,0.0002,0,0,Low
52,15,203,125,0,124.8841,0.0,0,0,Low
52,16,202,125,0,124.9066,0.0,0,0,Low
52,17,201,125,0,124.9403,0.0,0,0,Low
52,18,200,125,0,124.9382,0.0,0,0,Low
52,19,199,125,0,124.918,0.0,0,0,Low
52,20,198,125,0,124.952,0.0,0,0,Low
52,21,197,125,0,124.9495,0.0,0,0,Low
52,22,196,125,0,124.8781,0.0,0,0,Low
52,23,195,125,0,124.904,0.0,0,0,Low
52,24,194,125,0,124.8922,0.0,0,0,Low
52,25,193,125,0,124.9397,0.0,0,0,Low
52,26,192,125,0,124.9646,0.0,0,0,Low
52,27,191,125,0,124.9312,0.0,0,0,Low
52,28,190,125,0,124.9609,0.0,0,0,Low
52,29,189,125,0,124.8597,0.0,0,0,Low
52,30,188,125,0,124.8939,0.0,0,0,Low
52,31,187,125,0,124.7092,0.0,0,0,Low
52,32,186,125,0,124.7341,0.0,0,0,Low
52,33,185,125,0,124.8216,0.0,0,0,Low
52,34,184,125,0,124.846,0.0,0,0,Low
52,35,183,125,0,124.9188,0.0,0,0,Low
52,36,182,125,0,124.8852,0.0,0,0,Low
52,37,181,125,0,124.8541,0.0,0,0,Low
52,38,180,125,0,124.8522,0.0,0,0,Low
52,39,179,125,0,124.8597,0.0,0,0,Low
52,40,178,125,0,124.8699,0.0,0,0,Low
52,41,177,125,0,124.9197,0.0,0,0,Low
52,42,176,125,0,124.8805,0.0,0,0,Low
52,43,175,125,0,124.8591,0.0,0,0,Low
52,44,174,125,0,124.8517,0.0,0,0,Low
52,45,173,125,0,124.9279,0.0,0,0,Low
52,46,172,125,0,124.9492,0.0,0,0,Low
52,47,171,125,0,124.966,0.0,0,0,Low
52,48,170,125,0,124.9679,0.0,0,0,Low
52,49,169,125,0,124.8653,0.0,0,0,Low
52,50,168,125,0,124.962,0.0,0,0,Low
52,51,167,125,0,124.9767,0.0,0,0,Low
52,52,166,125,0,124.9682,0.0,0,0,Low
52,53,165,125,0,124.8693,0.0,0,0,Low
52,54,164,125,0,124.9622,0.0,0,0,Low
52,55,163,125,0,124.9708,0.0,0,0,Low
52,56,162,125,0,124.5269,0.0,0,0,Low
52,57,161,125,0,124.9614,0.0,0,0,Low
52,58,160,125,0,124.7095,0.0,0,0,Low
52,59,159,125,0,124.5328,0.0,0,0,Low
52,60,158,125,0,124.3556,0.0,0,0,Low
52,61,157,125,0,124.0884,0.0,0,0,Low
52,62,156,125,0,124.1678,0.0,0,0,Low
52,63,155,125,0,124.5079,0.0,0,0,Low
52,64,154,125,0,124.8796,0.0,0,0,Low
52,65,153,125,0,124.9113,0.0,0,0,Low
52,66,152,125,0,124.8722,0.0,0,0,Low
52,67,151,125,0,124.7281,0.0,0,0,Low
52,68,150,125,0,124.7119,0.0,0,0,Low
52,69,149,125,0,124.0524,0.0,0,0,Low
52,70,148,125,0,124.5259,0.0,0,0,Low
52,71,147,125,0,124.7197,0.0,0,0,Low
52,72,146,125,0,124.8061,0.0,0,0,Low
52,73,145,125,0,124.7964,0.0,0,0,Low
52,74,144,125,0,124.4168,0.0,0,0,Low
52,75,143,125,0,124.7425,0.0,0,0,Low
52,76,142,125,0,124.7184,0.0,0,0,Low
52,77,141,125,0,124.7403,0.0,0,0,Low
52,78,140,125,0,124.7044,0.0,0,0,Low
52,79,139,125,0,124.4058,0.0,0,0,Low
52,80,138,125,0,124.0227,0.0,0,0,Low
52,81,137,125,0,123.3341,0.0,0,0,Low
52,82,136,125,0,123.3355,0.0,0,0,Low
52,83,135,125,0,123.3854,0.0,0,0,Low
52,84,134,125,0,123.4623,0.0,0,0,Low
52,85,133,125,0,122.8921,0.0,0,0,Low
52,86,132,125,0,122.8835,0.0,0,0,Low
52,87,131,125,0,123.2101,0.0,0,0,Low
52,88,130,125,0,122.6763,0.0,0,0,Low
52,89,129,125,0,122.8343,0.0,0,0,Low
52,90,128,125,0,122.8537,0.0,0,0,Low
52,91,127,125,0,123.0184,0.0,0,0,Low
52,92,126,125,0,123.6707,0.0,0,0,Low
52,93,125,125,0,121.5743,0.0,0,0,Low
52,94,124,124,0,121.5794,0.0,0,0,Low
52,95,123,123,0,121.208,0.0,0,0,Low
52,96,122,122,0,121.5106,0.0,0,0,Low
52,97,121,121,0,121.8859,0.0,0,0,Low
52,98,120,120,0,121.7307,0.0,0,0,Low
52,99,119,119,0,121.5898,0.0,0,0,Low
52,100,118,118,0,121.2729,0.0,0,0,Low
52,101,117,117,0,120.1601,0.0,0,0,Low
52,102,116,116,0,120.206,0.0,0,0,Low
52,103,115,115,0,119.4324,0.0,0,0,Low
52,104,114,114,0,118.5374,0.0,0,0,Low
52,105,113,113,0,118.152,0.0,0,0,Low
52,106,112,112,0,119.1584,0.0,0,0,Low
52,107,111,111,0,118.2488,0.0,0,0,Low
52,108,110,110,0,118.2726,0.0,0,0,Low
52,109,109,109,0,117.7777,0.0,0,0,Low
52,110,108,108,0,117.3536,0.0,0,0,Low
52,111,107,107,0,117.6206,0.0,0,0,Low
52,112,106,106,0,115.8181,0.0,0,0,Low
52,113,105,105,0,114.5058,0.0,0,0,Low
52,114,104,104,0,116.3954,0.0,0,0,Low
52,115,103,103,0,116.433,0.0,0,0,Low
52,116,102,102,0,115.9142,0.0,0,0,Low
52,117,101,101,0,114.6271,0.0,0,0,Low
52,118,100,100,0,111.7127,0.0,0,0,Low
52,119,99,99,0,112.3903,0.0,0,0,Low
52,120,98,98,0,111.3526,0.0,0,0,Low
52,121,97,97,0,112.1974,0.0,0,0,Low
52,122,96,96,0,115.989,0.0,0,0,Low
52,123,95,95,0,115.5999,0.0,0,0,Low
52,124,94,94,0,113.8997,0.0,0,0,Low
52,125,93,93,0,114.8874,0.0,0,0,Low
52,126,92,92,0,116.5094,0.0,0,0,Low
52,127,91,91,0,118.8034,0.0,0,0,Low
52,128,90,90,0,120.6931,0.0,0,0,Low
52,129,89,89,0,120.943,0.0,0,0,Low
52,130,88,88,0,121.6124,0.0,0,0,Low
52,131,87,87,0,120.4689,0.0,0,0,Low
52,132,86,86,0,120.893,0.0,0,0,Low
52,133,85,85,0,120.5043,0.0,0,0,Low
52,134,84,84,0,122.1607,0.0,0,0,Low
52,135,83,83,0,120.2126,0.0,0,0,Low
52,136,82,82,0,121.3552,0.0,0,0,Low
52,137,81,81,0,115.532,0.0,0,0,Low
52,138,80,80,0,111.7274,0.0,0,0,Low
52,139,79,79,0,110.94,0.0,0,0,Low
52,140,78,78,0,111.9823,0.0,0,0,Low
52,141,77,77,0,110.6052,0.0001,0,0,Low
52,142,76,76,0,107.2869,0.0002,0,0,Low
52,143,75,75,0,109.2314,0.0001,0,0,Low
52,144,74,74,0,108.3426,0.0,0,0,Low
52,145,73,73,0,106.7686,0.0001,0,0,Low
52,146,72,72,0,105.6478,0.0,0,0,Low
52,147,71,71,0,101.9277,0.0,0,0,Low
52,148,70,70,0,103.4992,0.0,0,0,Low
52,149,69,69,0,100.9813,0.0,0,0,Low
52,150,68,68,0,95.5173,0.0,0,0,Low
52,151,67,67,0,94.2106,0.0,0,0,Low
52,152,66,66,0,96.6987,0.0,0,0,Low
52,153,65,65,0,95.5587,0.0,0,0,Low
52,154,64,64,0,86.5646,0.0,0,0,Low
52,155,63,63,0,85.4739,0.0001,0,0,Low
52,156,62,62,0,85.2148,0.0002,0,0,Low
52,157,61,61,0,86.9167,0.0001,0,0,Low
52,158,60,60,0,84.0299,0.0,0,0,Low
52,159,59,59,0,83.7989,0.0001,0,0,Low
52,160,58,58,0,81.1214,0.0001,0,0,Low
52,161,57,57,0,79.9705,0.0,0,0,Low
52,162,56,56,0,79.8951,0.0,0,0,Low
52,163,55,55,0,76.8845,0.0,0,0,Low
52,164,54,54,0,73.9355,0.0,0,0,Low
52,165,53,53,0,70.8543,0.0,0,0,Low
52,166,52,52,0,70.9831,0.0,0,0,Low
52,167,51,51,0,70.2374,0.0002,0,0,Low
52,168,50,50,0,71.9354,0.0037,0,0,Low
52,169,49,49,0,67.0578,0.0005,0,0,Low
52,170,48,48,0,67.7992,0.0021,0,0,Low
52,171,47,47,0,68.3211,0.0066,0,0,Low
52,172,46,46,0,63.3983,0.002,0,0,Low
52,173,45,45,0,61.1128,0.0014,0,0,Low
52,174,44,44,0,57.8442,0.0071,0,0,Low
52,175,43,43,0,56.4234,0.0281,0,0,Low
52,176,42,42,0,56.4426,0.0035,0,0,Low
52,177,41,41,0,55.9802,0.0045,0,0,Low
52,178,40,40,0,53.9548,0.0197,0,1,Low
52,179,39,39,0,51.5604,0.0273,0,1,Low
52,180,38,38,0,49.911,0.0033,0,1,Low
52,181,37,37,0,47.3484,0.0572,0,1,Low
52,182,36,36,0,44.3472,0.0569,0,1,Low
52,183,35,35,0,42.8499,0.0318,0,1,Low
52,184,34,34,0,40.8645,0.1419,0,1,Low
52,185,33,33,0,37.8288,0.0558,0,1,Low
52,186,32,32,0,35.8409,0.0306,0,1,Low
52,187,31,31,0,35.3325,0.0839,0,1,Low
52,188,30,30,1,34.7243,0.1193,0,1,Low
52,189,29,29,1,31.8164,0.363,0,1,Low
53,15,175,125,0,123.4298,0.0,0,0,Low
53,16,174,125,0,122.8949,0.0,0,0,Low
53,17,173,125,0,122.7475,0.0,0,0,Low
53,18,172,125,0,123.2487,0.0,0,0,Low
53,19,171,125,0,122.8759,0.0,0,0,Low
53,20,170,125,0,122.4478,0.0,0,0,Low
53,21,169,125,0,122.8998,0.0,0,0,Low
53,22,168,125,0,123.2408,0.0,0,0,Low
53,23,167,125,0,123.0175,0.0,0,0,Low
53,24,166,125,0,122.8501,0.0,0,0,Low
53,25,165,125,0,123.243,0.0,0,0,Low
53,26,164,125,0,123.014,0.0,0,0,Low
53,27,163,125,0,122.9665,0.0,0,0,Low
53,28,162,125,0,122.6792,0.0,0,0,Low
53,29,161,125,0,122.5623,0.0,0,0,Low
53,30,160,125,0,123.121,0.0,0,0,Low
53,31,159,125,0,123.4373,0.0,0,0,Low
53,32,158,125,0,123.4349,0.0,0,0,Low
53,33,157,125,0,123.189,0.0,0,0,Low
53,34,156,125,0,123.15,0.0,0,0,Low
53,35,155,125,0,123.0388,0.0,0,0,Low
53,36,154,125,0,123.017,0.0,0,0,Low
53,37,153,125,0,123.118,0.0,0,0,Low
53,38,152,125,0,122.7353,0.0,0,0,Low
53,39,151,125,0,122.5848,0.0,0,0,Low
53,40,150,125,0,122.2192,0.0,0,0,Low
53,41,149,125,0,121.5504,0.0,0,0,Low
53,42,148,125,0,122.4993,0.0,0,0,Low
53,43,147,125,0,122.1943,0.0,0,0,Low
53,44,146,125,0,122.4124,0.0,0,0,Low
53,45,145,125,0,122.5884,0.0,0,0,Low
53,46,144,125,0,122.1169,0.0,0,0,Low
53,47,143,125,0,121.5661,0.0,0,0,Low
53,48,142,125,0,122.056,0.0,0,0,Low
53,49,141,125,0,119.8838,0.0,0,0,Low
53,50,140,125,0,120.3218,0.0,0,0,Low
53,51,139,125,0,121.4731,0.0,0,0,Low
53,52,138,125,0,121.8063,0.0,0,0,Low
53,53,137,125,0,122.0617,0.0,0,0,Low
53,54,136,125,0,119.4536,0.0001,0,0,Low
53,55,135,125,0,118.6225,0.0001,0,0,Low
53,56,134,125,0,119.6561,0.0,0,0,Low
53,57,133,125,0,118.513,0.0,0,0,Low
53,58,132,125,0,118.887,0.0,0,0,Low
53,59,131,125,0,117.6046,0.0,0,0,Low
53,60,130,125,0,118.3084,0.0,0,0,Low
53,61,129,125,0,118.0864,0.0,0,0,Low
53,62,128,125,0,118.2133,0.0,0,0,Low
53,63,127,125,0,116.9822,0.0,0,0,Low
53,64,126,125,0,116.4958,0.0,0,0,Low
53,65,125,125,0,116.1973,0.0,0,0,Low
53,66,124,124,0,114.6105,0.0,0,0,Low
53,67,123,123,0,114.0038,0.0,0,0,Low
53,68,122,122,0,113.5812,0.0,0,0,Low
53,69,121,121,0,113.6435,0.0,0,0,Low
53,70,120,120,0,113.4364,0.0,0,0,Low
53,71,119,119,0,113.6135,0.0,0,0,Low
53,72,118,118,0,114.1233,0.0,0,0,Low
53,73,117,117,0,111.3085,0.0,0,0,Low
53,74,116,116,0,111.7337,0.0,0,0,Low
53,75,115,115,0,109.7496,0.0,0,0,Low
53,76,114,114,0,110.6071,0.0,0,0,Low
53,77,113,113,0,111.596,0.0,0,0,Low
53,78,112,112,0,110.0161,0.0,0,0,Low
53,79,111,111,0,106.4845,0.0,0,0,Low
53,80,110,110,0,107.0819,0.0,0,0,Low
53,81,109,109,0,106.1043,0.0,0,0,Low
53,82,108,108,0,106.4571,0.0,0,0,Low
53,83,107,107,0,105.7267,0.0,0,0,Low
53,84,106,106,0,106.6304,0.0,0,0,Low
53,85,105,105,0,106.2118,0.0,0,0,Low
53,86,104,104,0,103.5507,0.0,0,0,Low
53,87,103,103,0,104.729,0.0,0,0,Low
53,88,102,102,0,102.567,0.0,0,0,Low
53,89,101,101,0,100.0079,0.0,0,0,Low
53,90,100,100,0,100.9044,0.0002,0,0,Low
53,91,99,99,0,98.9815,0.0003,0,0,Low
53,92,98,98,0,104.244,0.0012,0,0,Low
53,93,97,97,0,99.1064,0.0016,0,0,Low
53,94,96,96,0,99.3799,0.0008,0,0,Low
53,95,95,95,0,94.6719,0.0001,0,0,Low
53,96,94,94,0,92.1652,0.0001,0,0,Low
53,97,93,93,0,91.6466,0.0001,0,0,Low
53,98,92,92,0,93.9053,0.0,0,0,Low
53,99,91,91,0,93.2925,0.0,0,0,Low
53,100,90,90,0,98.3465,0.0,0,0,Low
53,101,89,89,0,96.4601,0.0,0,0,Low
53,102,88,88,0,96.0361,0.0,0,0,Low
53,103,87,87,0,93.8668,0.0,0,0,Low
53,104,86,86,0,95.5459,0.0,0,0,Low
53,105,85,85,0,94.6664,0.0,0,0,Low
53,106,84,84,0,94.7331,0.0,0,0,Low
53,107,83,83,0,94.2665,0.0,0,0,Low
53,108,82,82,0,92.0476,0.0,0,0,Low
53,109,81,81,0,89.1897,0.0,0,0,Low
53,110,80,80,0,91.0782,0.0,0,0,Low
53,111,79,79,0,89.6937,0.0,0,0,Low
53,112,78,78,0,88.9333,0.0,0,0,Low
53,113,77,77,0,83.3951,0.0,0,0,Low
53,114,76,76,0,84.5725,0.0,0,0,Low
53,115,75,75,0,81.0087,0.0002,0,0,Low
53,116,74,74,0,90.1972,0.0001,0,0,Low
53,117,73,73,0,88.9845,0.0001,0,0,Low
53,118,72,72,0,85.7033,0.0017,0,0,Low
53,119,71,71,0,88.1204,0.0012,0,0,Low
53,120,70,70,0,86.6494,0.0038,0,0,Low
53,121,69,69,0,84.82,0.0026,0,0,Low
53,122,68,68,0,88.4792,0.0013,0,0,Low
53,123,67,67,0,86.5244,0.0004,0,0,Low
53,124,66,66,0,85.1719,0.0005,0,0,Low
53,125,65,65,0,87.6692,0.0001,0,0,Low
53,126,64,64,0,89.2229,0.0,0,0,Low
53,127,63,63,0,80.9218,0.0003,0,0,Low
53,128,62,62,0,80.1099,0.0003,0,0,Low
53,129,61,61,0,80.3189,0.0,0,0,Low
53,130,60,60,0,76.6295,0.0002,0,0,Low
53,131,59,59,0,76.3209,0.0,0,0,Low
53,132,58,58,0,72.6,0.0,0,0,Low
53,133,57,57,0,72.1624,0.0,0,0,Low
53,134,56,56,0,72.5588,0.0002,0,0,Low
53,135,55,55,0,69.0236,0.0009,0,0,Low
53,136,54,54,0,71.3932,0.0026,0,0,Low
53,137,53,53,0,71.1603,0.0041,0,0,Low
53,138,52,52,0,70.78,0.0045,0,0,Low
53,139,51,51,0,65.8963,0.0018,0,0,Low
53,140,50,50,0,63.2134,0.0002,0,0,Low
53,141,49,49,0,60.8828,0.0005,0,0,Low
53,142,48,48,0,59.0339,0.0003,0,0,Low
53,143,47,47,0,58.8111,0.0009,0,0,Low
53,144,46,46,0,57.6049,0.001,0,0,Low
53,145,45,45,0,54.4762,0.0707,0,1,Low
53,146,44,44,0,54.9734,0.0175,0,0,Low
53,147,43,43,0,53.6189,0.0789,0,1,Low
53,148,42,42,0,53.6305,0.0478,0,1,Low
53,149,41,41,0,52.0647,0.1113,0,1,Low
53,150,40,40,0,53.2834,0.01,0,1,Low
53,151,39,39,0,50.7397,0.0302,0,1,Low
53,152,38,38,0,48.5378,0.0311,0,1,Low
53,153,37,37,0,48.6606,0.0041,0,1,Low
53,154,36,36,0,48.7496,0.0104,0,1,Low
53,155,35,35,0,45.3292,0.004,0,1,Low
53,156,34,34,0,41.8935,0.0219,0,1,Low
53,157,33,33,0,41.5244,0.081,0,1,Low
53,158,32,32,0,38.9822,0.5444,0,1,Elevated
53,159,31,31,0,38.3513,0.7869,0,1,Elevated
53,160,30,30,1,35.2524,0.5424,0,1,Elevated
53,161,29,29,1,36.1257,0.9036,1,1,High
53,162,28,28,1,34.9112,0.9017,1,1,High
53,163,27,27,1,35.094,0.6059,0,1,Elevated
53,164,26,26,1,35.1561,0.7017,0,1,Elevated
54,15,203,125,0,124.8692,0.0,0,0,Low
54,16,202,125,0,124.8608,0.0,0,0,Low
54,17,201,125,0,124.8813,0.0,0,0,Low
54,18,200,125,0,124.8142,0.0,0,0,Low
54,19,199,125,0,124.8504,0.0,0,0,Low
54,20,198,125,0,124.8264,0.0,0,0,Low
54,21,197,125,0,124.8284,0.0,0,0,Low
54,22,196,125,0,124.8263,0.0,0,0,Low
54,23,195,125,0,124.8729,0.0,0,1,Low
54,24,194,125,0,124.8697,0.0,0,0,Low
54,25,193,125,0,124.8997,0.0,0,0,Low
54,26,192,125,0,124.8993,0.0,0,1,Low
54,27,191,125,0,124.9803,0.0,0,0,Low
54,28,190,125,0,124.9631,0.0,0,1,Low
54,29,189,125,0,124.9382,0.0,0,1,Low
54,30,188,125,0,124.9676,0.0,0,0,Low
54,31,187,125,0,124.9837,0.0,0,0,Low
54,32,186,125,0,124.892,0.0,0,0,Low
54,33,185,125,0,124.9134,0.0,0,0,Low
54,34,184,125,0,124.8826,0.0,0,0,Low
54,35,183,125,0,124.9039,0.0,0,0,Low
54,36,182,125,0,124.7702,0.0,0,0,Low
54,37,181,125,0,124.9103,0.0,0,0,Low
54,38,180,125,0,124.9195,0.0,0,0,Low
54,39,179,125,0,124.8891,0.0,0,0,Low
54,40,178,125,0,124.5404,0.0,0,0,Low
54,41,177,125,0,124.3131,0.0,0,0,Low
54,42,176,125,0,124.4852,0.0,0,0,Low
54,43,175,125,0,124.8487,0.0,0,0,Low
54,44,174,125,0,124.8273,0.0,0,0,Low
54,45,173,125,0,124.8451,0.0,0,0,Low
54,46,172,125,0,124.7974,0.0,0,0,Low
54,47,171,125,0,124.935,0.0,0,0,Low
54,48,170,125,0,124.9444,0.0,0,0,Low
54,49,169,125,0,124.9232,0.0,0,0,Low
54,50,168,125,0,124.9095,0.0,0,0,Low
54,51,167,125,0,124.9739,0.0,0,0,Low
54,52,166,125,0,124.9226,0.0,0,0,Low
54,53,165,125,0,124.9496,0.0,0,0,Low
54,54,164,125,0,124.9602,0.0,0,0,Low
54,55,163,125,0,124.9734,0.0,0,0,Low
54,56,162,125,0,124.9185,0.0,0,0,Low
54,57,161,125,0,124.9004,0.0,0,0,Low
54,58,160,125,0,124.9162,0.0,0,0,Low
54,59,159,125,0,124.5062,0.0,0,0,Low
54,60,158,125,0,124.8766,0.0,0,0,Low
54,61,157,125,0,124.6631,0.0,0,0,Low
54,62,156,125,0,124.8877,0.0,0,0,Low
54,63,155,125,0,124.8026,0.0,0,0,Low
54,64,154,125,0,124.7937,0.0,0,0,Low
54,65,153,125,0,124.699,0.0,0,0,Low
54,66,152,125,0,124.7443,0.0,0,0,Low
54,67,151,125,0,123.9714,0.0,0,0,Low
54,68,150,125,0,123.6381,0.0,0,0,Low
54,69,149,125,0,124.7773,0.0,0,0,Low
54,70,148,125,0,124.7272,0.0,0,0,Low
54,71,147,125,0,124.8159,0.0,0,0,Low
54,72,146,125,0,124.6711,0.0,0,0,Low
54,73,145,125,0,123.927,0.0,0,0,Low
54,74,144,125,0,123.884,0.0,0,0,Low
54,75,143,125,0,124.452,0.0,0,0,Low
54,76,142,125,0,124.5791,0.0,0,0,Low
54,77,141,125,0,124.3893,0.0,0,0,Low
54,78,140,125,0,124.0456,0.0,0,0,Low
54,79,139,125,0,124.2865,0.0,0,0,Low
54,80,138,125,0,123.9246,0.0,0,0,Low
54,81,137,125,0,123.9472,0.0,0,0,Low
54,82,136,125,0,124.1753,0.0,0,0,Low
54,83,135,125,0,124.013,0.0,0,0,Low
54,84,134,125,0,124.028,0.0,0,0,Low
54,85,133,125,0,123.9569,0.0,0,0,Low
54,86,132,125,0,123.7431,0.0,0,0,Low
54,87,131,125,0,123.7307,0.0,0,0,Low
54,88,130,125,0,123.6159,0.0,0,0,Low
54,89,129,125,0,122.9456,0.0,0,0,Low
54,90,128,125,0,123.0009,0.0,0,0,Low
54,91,127,125,0,123.3621,0.0,0,0,Low
54,92,126,125,0,123.1775,0.0,0,0,Low
54,93,125,125,0,123.3724,0.0,0,0,Low
54,94,124,124,0,122.6184,0.0,0,0,Low
54,95,123,123,0,123.554,0.0,0,0,Low
54,96,122,122,0,123.1783,0.0,0,0,Low
54,97,121,121,0,122.5139,0.0,0,0,Low
54,98,120,120,0,122.2501,0.0,0,0,Low
54,99,119,119,0,122.9239,0.0,0,0,Low
54,100,118,118,0,123.1312,0.0,0,0,Low
54,101,117,117,0,121.8114,0.0,0,0,Low
54,102,116,116,0,120.5373,0.0,0,0,Low
54,103,115,115,0,119.5776,0.0,0,0,Low
54,104,114,114,0,119.4671,0.0,0,0,Low
54,105,113,113,0,121.2982,0.0,0,0,Low
54,106,112,112,0,117.895,0.0,0,0,Low
54,107,111,111,0,118.6662,0.0,0,0,Low
54,108,110,110,0,118.776,0.0,0,0,Low
54,109,109,109,0,118.5593,0.0,0,0,Low
54,110,108,108,0,116.6735,0.0,0,0,Low
54,111,107,107,0,115.2506,0.0,0,0,Low
54,112,106,106,0,113.1803,0.0,0,0,Low
54,113,105,105,0,116.1049,0.0,0,0,Low
54,114,104,104,0,115.1157,0.0,0,0,Low
54,115,103,103,0,112.1356,0.0,0,0,Low
54,116,102,102,0,114.9807,0.0,0,0,Low
54,117,101,101,0,115.0001,0.0,0,0,Low
54,118,100,100,0,114.2425,0.0,0,0,Low
54,119,99,99,0,113.2887,0.0,0,0,Low
54,120,98,98,0,112.9446,0.0,0,0,Low
54,121,97,97,0,112.7219,0.0,0,0,Low
55,15,235,125,0,123.6229,0.0,0,0,Low
55,16,234,125,0,122.2333,0.0,0,0,Low
55,17,233,125,0,123.2336,0.0,0,0,Low
55,18,232,125,0,123.4812,0.0,0,0,Low
55,19,231,125,0,123.2708,0.0,0,0,Low
55,20,230,125,0,123.1819,0.0,0,0,Low
55,21,229,125,0,123.0176,0.0,0,0,Low
55,22,228,125,0,123.2055,0.0,0,0,Low
55,23,227,125,0,123.2797,0.0,0,0,Low
55,24,226,125,0,123.7659,0.0,0,0,Low
55,25,225,125,0,123.5965,0.0,0,0,Low
55,26,224,125,0,123.5237,0.0,0,0,Low
55,27,223,125,0,123.4334,0.0,0,0,Low
55,28,222,125,0,123.3441,0.0,0,0,Low
55,29,221,125,0,123.7105,0.0,0,0,Low
55,30,220,125,0,123.8294,0.0,0,0,Low
55,31,219,125,0,124.0778,0.0,0,0,Low
55,32,218,125,0,123.8908,0.0,0,0,Low
55,33,217,125,0,123.6264,0.0,0,0,Low
55,34,216,125,0,123.7596,0.0,0,0,Low
55,35,215,125,0,122.2108,0.0,0,0,Low
55,36,214,125,0,122.7812,0.0,0,0,Low
55,37,213,125,0,123.0184,0.0,0,0,Low
55,38,212,125,0,122.6995,0.0,0,0,Low
55,39,211,125,0,122.7923,0.0,0,0,Low
55,40,210,125,0,122.4592,0.0,0,0,Low
55,41,209,125,0,122.5515,0.0,0,0,Low
55,42,208,125,0,122.5254,0.0,0,0,Low
55,43,207,125,0,122.7794,0.0,0,0,Low
55,44,206,125,0,122.2482,0.0,0,0,Low
55,45,205,125,0,121.0377,0.0,0,0,Low
55,46,204,125,0,120.9968,0.0,0,0,Low
55,47,203,125,0,121.0593,0.0,0,0,Low
55,48,202,125,0,121.0858,0.0,0,0,Low
55,49,201,125,0,120.8953,0.0,0,0,Low
55,50,200,125,0,120.6608,0.0,0,0,Low
55,51,199,125,0,119.9892,0.0,0,0,Low
55,52,198,125,0,120.2331,0.0,0,0,Low
55,53,197,125,0,119.9796,0.0,0,0,Low
55,54,196,125,0,119.1183,0.0,0,0,Low
55,55,195,125,0,118.3571,0.0,0,0,Low
55,56,194,125,0,118.7864,0.0,0,0,Low
55,57,193,125,0,117.7999,0.0,0,0,Low
55,58,192,125,0,115.919,0.0,0,0,Low
55,59,191,125,0,116.1772,0.0,0,0,Low
55,60,190,125,0,115.5282,0.0,0,0,Low
55,61,189,125,0,114.5463,0.0,0,0,Low
55,62,188,125,0,114.0147,0.0,0,0,Low
55,63,187,125,0,114.7536,0.0,0,0,Low
55,64,186,125,0,116.9112,0.0,0,0,Low
55,65,185,125,0,115.7217,0.0,0,0,Low
55,66,184,125,0,115.3505,0.0,0,0,Low
55,67,183,125,0,117.2474,0.0,0,0,Low
55,68,182,125,0,117.4649,0.0,0,0,Low
55,69,181,125,0,115.7942,0.0,0,0,Low
55,70,180,125,0,117.0702,0.0,0,0,Low
55,71,179,125,0,115.8968,0.0,0,0,Low
55,72,178,125,0,115.0864,0.0003,0,0,Low
55,73,177,125,0,115.4819,0.0001,0,0,Low
55,74,176,125,0,115.0055,0.0,0,0,Low
55,75,175,125,0,113.4687,0.0001,0,0,Low
55,76,174,125,0,113.4641,0.0,0,0,Low
55,77,173,125,0,114.0926,0.0,0,0,Low
55,78,172,125,0,114.4806,0.0,0,0,Low
55,79,171,125,0,112.8524,0.0,0,0,Low
55,80,170,125,0,111.2702,0.0,0,0,Low
55,81,169,125,0,110.2582,0.0,0,0,Low
55,82,168,125,0,110.3926,0.0,0,0,Low
55,83,167,125,0,109.8042,0.0,0,0,Low
55,84,166,125,0,109.3685,0.0,0,0,Low
55,85,165,125,0,105.5015,0.0,0,0,Low
55,86,164,125,0,107.2784,0.0,0,0,Low
55,87,163,125,0,105.0938,0.0,0,0,Low
55,88,162,125,0,105.7137,0.0,0,0,Low
55,89,161,125,0,108.2685,0.0,0,0,Low
55,90,160,125,0,105.9974,0.0,0,0,Low
55,91,159,125,0,106.8253,0.0,0,0,Low
55,92,158,125,0,105.4573,0.0001,0,0,Low
55,93,157,125,0,105.2401,0.0,0,0,Low
55,94,156,125,0,104.4748,0.0,0,0,Low
55,95,155,125,0,104.8378,0.0,0,0,Low
55,96,154,125,0,102.8799,0.0,0,0,Low
55,97,153,125,0,103.3912,0.0,0,0,Low
55,98,152,125,0,104.3412,0.0,0,0,Low
55,99,151,125,0,103.194,0.0,0,0,Low
55,100,150,125,0,101.5507,0.0,0,0,Low
55,101,149,125,0,102.804,0.0,0,0,Low
55,102,148,125,0,101.3341,0.0,0,0,Low
55,103,147,125,0,101.2969,0.0,0,0,Low
55,104,146,125,0,102.2264,0.0,0,0,Low
55,105,145,125,0,102.3533,0.0001,0,0,Low
55,106,144,125,0,100.2441,0.0001,0,0,Low
55,107,143,125,0,101.8825,0.0,0,0,Low
55,108,142,125,0,102.0779,0.0,0,0,Low
55,109,141,125,0,102.1921,0.0,0,0,Low
55,110,140,125,0,101.3603,0.0,0,0,Low
55,111,139,125,0,103.1175,0.0,0,0,Low
55,112,138,125,0,102.8063,0.0,0,0,Low
55,113,137,125,0,100.214,0.0001,0,0,Low
56,15,136,125,0,117.6694,0.0003,0,0,Low
56,16,135,125,0,113.8958,0.0022,0,0,Low
56,17,134,125,0,115.2802,0.0007,0,0,Low
56,18,133,125,0,116.1495,0.0034,0,0,Low
56,19,132,125,0,121.1439,0.0031,0,0,Low
56,20,131,125,0,120.6757,0.0028,0,0,Low
56,21,130,125,0,120.6378,0.004,0,0,Low
56,22,129,125,0,120.0065,0.0017,0,0,Low
56,23,128,125,0,118.767,0.0019,0,0,Low
56,24,127,125,0,117.5859,0.0016,0,0,Low
56,25,126,125,0,118.2422,0.0014,0,0,Low
56,26,125,125,0,114.0455,0.0035,0,0,Low
56,27,124,124,0,118.3677,0.0013,0,0,Low
56,28,123,123,0,118.326,0.0026,0,0,Low
56,29,122,122,0,118.7127,0.0075,0,0,Low
56,30,121,121,0,117.7898,0.0102,0,0,Low
56,31,120,120,0,117.7033,0.0018,0,0,Low
56,32,119,119,0,118.8339,0.0059,0,0,Low
56,33,118,118,0,116.8174,0.0125,0,0,Low
56,34,117,117,0,113.2988,0.0069,0,0,Low
56,35,116,116,0,114.0154,0.0065,0,0,Low
56,36,115,115,0,115.7653,0.0058,0,0,Low
56,37,114,114,0,117.7423,0.0088,0,0,Low
56,38,113,113,0,112.2056,0.0029,0,0,Low
56,39,112,112,0,109.9349,0.0052,0,0,Low
56,40,111,111,0,107.2497,0.0069,0,1,Low
56,41,110,110,0,108.6696,0.0099,0,0,Low
56,42,109,109,0,108.1718,0.009,0,0,Low
56,43,108,108,0,107.5906,0.011,0,0,Low
56,44,107,107,0,106.039,0.0177,0,0,Low
56,45,106,106,0,105.757,0.0024,0,0,Low
56,46,105,105,0,106.6615,0.0011,0,0,Low
56,47,104,104,0,107.0885,0.0005,0,0,Low
56,48,103,103,0,106.5811,0.0005,0,0,Low
56,49,102,102,0,105.6022,0.0016,0,0,Low
56,50,101,101,0,104.5102,0.0144,0,1,Low
56,51,100,100,0,103.9473,0.0033,0,0,Low
56,52,99,99,0,103.2148,0.0114,0,1,Low
56,53,98,98,0,104.69,0.0079,0,1,Low
56,54,97,97,0,106.6861,0.0199,0,1,Low
56,55,96,96,0,104.5598,0.0139,0,0,Low
56,56,95,95,0,104.1171,0.0211,0,0,Low
56,57,94,94,0,102.2711,0.0623,0,0,Low
56,58,93,93,0,103.6713,0.0239,0,0,Low
56,59,92,92,0,106.1822,0.015,0,0,Low
56,60,91,91,0,106.5543,0.0038,0,0,Low
56,61,90,90,0,106.7601,0.0044,0,0,Low
56,62,89,89,0,105.9919,0.0025,0,0,Low
56,63,88,88,0,106.8784,0.0135,0,1,Low
56,64,87,87,0,112.6448,0.0037,0,0,Low
56,65,86,86,0,109.361,0.0189,0,1,Low
56,66,85,85,0,106.9855,0.0365,0,1,Low
56,67,84,84,0,98.3531,0.0241,0,1,Low
56,68,83,83,0,97.9521,0.0324,0,1,Low
56,69,82,82,0,96.3732,0.063,0,1,Low
56,70,81,81,0,98.8263,0.0219,0,1,Low
56,71,80,80,0,100.943,0.0135,0,1,Low
56,72,79,79,0,97.4472,0.0253,0,1,Low
56,73,78,78,0,101.6596,0.0075,0,1,Low
56,74,77,77,0,88.4472,0.0605,0,1,Low
56,75,76,76,0,84.1634,0.1427,0,1,Low
56,76,75,75,0,80.4434,0.0462,0,1,Low
56,77,74,74,0,82.5504,0.0324,0,1,Low
56,78,73,73,0,86.7098,0.0727,0,1,Low
56,79,72,72,0,80.671,0.0151,0,1,Low
56,80,71,71,0,75.7107,0.0133,0,1,Low
56,81,70,70,0,73.1382,0.0205,0,1,Low
56,82,69,69,0,80.6808,0.0335,0,1,Low
56,83,68,68,0,77.1127,0.0704,0,1,Low
56,84,67,67,0,77.3434,0.0618,0,1,Low
56,85,66,66,0,74.9689,0.1804,0,1,Low
56,86,65,65,0,75.7954,0.1241,0,1,Low
56,87,64,64,0,69.7894,0.3936,0,1,Low
56,88,63,63,0,62.1305,0.1878,0,1,Low
56,89,62,62,0,59.0148,0.4134,0,1,Elevated
56,90,61,61,0,65.042,0.1242,0,1,Low
56,91,60,60,0,61.8323,0.1028,0,1,Low
56,92,59,59,0,57.5447,0.0219,0,1,Low
56,93,58,58,0,58.7514,0.0103,0,1,Low
56,94,57,57,0,59.5938,0.0167,0,1,Low
56,95,56,56,0,60.5549,0.0703,0,1,Low
56,96,55,55,0,62.1845,0.0834,0,1,Low
56,97,54,54,0,58.3724,0.2312,0,1,Low
56,98,53,53,0,50.797,0.2669,0,1,Low
56,99,52,52,0,53.5618,0.0579,0,1,Low
56,100,51,51,0,50.7514,0.1171,0,1,Low
56,101,50,50,0,52.6862,0.0571,0,1,Low
56,102,49,49,0,56.1813,0.0146,0,1,Low
56,103,48,48,0,55.0897,0.0715,0,1,Low
56,104,47,47,0,57.5894,0.0466,0,1,Low
56,105,46,46,0,53.444,0.0293,0,1,Low
56,106,45,45,0,52.136,0.0608,0,1,Low
56,107,44,44,0,46.3973,0.1637,0,1,Low
56,108,43,43,0,47.6637,0.3076,0,1,Low
56,109,42,42,0,41.7468,0.5807,0,1,Elevated
56,110,41,41,0,42.498,0.7427,0,1,Elevated
56,111,40,40,0,40.2648,0.9244,1,1,High
56,112,39,39,0,33.2901,0.9592,1,1,High
56,113,38,38,0,31.0435,0.9629,1,1,High
56,114,37,37,0,27.987,0.9982,1,1,High
56,115,36,36,0,27.1543,0.9981,1,1,High
56,116,35,35,0,25.618,0.9987,1,1,High
56,117,34,34,0,26.1803,0.9969,1,1,High
56,118,33,33,0,26.6587,0.9972,1,1,High
56,119,32,32,0,29.5919,0.9506,1,1,High
56,120,31,31,0,28.6899,0.8621,1,1,High
56,121,30,30,1,25.6414,0.9704,1,1,High
56,122,29,29,1,27.4544,0.96,1,1,High
56,123,28,28,1,24.9301,0.9885,1,1,High
56,124,27,27,1,24.1149,0.9594,1,1,High
56,125,26,26,1,20.0721,0.9472,1,1,High
56,126,25,25,1,22.3105,0.9883,1,1,High
56,127,24,24,1,18.9461,0.9859,1,1,High
56,128,23,23,1,19.3916,0.9711,1,1,High
56,129,22,22,1,17.4001,0.9907,1,1,High
56,130,21,21,1,19.2237,0.9925,1,1,High
56,131,20,20,1,18.3286,0.9916,1,1,High
56,132,19,19,1,18.188,0.9939,1,1,High
56,133,18,18,1,17.0182,0.9929,1,1,High
56,134,17,17,1,15.469,0.9941,1,1,High
56,135,16,16,1,14.2171,0.9967,1,1,High
56,136,15,15,1,13.5635,0.9975,1,1,High
57,15,248,125,0,122.8874,0.0,0,0,Low
57,16,247,125,0,122.8945,0.0,0,0,Low
57,17,246,125,0,123.1234,0.0,0,0,Low
57,18,245,125,0,123.0829,0.0003,0,0,Low
57,19,244,125,0,122.6922,0.0001,0,0,Low
57,20,243,125,0,123.1022,0.0,0,0,Low
57,21,242,125,0,122.9605,0.0002,0,0,Low
57,22,241,125,0,123.2829,0.0003,0,0,Low
57,23,240,125,0,123.2571,0.0,0,0,Low
57,24,239,125,0,123.098,0.0003,0,0,Low
57,25,238,125,0,122.6275,0.001,0,0,Low
57,26,237,125,0,122.8265,0.0003,0,0,Low
57,27,236,125,0,123.8876,0.0001,0,0,Low
57,28,235,125,0,123.939,0.0003,0,0,Low
57,29,234,125,0,123.1536,0.0,0,0,Low
57,30,233,125,0,123.3217,0.0,0,0,Low
57,31,232,125,0,122.732,0.0001,0,0,Low
57,32,231,125,0,123.0168,0.0001,0,0,Low
57,33,230,125,0,123.0742,0.0001,0,0,Low
57,34,229,125,0,122.5347,0.0004,0,0,Low
57,35,228,125,0,121.6059,0.0013,0,0,Low
57,36,227,125,0,122.004,0.001,0,0,Low
57,37,226,125,0,123.7002,0.0007,0,0,Low
57,38,225,125,0,123.0298,0.0,0,0,Low
57,39,224,125,0,123.1091,0.0001,0,0,Low
57,40,223,125,0,123.4586,0.0001,0,0,Low
57,41,222,125,0,123.4809,0.0,0,0,Low
57,42,221,125,0,123.4401,0.0001,0,0,Low
57,43,220,125,0,122.8168,0.0005,0,0,Low
57,44,219,125,0,123.4223,0.0001,0,0,Low
57,45,218,125,0,122.6371,0.0002,0,0,Low
57,46,217,125,0,122.5057,0.001,0,0,Low
57,47,216,125,0,122.004,0.0005,0,0,Low
57,48,215,125,0,121.4992,0.0042,0,0,Low
57,49,214,125,0,121.3052,0.0087,0,0,Low
57,50,213,125,0,120.2216,0.0047,0,0,Low
57,51,212,125,0,121.1129,0.0011,0,0,Low
57,52,211,125,0,121.1879,0.001,0,0,Low
57,53,210,125,0,122.0384,0.0001,0,0,Low
57,54,209,125,0,121.6407,0.0,0,0,Low
57,55,208,125,0,120.8992,0.0002,0,0,Low
57,56,207,125,0,119.3613,0.0,0,0,Low
57,57,206,125,0,118.8883,0.0002,0,0,Low
57,58,205,125,0,118.3836,0.0,0,0,Low
57,59,204,125,0,118.9332,0.0002,0,0,Low
57,60,203,125,0,118.3137,0.0001,0,0,Low
57,61,202,125,0,116.7759,0.0,0,0,Low
57,62,201,125,0,118.0477,0.0,0,0,Low
57,63,200,125,0,117.1649,0.0003,0,0,Low
57,64,199,125,0,116.4482,0.0001,0,0,Low
57,65,198,125,0,112.5107,0.0005,0,0,Low
57,66,197,125,0,113.4173,0.0021,0,0,Low
57,67,196,125,0,113.0678,0.009,0,0,Low
57,68,195,125,0,112.5265,0.0016,0,0,Low
57,69,194,125,0,114.0853,0.0009,0,0,Low
57,70,193,125,0,113.6057,0.0005,0,0,Low
57,71,192,125,0,112.5253,0.0001,0,0,Low
57,72,191,125,0,112.3188,0.0002,0,0,Low
57,73,190,125,0,114.3549,0.0,0,0,Low
57,74,189,125,0,111.7335,0.0,0,0,Low
57,75,188,125,0,110.1625,0.0001,0,0,Low
57,76,187,125,0,109.4777,0.0002,0,0,Low
57,77,186,125,0,110.6819,0.0,0,0,Low
57,78,185,125,0,109.9155,0.0,0,0,Low
57,79,184,125,0,111.4291,0.0,0,0,Low
57,80,183,125,0,112.3856,0.0,0,0,Low
57,81,182,125,0,109.5403,0.0,0,0,Low
57,82,181,125,0,108.0639,0.0,0,0,Low
57,83,180,125,0,108.4118,0.0001,0,0,Low
57,84,179,125,0,103.35,0.0001,0,0,Low
57,85,178,125,0,105.2386,0.0,0,0,Low
57,86,177,125,0,103.7593,0.0,0,0,Low
57,87,176,125,0,100.4411,0.0002,0,0,Low
57,88,175,125,0,98.7387,0.0001,0,0,Low
57,89,174,125,0,100.268,0.0,0,0,Low
57,90,173,125,0,98.6255,0.0007,0,0,Low
57,91,172,125,0,98.3998,0.0004,0,0,Low
57,92,171,125,0,97.4176,0.0,0,0,Low
57,93,170,125,0,96.9859,0.0003,0,0,Low
57,94,169,125,0,96.0945,0.0003,0,0,Low
57,95,168,125,0,93.8863,0.0004,0,0,Low
57,96,167,125,0,95.382,0.0002,0,0,Low
57,97,166,125,0,90.547,0.0012,0,0,Low
57,98,165,125,0,92.3216,0.0009,0,0,Low
57,99,164,125,0,90.6821,0.0002,0,0,Low
57,100,163,125,0,93.0619,0.0002,0,0,Low
57,101,162,125,0,90.5349,0.0005,0,0,Low
57,102,161,125,0,92.0722,0.0001,0,0,Low
57,103,160,125,0,90.4413,0.0,0,0,Low
57,104,159,125,0,88.0339,0.0,0,0,Low
57,105,158,125,0,85.2651,0.0,0,0,Low
57,106,157,125,0,89.6675,0.0001,0,0,Low
57,107,156,125,0,94.7465,0.0001,0,0,Low
57,108,155,125,0,92.7912,0.0013,0,0,Low
57,109,154,125,0,89.597,0.0005,0,0,Low
57,110,153,125,0,89.1013,0.0007,0,0,Low
57,111,152,125,0,93.5462,0.0,0,0,Low
57,112,151,125,0,93.5246,0.0,0,0,Low
57,113,150,125,0,91.9044,0.0,0,0,Low
57,114,149,125,0,92.2586,0.0002,0,0,Low
57,115,148,125,0,93.0266,0.0001,0,0,Low
57,116,147,125,0,90.3855,0.0006,0,0,Low
57,117,146,125,0,89.2652,0.0026,0,0,Low
57,118,145,125,0,90.5763,0.0006,0,0,Low
57,119,144,125,0,93.7091,0.0003,0,0,Low
57,120,143,125,0,90.1806,0.0001,0,0,Low
57,121,142,125,0,90.2674,0.0,0,0,Low
57,122,141,125,0,90.0773,0.0,0,0,Low
57,123,140,125,0,90.895,0.0001,0,0,Low
57,124,139,125,0,92.9566,0.0001,0,0,Low
57,125,138,125,0,90.7728,0.0003,0,0,Low
57,126,137,125,0,89.4688,0.0013,0,0,Low
57,127,136,125,0,86.5147,0.001,0,0,Low
57,128,135,125,0,90.4173,0.0019,0,0,Low
57,129,134,125,0,88.4776,0.0023,0,0,Low
57,130,133,125,0,90.1758,0.0008,0,0,Low
57,131,132,125,0,90.2153,0.0016,0,0,Low
57,132,131,125,0,92.8728,0.0017,0,0,Low
57,133,130,125,0,90.2197,0.0042,0,0,Low
57,134,129,125,0,88.5912,0.0063,0,0,Low
57,135,128,125,0,91.3201,0.0025,0,0,Low
57,136,127,125,0,90.4111,0.0009,0,0,Low
57,137,126,125,0,89.1052,0.002,0,0,Low
57,138,125,125,0,90.4926,0.0002,0,0,Low
57,139,124,124,0,90.3331,0.0005,0,0,Low
57,140,123,123,0,89.582,0.0013,0,0,Low
57,141,122,122,0,89.5631,0.0022,0,0,Low
57,142,121,121,0,90.1334,0.0095,0,0,Low
57,143,120,120,0,83.8485,0.0142,0,0,Low
57,144,119,119,0,86.5587,0.0041,0,0,Low
57,145,118,118,0,88.6823,0.0043,0,0,Low
57,146,117,117,0,84.0247,0.0032,0,0,Low
57,147,116,116,0,83.6556,0.0013,0,0,Low
57,148,115,115,0,87.1143,0.001,0,0,Low
57,149,114,114,0,86.5618,0.0006,0,0,Low
57,150,113,113,0,89.6482,0.0004,0,0,Low
57,151,112,112,0,90.9708,0.0,0,0,Low
57,152,111,111,0,92.2729,0.0002,0,0,Low
57,153,110,110,0,90.2205,0.0,0,0,Low
57,154,109,109,0,88.0117,0.0002,0,0,Low
57,155,108,108,0,92.1331,0.0,0,0,Low
57,156,107,107,0,94.5054,0.0001,0,0,Low
57,157,106,106,0,94.0095,0.0001,0,0,Low
57,158,105,105,0,93.6308,0.0004,0,0,Low
57,159,104,104,0,86.9042,0.0007,0,0,Low
57,160,103,103,0,86.7106,0.0015,0,0,Low
58,15,198,125,0,123.3701,0.0,0,0,Low
58,16,197,125,0,121.4882,0.0,0,0,Low
58,17,196,125,0,121.8099,0.0,0,0,Low
58,18,195,125,0,122.0776,0.0,0,0,Low
58,19,194,125,0,121.7963,0.0,0,0,Low
58,20,193,125,0,122.1344,0.0001,0,0,Low
58,21,192,125,0,122.2653,0.0,0,0,Low
58,22,191,125,0,122.5474,0.0,0,0,Low
58,23,190,125,0,121.9416,0.0,0,0,Low
58,24,189,125,0,122.1644,0.0,0,0,Low
58,25,188,125,0,123.1951,0.0,0,0,Low
58,26,187,125,0,122.2424,0.0,0,0,Low
58,27,186,125,0,122.0316,0.0,0,0,Low
58,28,185,125,0,122.0074,0.0,0,0,Low
58,29,184,125,0,121.9942,0.0,0,0,Low
58,30,183,125,0,123.035,0.0,0,0,Low
58,31,182,125,0,123.6425,0.0,0,0,Low
58,32,181,125,0,123.4471,0.0,0,0,Low
58,33,180,125,0,123.3715,0.0,0,0,Low
58,34,179,125,0,122.8198,0.0,0,0,Low
58,35,178,125,0,122.2495,0.0,0,0,Low
58,36,177,125,0,121.6522,0.0,0,0,Low
58,37,176,125,0,121.9836,0.0,0,0,Low
58,38,175,125,0,122.4924,0.0,0,0,Low
58,39,174,125,0,122.2533,0.0,0,0,Low
58,40,173,125,0,122.1487,0.0,0,0,Low
58,41,172,125,0,123.1588,0.0,0,0,Low
58,42,171,125,0,122.9325,0.0,0,0,Low
58,43,170,125,0,122.9687,0.0,0,0,Low
58,44,169,125,0,123.7846,0.0,0,0,Low
58,45,168,125,0,123.0254,0.0,0,0,Low
58,46,167,125,0,121.6276,0.0,0,0,Low
58,47,166,125,0,119.5953,0.0,0,0,Low
58,48,165,125,0,119.484,0.0,0,0,Low
58,49,164,125,0,119.9767,0.0,0,0,Low
58,50,163,125,0,120.6838,0.0,0,0,Low
58,51,162,125,0,121.0431,0.0,0,0,Low
58,52,161,125,0,121.0005,0.0,0,0,Low
58,53,160,125,0,120.7262,0.0,0,0,Low
58,54,159,125,0,118.8747,0.0,0,0,Low
58,55,158,125,0,120.7677,0.0,0,0,Low
58,56,157,125,0,120.9586,0.0,0,0,Low
58,57,156,125,0,120.4266,0.0,0,0,Low
58,58,155,125,0,120.7512,0.0,0,0,Low
58,59,154,125,0,119.2537,0.0,0,0,Low
58,60,153,125,0,119.4277,0.0,0,0,Low
58,61,152,125,0,117.0718,0.0,0,0,Low
58,62,151,125,0,118.6567,0.0,0,0,Low
58,63,150,125,0,118.5043,0.0,0,0,Low
58,64,149,125,0,118.3872,0.0,0,0,Low
58,65,148,125,0,117.1829,0.0,0,0,Low
58,66,147,125,0,115.0731,0.0,0,0,Low
58,67,146,125,0,116.0711,0.0,0,0,Low
58,68,145,125,0,115.9961,0.0,0,0,Low
58,69,144,125,0,114.8652,0.0001,0,0,Low
58,70,143,125,0,110.4136,0.0,0,0,Low
58,71,142,125,0,108.3191,0.0002,0,0,Low
58,72,141,125,0,109.9972,0.0001,0,0,Low
58,73,140,125,0,110.2701,0.0003,0,0,Low
58,74,139,125,0,111.2741,0.0,0,0,Low
58,75,138,125,0,110.8248,0.0001,0,0,Low
58,76,137,125,0,110.1661,0.0,0,0,Low
58,77,136,125,0,110.3351,0.0,0,0,Low
58,78,135,125,0,110.3309,0.0,0,0,Low
58,79,134,125,0,109.225,0.0,0,0,Low
58,80,133,125,0,109.8879,0.0,0,0,Low
58,81,132,125,0,110.4675,0.0,0,0,Low
58,82,131,125,0,111.2837,0.0,0,0,Low
58,83,130,125,0,114.3715,0.0,0,0,Low
58,84,129,125,0,114.4712,0.0,0,0,Low
58,85,128,125,0,108.6719,0.0,0,0,Low
58,86,127,125,0,108.9347,0.0,0,0,Low
58,87,126,125,0,106.5382,0.0,0,0,Low
58,88,125,125,0,107.1525,0.0,0,0,Low
58,89,124,124,0,111.4221,0.0,0,0,Low
58,90,123,123,0,110.8857,0.0,0,0,Low
58,91,122,122,0,108.6119,0.0,0,0,Low
58,92,121,121,0,108.5577,0.0,0,0,Low
58,93,120,120,0,104.2834,0.0,0,0,Low
58,94,119,119,0,100.679,0.0001,0,0,Low
58,95,118,118,0,100.7585,0.0,0,0,Low
58,96,117,117,0,102.0148,0.0,0,0,Low
58,97,116,116,0,99.4326,0.0,0,0,Low
58,98,115,115,0,97.6478,0.0,0,0,Low
58,99,114,114,0,102.0631,0.0,0,0,Low
58,100,113,113,0,99.8331,0.0,0,0,Low
58,101,112,112,0,97.9714,0.0,0,0,Low
58,102,111,111,0,98.1872,0.0,0,0,Low
58,103,110,110,0,93.0706,0.0,0,0,Low
58,104,109,109,0,97.6827,0.0,0,0,Low
58,105,108,108,0,98.3461,0.0,0,0,Low
58,106,107,107,0,96.8821,0.0,0,0,Low
58,107,106,106,0,96.5356,0.0001,0,0,Low
58,108,105,105,0,96.8754,0.0,0,0,Low
58,109,104,104,0,93.3888,0.0003,0,0,Low
58,110,103,103,0,94.6828,0.0005,0,0,Low
58,111,102,102,0,95.3693,0.0004,0,0,Low
58,112,101,101,0,96.3501,0.0001,0,0,Low
58,113,100,100,0,92.9667,0.0002,0,0,Low
58,114,99,99,0,94.9957,0.0,0,0,Low
58,115,98,98,0,94.7775,0.0,0,0,Low
58,116,97,97,0,95.8549,0.0,0,0,Low
58,117,96,96,0,95.2734,0.0,0,0,Low
58,118,95,95,0,94.706,0.0001,0,0,Low
58,119,94,94,0,90.9279,0.0003,0,0,Low
58,120,93,93,0,89.6838,0.0007,0,0,Low
58,121,92,92,0,91.3794,0.0002,0,0,Low
58,122,91,91,0,85.9203,0.0003,0,0,Low
58,123,90,90,0,91.4884,0.0,0,0,Low
58,124,89,89,0,92.0815,0.0,0,0,Low
58,125,88,88,0,92.2009,0.0001,0,0,Low
58,126,87,87,0,90.2624,0.0001,0,0,Low
58,127,86,86,0,91.9437,0.0002,0,0,Low
58,128,85,85,0,90.5454,0.0001,0,0,Low
58,129,84,84,0,89.156,0.0001,0,0,Low
58,130,83,83,0,86.2577,0.0004,0,0,Low
58,131,82,82,0,84.6587,0.0006,0,0,Low
58,132,81,81,0,82.8362,0.0034,0,0,Low
58,133,80,80,0,85.1818,0.0013,0,0,Low
58,134,79,79,0,83.6922,0.0043,0,0,Low
58,135,78,78,0,88.3111,0.0002,0,0,Low
58,136,77,77,0,88.7929,0.0006,0,0,Low
58,137,76,76,0,89.2045,0.0001,0,0,Low
58,138,75,75,0,90.053,0.0002,0,0,Low
58,139,74,74,0,91.682,0.0002,0,0,Low
58,140,73,73,0,85.9078,0.0004,0,0,Low
58,141,72,72,0,85.2093,0.0002,0,0,Low
58,142,71,71,0,87.2147,0.0002,0,0,Low
58,143,70,70,0,87.7604,0.0003,0,0,Low
58,144,69,69,0,90.5495,0.0001,0,0,Low
58,145,68,68,0,90.7825,0.0005,0,0,Low
58,146,67,67,0,88.2838,0.0004,0,0,Low
58,147,66,66,0,90.7453,0.0003,0,0,Low
58,148,65,65,0,89.6618,0.0014,0,0,Low
58,149,64,64,0,88.3424,0.0016,0,0,Low
58,150,63,63,0,90.6677,0.0015,0,0,Low
58,151,62,62,0,87.2667,0.0033,0,0,Low
58,152,61,61,0,83.0231,0.0029,0,0,Low
58,153,60,60,0,89.5442,0.0007,0,0,Low
58,154,59,59,0,83.6092,0.0044,0,0,Low
58,155,58,58,0,81.4017,0.001,0,0,Low
58,156,57,57,0,78.4248,0.0016,0,0,Low
58,157,56,56,0,82.3311,0.0066,0,0,Low
58,158,55,55,0,82.6299,0.0046,0,0,Low
58,159,54,54,0,80.2397,0.0013,0,0,Low
58,160,53,53,0,73.5188,0.0045,0,0,Low
58,161,52,52,0,79.6088,0.0046,0,0,Low
58,162,51,51,0,70.6942,0.0079,0,0,Low
58,163,50,50,0,65.9806,0.007,0,1,Low
58,164,49,49,0,66.4632,0.0061,0,0,Low
58,165,48,48,0,69.1023,0.0022,0,0,Low
58,166,47,47,0,72.0465,0.008,0,0,Low
58,167,46,46,0,65.5786,0.0159,0,1,Low
58,168,45,45,0,65.4327,0.0455,0,1,Low
58,169,44,44,0,59.4551,0.1168,0,1,Low
58,170,43,43,0,56.6932,0.2525,0,1,Low
58,171,42,42,0,58.6827,0.1913,0,1,Low
58,172,41,41,0,60.1881,0.2696,0,1,Low
58,173,40,40,0,58.3176,0.3036,0,1,Low
58,174,39,39,0,62.6864,0.0493,0,1,Low
58,175,38,38,0,50.8032,0.6363,0,1,Elevated
58,176,37,37,0,48.0542,0.7971,0,1,Elevated
59,15,193,125,0,124.2871,0.0,0,0,Low
59,16,192,125,0,124.4241,0.0,0,0,Low
59,17,191,125,0,124.876,0.0,0,0,Low
59,18,190,125,0,124.9356,0.0,0,0,Low
59,19,189,125,0,124.9314,0.0,0,0,Low
59,20,188,125,0,124.921,0.0,0,0,Low
59,21,187,125,0,124.9452,0.0,0,0,Low
59,22,186,125,0,124.7731,0.0,0,0,Low
59,23,185,125,0,124.8085,0.0,0,0,Low
59,24,184,125,0,124.9143,0.0,0,0,Low
59,25,183,125,0,124.6418,0.0,0,0,Low
59,26,182,125,0,124.2926,0.0,0,0,Low
59,27,181,125,0,124.5937,0.0,0,0,Low
59,28,180,125,0,124.2712,0.0,0,0,Low
59,29,179,125,0,124.0915,0.0,0,0,Low
59,30,178,125,0,124.4543,0.0,0,0,Low
59,31,177,125,0,124.5994,0.0,0,0,Low
59,32,176,125,0,124.4044,0.0,0,0,Low
59,33,175,125,0,124.5173,0.0,0,0,Low
59,34,174,125,0,124.4909,0.0,0,0,Low
59,35,173,125,0,124.7593,0.0,0,0,Low
59,36,172,125,0,124.5106,0.0,0,0,Low
59,37,171,125,0,124.5022,0.0,0,0,Low
59,38,170,125,0,124.51,0.0,0,0,Low
59,39,169,125,0,124.6155,0.0,0,0,Low
59,40,168,125,0,124.0171,0.0,0,0,Low
59,41,167,125,0,124.0685,0.0,0,0,Low
59,42,166,125,0,123.6082,0.0,0,0,Low
59,43,165,125,0,122.9057,0.0,0,0,Low
59,44,164,125,0,123.8427,0.0,0,0,Low
59,45,163,125,0,123.431,0.0,0,0,Low
59,46,162,125,0,123.7298,0.0,0,0,Low
59,47,161,125,0,123.6607,0.0,0,0,Low
59,48,160,125,0,123.9928,0.0,0,0,Low
59,49,159,125,0,124.1452,0.0,0,0,Low
59,50,158,125,0,123.7342,0.0,0,0,Low
59,51,157,125,0,122.8675,0.0,0,0,Low
59,52,156,125,0,123.4728,0.0,0,0,Low
59,53,155,125,0,122.7777,0.0,0,0,Low
59,54,154,125,0,122.8475,0.0,0,0,Low
59,55,153,125,0,123.2357,0.0,0,0,Low
59,56,152,125,0,123.9413,0.0,0,0,Low
59,57,151,125,0,124.1077,0.0,0,0,Low
59,58,150,125,0,123.0377,0.0,0,0,Low
59,59,149,125,0,122.6603,0.0,0,0,Low
59,60,148,125,0,123.3863,0.0,0,0,Low
59,61,147,125,0,122.314,0.0,0,0,Low
59,62,146,125,0,120.1872,0.0,0,0,Low
59,63,145,125,0,121.6776,0.0,0,0,Low
59,64,144,125,0,121.4098,0.0,0,0,Low
59,65,143,125,0,121.2223,0.0,0,0,Low
59,66,142,125,0,122.3065,0.0,0,0,Low
59,67,141,125,0,123.5622,0.0,0,0,Low
59,68,140,125,0,123.8789,0.0,0,0,Low
59,69,139,125,0,124.1321,0.0,0,0,Low
59,70,138,125,0,123.9173,0.0,0,0,Low
59,71,137,125,0,123.8537,0.0,0,0,Low
59,72,136,125,0,123.4089,0.0,0,0,Low
59,73,135,125,0,122.8528,0.0,0,0,Low
59,74,134,125,0,122.8509,0.0,0,0,Low
59,75,133,125,0,122.4418,0.0,0,0,Low
59,76,132,125,0,122.6562,0.0,0,0,Low
59,77,131,125,0,121.8289,0.0,0,0,Low
59,78,130,125,0,121.4926,0.0,0,0,Low
59,79,129,125,0,121.197,0.0,0,0,Low
59,80,128,125,0,121.7274,0.0,0,0,Low
59,81,127,125,0,122.1982,0.0,0,0,Low
59,82,126,125,0,121.4651,0.0,0,0,Low
59,83,125,125,0,120.91,0.0,0,0,Low
59,84,124,124,0,121.8481,0.0,0,0,Low
59,85,123,123,0,119.8972,0.0,0,0,Low
59,86,122,122,0,119.4734,0.0,0,0,Low
59,87,121,121,0,119.4353,0.0,0,0,Low
59,88,120,120,0,119.0374,0.0,0,0,Low
59,89,119,119,0,116.6502,0.0,0,0,Low
59,90,118,118,0,116.1482,0.0,0,0,Low
59,91,117,117,0,117.0455,0.0,0,0,Low
59,92,116,116,0,115.608,0.0,0,0,Low
59,93,115,115,0,114.6188,0.0,0,0,Low
59,94,114,114,0,114.7672,0.0,0,0,Low
60,15,232,125,0,122.2708,0.0004,0,0,Low
60,16,231,125,0,122.5489,0.0,0,0,Low
60,17,230,125,0,121.509,0.0,0,0,Low
60,18,229,125,0,120.7737,0.0004,0,0,Low
60,19,228,125,0,121.6049,0.0001,0,0,Low
60,20,227,125,0,121.1679,0.0002,0,0,Low
60,21,226,125,0,121.378,0.0002,0,0,Low
60,22,225,125,0,121.4041,0.0005,0,0,Low
60,23,224,125,0,121.3326,0.0002,0,0,Low
60,24,223,125,0,120.6646,0.0003,0,0,Low
60,25,222,125,0,121.8083,0.0001,0,0,Low
60,26,221,125,0,121.7926,0.0,0,0,Low
60,27,220,125,0,122.4676,0.0,0,0,Low
60,28,219,125,0,121.6919,0.0,0,0,Low
60,29,218,125,0,123.4993,0.0,0,0,Low
60,30,217,125,0,123.2892,0.0,0,0,Low
60,31,216,125,0,123.2372,0.0,0,0,Low
60,32,215,125,0,123.9667,0.0,0,0,Low
60,33,214,125,0,123.0036,0.0,0,0,Low
60,34,213,125,0,122.9729,0.0,0,0,Low
60,35,212,125,0,123.8155,0.0,0,0,Low
60,36,211,125,0,122.8881,0.0,0,0,Low
60,37,210,125,0,123.7293,0.0,0,0,Low
60,38,209,125,0,122.6982,0.0,0,0,Low
60,39,208,125,0,122.9931,0.0,0,0,Low
60,40,207,125,0,123.5548,0.0,0,0,Low
60,41,206,125,0,123.4334,0.0001,0,0,Low
60,42,205,125,0,123.6491,0.0002,0,0,Low
60,43,204,125,0,123.4723,0.0008,0,0,Low
60,44,203,125,0,123.6943,0.0016,0,0,Low
60,45,202,125,0,123.4268,0.0004,0,0,Low
60,46,201,125,0,122.6944,0.0003,0,0,Low
60,47,200,125,0,122.7154,0.0007,0,0,Low
60,48,199,125,0,122.539,0.0,0,0,Low
60,49,198,125,0,123.2181,0.0,0,0,Low
60,50,197,125,0,122.1288,0.0,0,0,Low
60,51,196,125,0,121.7355,0.0,0,0,Low
60,52,195,125,0,120.9226,0.0,0,0,Low
60,53,194,125,0,120.7979,0.0,0,0,Low
60,54,193,125,0,120.635,0.0001,0,0,Low
60,55,192,125,0,120.8291,0.0,0,0,Low
60,56,191,125,0,121.0018,0.0,0,0,Low
60,57,190,125,0,120.9256,0.0,0,0,Low
60,58,189,125,0,119.2088,0.0,0,0,Low
60,59,188,125,0,120.4405,0.0,0,0,Low
60,60,187,125,0,118.8779,0.0,0,0,Low
60,61,186,125,0,118.2438,0.0,0,0,Low
60,62,185,125,0,117.7204,0.0,0,0,Low
60,63,184,125,0,117.4442,0.0,0,0,Low
60,64,183,125,0,117.8997,0.0,0,0,Low
60,65,182,125,0,117.673,0.0,0,0,Low
60,66,181,125,0,116.5395,0.0,0,0,Low
60,67,180,125,0,116.2588,0.0,0,0,Low
60,68,179,125,0,113.7612,0.0001,0,0,Low
60,69,178,125,0,113.5341,0.0001,0,0,Low
60,70,177,125,0,112.3002,0.0001,0,0,Low
60,71,176,125,0,112.2301,0.0001,0,0,Low
60,72,175,125,0,112.5552,0.0,0,0,Low
60,73,174,125,0,113.6415,0.0006,0,0,Low
60,74,173,125,0,112.1268,0.0002,0,0,Low
60,75,172,125,0,112.8706,0.0003,0,0,Low
60,76,171,125,0,110.4054,0.0004,0,0,Low
60,77,170,125,0,107.2704,0.0006,0,0,Low
60,78,169,125,0,104.4251,0.0,0,0,Low
60,79,168,125,0,107.3369,0.0,0,0,Low
60,80,167,125,0,102.2254,0.0,0,0,Low
60,81,166,125,0,102.4841,0.0,0,0,Low
60,82,165,125,0,101.9169,0.0,0,0,Low
60,83,164,125,0,103.5072,0.0,0,0,Low
60,84,163,125,0,101.2526,0.0,0,0,Low
60,85,162,125,0,100.6939,0.0,0,0,Low
60,86,161,125,0,98.795,0.0001,0,0,Low
60,87,160,125,0,99.8326,0.0001,0,0,Low
60,88,159,125,0,99.358,0.0009,0,0,Low
60,89,158,125,0,97.2864,0.0025,0,0,Low
60,90,157,125,0,97.6635,0.0025,0,0,Low
60,91,156,125,0,96.6344,0.0012,0,0,Low
60,92,155,125,0,96.3405,0.0041,0,0,Low
60,93,154,125,0,96.4101,0.0019,0,0,Low
60,94,153,125,0,95.402,0.0005,0,0,Low
60,95,152,125,0,97.4864,0.0002,0,0,Low
60,96,151,125,0,95.7726,0.0003,0,0,Low
60,97,150,125,0,90.6815,0.0023,0,0,Low
60,98,149,125,0,95.7487,0.0005,0,0,Low
60,99,148,125,0,92.6932,0.0005,0,0,Low
60,100,147,125,0,93.0355,0.0012,0,0,Low
60,101,146,125,0,91.9593,0.0008,0,0,Low
60,102,145,125,0,94.9955,0.0006,0,0,Low
60,103,144,125,0,94.1528,0.0003,0,0,Low
60,104,143,125,0,89.6702,0.0011,0,0,Low
60,105,142,125,0,90.6683,0.0006,0,0,Low
60,106,141,125,0,89.3004,0.0002,0,0,Low
60,107,140,125,0,88.1827,0.0001,0,0,Low
60,108,139,125,0,86.4479,0.0002,0,0,Low
60,109,138,125,0,88.1437,0.0003,0,0,Low
60,110,137,125,0,90.5572,0.0001,0,0,Low
60,111,136,125,0,89.9831,0.0003,0,0,Low
60,112,135,125,0,93.495,0.0,0,0,Low
60,113,134,125,0,91.3405,0.0,0,0,Low
60,114,133,125,0,92.8361,0.0,0,0,Low
60,115,132,125,0,93.9226,0.0,0,0,Low
60,116,131,125,0,95.2498,0.0,0,0,Low
60,117,130,125,0,91.9456,0.0,0,0,Low
60,118,129,125,0,94.8183,0.0,0,0,Low
60,119,128,125,0,96.729,0.0,0,0,Low
60,120,127,125,0,96.2291,0.0,0,0,Low
60,121,126,125,0,94.6294,0.0,0,0,Low
60,122,125,125,0,95.9988,0.0002,0,0,Low
60,123,124,124,0,94.8363,0.0005,0,0,Low
60,124,123,123,0,90.343,0.0023,0,0,Low
60,125,122,122,0,88.1957,0.0154,0,0,Low
60,126,121,121,0,85.2836,0.0175,0,0,Low
60,127,120,120,0,81.8298,0.0388,0,0,Low
60,128,119,119,0,81.874,0.0066,0,0,Low
60,129,118,118,0,81.0941,0.0323,0,0,Low
60,130,117,117,0,77.4033,0.0059,0,0,Low
60,131,116,116,0,74.8153,0.0036,0,0,Low
60,132,115,115,0,75.3561,0.0004,0,0,Low
60,133,114,114,0,76.5732,0.0009,0,0,Low
60,134,113,113,0,81.7419,0.0003,0,0,Low
60,135,112,112,0,81.8578,0.0003,0,0,Low
60,136,111,111,0,84.0141,0.0002,0,0,Low
60,137,110,110,0,84.4822,0.0005,0,0,Low
60,138,109,109,0,86.1823,0.0003,0,0,Low
60,139,108,108,0,88.7826,0.0012,0,0,Low
60,140,107,107,0,91.5114,0.0029,0,0,Low
60,141,106,106,0,90.9426,0.0013,0,0,Low
60,142,105,105,0,91.7879,0.0007,0,0,Low
60,143,104,104,0,90.988,0.001,0,0,Low
60,144,103,103,0,87.9047,0.0011,0,0,Low
60,145,102,102,0,87.2233,0.0003,0,0,Low
60,146,101,101,0,86.2907,0.0007,0,0,Low
60,147,100,100,0,82.3115,0.0003,0,0,Low
61,15,165,125,0,124.4229,0.0,0,0,Low
61,16,164,125,0,123.3937,0.0,0,0,Low
61,17,163,125,0,123.3079,0.0,0,0,Low
61,18,162,125,0,122.0086,0.0,0,0,Low
61,19,161,125,0,122.7472,0.0,0,0,Low
61,20,160,125,0,123.1055,0.0,0,0,Low
61,21,159,125,0,122.1712,0.0,0,0,Low
61,22,158,125,0,122.4461,0.0,0,0,Low
61,23,157,125,0,122.2757,0.0,0,0,Low
61,24,156,125,0,122.1045,0.0,0,0,Low
61,25,155,125,0,122.1701,0.0,0,0,Low
61,26,154,125,0,122.036,0.0,0,0,Low
61,27,153,125,0,121.9383,0.0,0,0,Low
61,28,152,125,0,121.5352,0.0,0,0,Low
61,29,151,125,0,122.2559,0.0,0,0,Low
61,30,150,125,0,121.4049,0.0,0,0,Low
61,31,149,125,0,122.8928,0.0,0,0,Low
61,32,148,125,0,122.8799,0.0,0,0,Low
61,33,147,125,0,122.9113,0.0,0,0,Low
61,34,146,125,0,123.2497,0.0,0,0,Low
61,35,145,125,0,123.1676,0.0,0,0,Low
61,36,144,125,0,123.3939,0.0,0,0,Low
61,37,143,125,0,123.941,0.0,0,0,Low
61,38,142,125,0,123.2736,0.0,0,0,Low
61,39,141,125,0,123.3061,0.0,0,0,Low
61,40,140,125,0,122.0793,0.0,0,0,Low
61,41,139,125,0,121.816,0.0,0,0,Low
61,42,138,125,0,122.2007,0.0,0,0,Low
61,43,137,125,0,122.509,0.0,0,0,Low
61,44,136,125,0,122.2045,0.0,0,0,Low
61,45,135,125,0,121.2757,0.0,0,0,Low
61,46,134,125,0,122.4687,0.0,0,0,Low
61,47,133,125,0,122.6736,0.0,0,0,Low
61,48,132,125,0,121.9112,0.0,0,0,Low
61,49,131,125,0,123.3255,0.0,0,0,Low
61,50,130,125,0,122.9979,0.0,0,0,Low
61,51,129,125,0,122.1914,0.0,0,0,Low
61,52,128,125,0,122.0421,0.0,0,0,Low
61,53,127,125,0,122.228,0.0,0,0,Low
61,54,126,125,0,121.4348,0.0,0,0,Low
61,55,125,125,0,122.2187,0.0,0,0,Low
61,56,124,124,0,119.97,0.0,0,0,Low
61,57,123,123,0,120.9024,0.0,0,0,Low
61,58,122,122,0,120.8193,0.0,0,0,Low
61,59,121,121,0,120.4969,0.0,0,0,Low
61,60,120,120,0,119.8937,0.0,0,0,Low
61,61,119,119,0,119.661,0.0001,0,0,Low
61,62,118,118,0,119.1083,0.0,0,0,Low
61,63,117,117,0,114.4784,0.0,0,0,Low
61,64,116,116,0,111.9728,0.0,0,0,Low
61,65,115,115,0,112.81,0.0,0,0,Low
61,66,114,114,0,116.9194,0.0,0,0,Low
61,67,113,113,0,116.3098,0.0,0,0,Low
61,68,112,112,0,115.8621,0.0,0,0,Low
61,69,111,111,0,120.6753,0.0,0,0,Low
61,70,110,110,0,114.5896,0.0,0,0,Low
61,71,109,109,0,118.1627,0.0,0,0,Low
61,72,108,108,0,116.0428,0.0,0,0,Low
61,73,107,107,0,115.4842,0.0,0,0,Low
61,74,106,106,0,115.5895,0.0,0,0,Low
61,75,105,105,0,118.6294,0.0,0,0,Low
61,76,104,104,0,118.5426,0.0,0,0,Low
61,77,103,103,0,118.7677,0.0,0,0,Low
61,78,102,102,0,119.1188,0.0,0,0,Low
61,79,101,101,0,119.0954,0.0,0,0,Low
61,80,100,100,0,116.3553,0.0,0,0,Low
61,81,99,99,0,115.824,0.0,0,0,Low
61,82,98,98,0,114.5726,0.0,0,0,Low
61,83,97,97,0,114.9074,0.0,0,0,Low
61,84,96,96,0,115.1223,0.0001,0,0,Low
61,85,95,95,0,116.0832,0.0002,0,0,Low
61,86,94,94,0,116.1014,0.0,0,0,Low
61,87,93,93,0,113.0489,0.0,0,0,Low
61,88,92,92,0,110.2861,0.0,0,0,Low
61,89,91,91,0,108.8133,0.0,0,0,Low
61,90,90,90,0,105.2435,0.0,0,0,Low
61,91,89,89,0,107.6026,0.0,0,0,Low
61,92,88,88,0,103.242,0.0,0,0,Low
61,93,87,87,0,105.0547,0.0,0,0,Low
61,94,86,86,0,99.9462,0.0,0,0,Low
61,95,85,85,0,95.0004,0.0,0,0,Low
61,96,84,84,0,94.7953,0.0,0,0,Low
61,97,83,83,0,94.0021,0.0,0,0,Low
61,98,82,82,0,93.9569,0.0,0,0,Low
61,99,81,81,0,94.291,0.0,0,0,Low
61,100,80,80,0,92.9785,0.0,0,0,Low
61,101,79,79,0,95.2235,0.0,0,0,Low
61,102,78,78,0,92.7084,0.0,0,0,Low
61,103,77,77,0,94.4636,0.0,0,0,Low
61,104,76,76,0,92.9105,0.0,0,0,Low
61,105,75,75,0,90.3888,0.0,0,0,Low
61,106,74,74,0,89.6876,0.0,0,0,Low
61,107,73,73,0,86.986,0.0004,0,0,Low
61,108,72,72,0,85.1189,0.0006,0,0,Low
61,109,71,71,0,86.6882,0.0004,0,0,Low
61,110,70,70,0,89.0103,0.0004,0,0,Low
61,111,69,69,0,90.4655,0.0002,0,0,Low
61,112,68,68,0,88.8039,0.0,0,0,Low
61,113,67,67,0,86.1411,0.0,0,0,Low
61,114,66,66,0,87.1663,0.0,0,0,Low
61,115,65,65,0,85.3017,0.0001,0,0,Low
61,116,64,64,0,83.6894,0.0003,0,0,Low
61,117,63,63,0,85.6864,0.0004,0,0,Low
61,118,62,62,0,81.7971,0.0025,0,0,Low
61,119,61,61,0,88.182,0.001,0,0,Low
61,120,60,60,0,90.0673,0.0029,0,0,Low
61,121,59,59,0,84.6358,0.0011,0,0,Low
61,122,58,58,0,82.1117,0.0029,0,0,Low
61,123,57,57,0,83.2973,0.0011,0,0,Low
61,124,56,56,0,84.0381,0.0057,0,0,Low
61,125,55,55,0,85.6492,0.0011,0,0,Low
61,126,54,54,0,85.9058,0.0014,0,0,Low
61,127,53,53,0,90.2238,0.002,0,0,Low
61,128,52,52,0,88.3125,0.0025,0,0,Low
61,129,51,51,0,89.9025,0.0006,0,0,Low
61,130,50,50,0,84.0402,0.0004,0,0,Low
61,131,49,49,0,81.4126,0.0012,0,0,Low
61,132,48,48,0,82.4486,0.0003,0,0,Low
61,133,47,47,0,86.4086,0.0,0,0,Low
61,134,46,46,0,82.916,0.0001,0,0,Low
61,135,45,45,0,83.4641,0.0007,0,0,Low
61,136,44,44,0,82.7801,0.0002,0,0,Low
61,137,43,43,0,87.0342,0.0002,0,0,Low
61,138,42,42,0,82.4544,0.0036,0,0,Low
61,139,41,41,0,84.9927,0.0042,0,0,Low
61,140,40,40,0,82.7784,0.002,0,0,Low
61,141,39,39,0,81.7077,0.0125,0,0,Low
61,142,38,38,0,79.4725,0.008,0,1,Low
61,143,37,37,0,75.5283,0.0097,0,0,Low
61,144,36,36,0,70.942,0.0258,0,1,Low
61,145,35,35,0,65.8713,0.1167,0,1,Low
61,146,34,34,0,63.6803,0.0219,0,1,Low
61,147,33,33,0,64.9707,0.135,0,1,Low
61,148,32,32,0,62.0159,0.2085,0,1,Low
61,149,31,31,0,60.0227,0.5867,0,1,Elevated
61,150,30,30,1,58.9777,0.5008,0,1,Elevated
61,151,29,29,1,57.1877,0.7623,0,1,Elevated
61,152,28,28,1,54.1028,0.5805,0,1,Elevated
61,153,27,27,1,53.282,0.5004,0,1,Elevated
61,154,26,26,1,51.6773,0.5462,0,1,Elevated
61,155,25,25,1,54.8701,0.421,0,1,Elevated
61,156,24,24,1,49.0793,0.7721,0,1,Elevated
61,157,23,23,1,45.5278,0.8071,1,1,High
61,158,22,22,1,46.7575,0.9463,1,1,High
61,159,21,21,1,45.4093,0.8405,1,1,High
62,15,271,125,0,124.812,0.0,0,0,Low
62,16,270,125,0,124.9311,0.0,0,0,Low
62,17,269,125,0,124.916,0.0,0,0,Low
62,18,268,125,0,124.8116,0.0,0,0,Low
62,19,267,125,0,124.92,0.0,0,0,Low
62,20,266,125,0,124.8482,0.0,0,0,Low
62,21,265,125,0,124.532,0.0,0,0,Low
62,22,264,125,0,124.7668,0.0,0,1,Low
62,23,263,125,0,124.651,0.0,0,1,Low
62,24,262,125,0,124.2692,0.0,0,0,Low
62,25,261,125,0,124.1692,0.0,0,1,Low
62,26,260,125,0,124.6435,0.0,0,0,Low
62,27,259,125,0,124.7651,0.0,0,0,Low
62,28,258,125,0,124.2067,0.0,0,0,Low
62,29,257,125,0,124.1997,0.0,0,0,Low
62,30,256,125,0,124.6121,0.0,0,0,Low
62,31,255,125,0,124.7983,0.0,0,0,Low
62,32,254,125,0,124.6757,0.0,0,0,Low
62,33,253,125,0,124.6837,0.0,0,0,Low
62,34,252,125,0,124.6394,0.0,0,0,Low
62,35,251,125,0,124.5208,0.0,0,0,Low
62,36,250,125,0,124.9474,0.0,0,0,Low
62,37,249,125,0,124.9585,0.0,0,0,Low
62,38,248,125,0,124.9419,0.0,0,0,Low
62,39,247,125,0,124.7774,0.0,0,0,Low
62,40,246,125,0,124.7655,0.0,0,0,Low
62,41,245,125,0,124.8197,0.0,0,0,Low
62,42,244,125,0,124.8982,0.0,0,0,Low
62,43,243,125,0,124.6821,0.0,0,0,Low
62,44,242,125,0,124.144,0.0,0,0,Low
62,45,241,125,0,124.1939,0.0,0,0,Low
62,46,240,125,0,124.4803,0.0,0,0,Low
62,47,239,125,0,124.862,0.0,0,0,Low
62,48,238,125,0,124.8285,0.0,0,0,Low
62,49,237,125,0,124.9083,0.0,0,0,Low
62,50,236,125,0,124.8758,0.0,0,0,Low
62,51,235,125,0,124.7316,0.0,0,0,Low
62,52,234,125,0,124.8047,0.0,0,0,Low
62,53,233,125,0,124.8222,0.0,0,0,Low
62,54,232,125,0,124.7688,0.0,0,0,Low
62,55,231,125,0,124.655,0.0,0,0,Low
62,56,230,125,0,123.845,0.0,0,0,Low
62,57,229,125,0,124.5327,0.0,0,0,Low
62,58,228,125,0,124.5831,0.0,0,0,Low
62,59,227,125,0,124.111,0.0,0,0,Low
62,60,226,125,0,124.3834,0.0,0,0,Low
62,61,225,125,0,124.1624,0.0,0,0,Low
62,62,224,125,0,123.8597,0.0,0,1,Low
62,63,223,125,0,123.8859,0.0,0,0,Low
62,64,222,125,0,123.9652,0.0,0,0,Low
62,65,221,125,0,123.9486,0.0,0,0,Low
62,66,220,125,0,123.6834,0.0,0,0,Low
62,67,219,125,0,123.513,0.0,0,0,Low
62,68,218,125,0,123.3534,0.0,0,0,Low
62,69,217,125,0,123.3629,0.0,0,0,Low
62,70,216,125,0,124.059,0.0,0,0,Low
62,71,215,125,0,123.4004,0.0,0,0,Low
62,72,214,125,0,123.2838,0.0,0,0,Low
62,73,213,125,0,123.1218,0.0,0,0,Low
62,74,212,125,0,123.1049,0.0,0,0,Low
62,75,211,125,0,122.881,0.0,0,0,Low
62,76,210,125,0,123.9099,0.0,0,0,Low
62,77,209,125,0,124.0687,0.0,0,0,Low
62,78,208,125,0,123.9559,0.0,0,0,Low
62,79,207,125,0,124.0531,0.0,0,0,Low
62,80,206,125,0,124.2819,0.0,0,0,Low
62,81,205,125,0,123.9778,0.0,0,0,Low
62,82,204,125,0,124.0315,0.0,0,0,Low
62,83,203,125,0,124.0648,0.0,0,0,Low
62,84,202,125,0,124.2092,0.0,0,0,Low
62,85,201,125,0,123.8874,0.0,0,0,Low
62,86,200,125,0,123.894,0.0,0,0,Low
62,87,199,125,0,123.8724,0.0,0,0,Low
62,88,198,125,0,123.8239,0.0,0,0,Low
62,89,197,125,0,123.7591,0.0,0,0,Low
62,90,196,125,0,124.2625,0.0,0,0,Low
62,91,195,125,0,124.267,0.0,0,0,Low
62,92,194,125,0,124.3765,0.0,0,0,Low
62,93,193,125,0,124.4408,0.0,0,0,Low
62,94,192,125,0,124.1748,0.0,0,0,Low
62,95,191,125,0,124.2153,0.0,0,0,Low
62,96,190,125,0,124.3385,0.0,0,0,Low
62,97,189,125,0,123.7983,0.0,0,0,Low
62,98,188,125,0,122.7873,0.0,0,0,Low
62,99,187,125,0,123.1909,0.0,0,0,Low
62,100,186,125,0,123.9151,0.0,0,0,Low
62,101,185,125,0,122.3282,0.0,0,0,Low
62,102,184,125,0,122.5315,0.0,0,0,Low
62,103,183,125,0,122.5558,0.0,0,0,Low
62,104,182,125,0,122.5905,0.0,0,0,Low
62,105,181,125,0,122.2098,0.0,0,0,Low
62,106,180,125,0,123.8935,0.0,0,0,Low
62,107,179,125,0,123.4796,0.0,0,0,Low
62,108,178,125,0,123.2917,0.0,0,0,Low
62,109,177,125,0,123.8362,0.0,0,0,Low
62,110,176,125,0,122.6548,0.0,0,0,Low
62,111,175,125,0,122.4625,0.0,0,0,Low
62,112,174,125,0,122.7126,0.0,0,0,Low
62,113,173,125,0,122.2689,0.0,0,0,Low
62,114,172,125,0,121.799,0.0,0,0,Low
62,115,171,125,0,120.3885,0.0,0,0,Low
62,116,170,125,0,122.2919,0.0,0,0,Low
62,117,169,125,0,123.122,0.0,0,0,Low
62,118,168,125,0,122.184,0.0,0,0,Low
62,119,167,125,0,120.4882,0.0,0,0,Low
62,120,166,125,0,122.0235,0.0,0,0,Low
62,121,165,125,0,123.074,0.0,0,0,Low
62,122,164,125,0,121.2505,0.0,0,0,Low
62,123,163,125,0,121.0635,0.0,0,0,Low
62,124,162,125,0,121.7294,0.0,0,0,Low
62,125,161,125,0,122.2281,0.0,0,0,Low
62,126,160,125,0,122.9742,0.0,0,0,Low
62,127,159,125,0,123.4904,0.0,0,0,Low
62,128,158,125,0,123.3757,0.0,0,0,Low
62,129,157,125,0,124.0731,0.0,0,0,Low
62,130,156,125,0,123.5313,0.0,0,0,Low
62,131,155,125,0,123.9856,0.0,0,0,Low
62,132,154,125,0,123.4356,0.0,0,0,Low
62,133,153,125,0,123.8435,0.0,0,0,Low
62,134,152,125,0,123.9199,0.0,0,0,Low
62,135,151,125,0,122.6978,0.0,0,0,Low
62,136,150,125,0,122.0962,0.0,0,0,Low
62,137,149,125,0,122.0166,0.0,0,0,Low
62,138,148,125,0,122.941,0.0,0,0,Low
62,139,147,125,0,122.4537,0.0,0,0,Low
62,140,146,125,0,122.1835,0.0,0,0,Low
62,141,145,125,0,120.546,0.0,0,0,Low
62,142,144,125,0,119.8501,0.0,0,0,Low
62,143,143,125,0,119.2736,0.0,0,0,Low
62,144,142,125,0,117.1585,0.0,0,0,Low
62,145,141,125,0,116.3852,0.0,0,0,Low
62,146,140,125,0,115.6531,0.0,0,0,Low
62,147,139,125,0,116.7577,0.0,0,0,Low
62,148,138,125,0,115.9284,0.0,0,0,Low
62,149,137,125,0,115.1588,0.0,0,0,Low
62,150,136,125,0,115.316,0.0,0,0,Low
62,151,135,125,0,115.183,0.0,0,0,Low
62,152,134,125,0,112.2829,0.0,0,0,Low
62,153,133,125,0,112.6307,0.0,0,0,Low
62,154,132,125,0,112.147,0.0,0,0,Low
62,155,131,125,0,112.1035,0.0,0,0,Low
62,156,130,125,0,111.946,0.0,0,0,Low
62,157,129,125,0,107.6467,0.0,0,0,Low
62,158,128,125,0,108.8625,0.0,0,0,Low
62,159,127,125,0,109.9127,0.0,0,0,Low
62,160,126,125,0,108.6063,0.0,0,0,Low
62,161,125,125,0,109.1933,0.0,0,0,Low
62,162,124,124,0,111.6224,0.0,0,0,Low
62,163,123,123,0,111.2922,0.0,0,0,Low
62,164,122,122,0,112.4749,0.0,0,0,Low
62,165,121,121,0,110.7408,0.0,0,0,Low
62,166,120,120,0,109.8557,0.0,0,0,Low
62,167,119,119,0,110.4658,0.0,0,0,Low
62,168,118,118,0,109.749,0.0,0,0,Low
62,169,117,117,0,108.2014,0.0,0,0,Low
62,170,116,116,0,107.5675,0.0,0,0,Low
62,171,115,115,0,103.8994,0.0,0,0,Low
62,172,114,114,0,102.6161,0.0,0,0,Low
62,173,113,113,0,102.1972,0.0,0,0,Low
62,174,112,112,0,107.8285,0.0,0,0,Low
62,175,111,111,0,107.6076,0.0,0,0,Low
62,176,110,110,0,103.4695,0.0,0,0,Low
62,177,109,109,0,102.9623,0.0,0,0,Low
62,178,108,108,0,102.9849,0.0,0,0,Low
62,179,107,107,0,99.8218,0.0,0,0,Low
62,180,106,106,0,100.2696,0.0,0,0,Low
62,181,105,105,0,97.0536,0.0001,0,0,Low
62,182,104,104,0,98.3201,0.0,0,0,Low
62,183,103,103,0,98.3981,0.0,0,0,Low
62,184,102,102,0,96.6648,0.0,0,0,Low
62,185,101,101,0,97.2004,0.0,0,0,Low
62,186,100,100,0,95.839,0.0,0,0,Low
62,187,99,99,0,96.4026,0.0,0,0,Low
62,188,98,98,0,94.3458,0.0,0,0,Low
62,189,97,97,0,93.7283,0.0,0,0,Low
62,190,96,96,0,95.3332,0.0,0,0,Low
62,191,95,95,0,90.6401,0.0,0,0,Low
62,192,94,94,0,88.1392,0.0,0,0,Low
62,193,93,93,0,89.9558,0.0,0,0,Low
62,194,92,92,0,93.6056,0.0,0,0,Low
62,195,91,91,0,91.636,0.0,0,0,Low
62,196,90,90,0,92.4617,0.0,0,0,Low
62,197,89,89,0,90.583,0.0,0,0,Low
62,198,88,88,0,90.5771,0.0,0,0,Low
62,199,87,87,0,88.9333,0.0,0,0,Low
62,200,86,86,0,91.7541,0.0,0,0,Low
62,201,85,85,0,92.0051,0.0,0,0,Low
62,202,84,84,0,90.5875,0.0,0,0,Low
62,203,83,83,0,90.8747,0.0,0,0,Low
62,204,82,82,0,91.5962,0.0,0,0,Low
62,205,81,81,0,90.4146,0.0,0,0,Low
62,206,80,80,0,89.7912,0.0,0,0,Low
62,207,79,79,0,89.3416,0.0,0,0,Low
62,208,78,78,0,87.415,0.0,0,0,Low
62,209,77,77,0,84.9284,0.0,0,0,Low
62,210,76,76,0,81.5504,0.0,0,0,Low
62,211,75,75,0,80.8391,0.0,0,0,Low
62,212,74,74,0,78.3432,0.0,0,0,Low
62,213,73,73,0,75.4667,0.0003,0,0,Low
62,214,72,72,0,75.3572,0.0001,0,0,Low
62,215,71,71,0,71.7326,0.0002,0,0,Low
62,216,70,70,0,69.1757,0.0016,0,0,Low
62,217,69,69,0,68.5098,0.0026,0,0,Low
62,218,68,68,0,67.2875,0.0032,0,0,Low
62,219,67,67,0,67.7548,0.001,0,0,Low
62,220,66,66,0,65.4145,0.006,0,0,Low
62,221,65,65,0,64.2284,0.0008,0,0,Low
62,222,64,64,0,64.8937,0.0018,0,0,Low
62,223,63,63,0,66.08,0.0006,0,1,Low
62,224,62,62,0,63.5899,0.0051,0,1,Low
62,225,61,61,0,63.704,0.0032,0,1,Low
62,226,60,60,0,61.1443,0.0015,0,1,Low
62,227,59,59,0,62.1257,0.0013,0,0,Low
62,228,58,58,0,61.3268,0.0033,0,1,Low
62,229,57,57,0,59.9055,0.0011,0,0,Low
62,230,56,56,0,55.82,0.0007,0,1,Low
62,231,55,55,0,54.3232,0.0096,0,1,Low
62,232,54,54,0,52.6835,0.0045,0,1,Low
63,15,212,125,0,123.932,0.0,0,0,Low
63,16,211,125,0,123.5965,0.0,0,0,Low
63,17,210,125,0,123.8736,0.0,0,0,Low
63,18,209,125,0,123.3556,0.0,0,0,Low
63,19,208,125,0,123.2193,0.0001,0,0,Low
63,20,207,125,0,124.0059,0.0001,0,0,Low
63,21,206,125,0,123.4254,0.0008,0,0,Low
63,22,205,125,0,123.8375,0.0007,0,0,Low
63,23,204,125,0,123.5135,0.0013,0,0,Low
63,24,203,125,0,123.78,0.0007,0,0,Low
63,25,202,125,0,123.4436,0.001,0,0,Low
63,26,201,125,0,123.6869,0.0003,0,0,Low
63,27,200,125,0,123.8976,0.0001,0,0,Low
63,28,199,125,0,123.5973,0.0,0,0,Low
63,29,198,125,0,123.3984,0.0002,0,0,Low
63,30,197,125,0,122.2183,0.0,0,0,Low
63,31,196,125,0,122.9162,0.0001,0,0,Low
63,32,195,125,0,122.0953,0.0001,0,0,Low
63,33,194,125,0,122.4709,0.0001,0,0,Low
63,34,193,125,0,122.3449,0.0001,0,0,Low
63,35,192,125,0,121.8165,0.0011,0,0,Low
63,36,191,125,0,122.2097,0.0002,0,0,Low
63,37,190,125,0,120.8574,0.0,0,0,Low
63,38,189,125,0,121.8755,0.0,0,0,Low
63,39,188,125,0,121.9604,0.0001,0,0,Low
63,40,187,125,0,121.1247,0.0,0,0,Low
63,41,186,125,0,120.7616,0.0001,0,0,Low
63,42,185,125,0,120.4838,0.0,0,0,Low
63,43,184,125,0,122.2971,0.0,0,0,Low
63,44,183,125,0,121.3444,0.0001,0,0,Low
63,45,182,125,0,122.4699,0.0,0,0,Low
63,46,181,125,0,122.2659,0.0001,0,0,Low
63,47,180,125,0,122.9381,0.0001,0,0,Low
63,48,179,125,0,122.8101,0.0,0,0,Low
63,49,178,125,0,121.6973,0.0001,0,0,Low
63,50,177,125,0,121.5882,0.0001,0,0,Low
63,51,176,125,0,121.6827,0.0001,0,0,Low
63,52,175,125,0,121.9784,0.0003,0,0,Low
63,53,174,125,0,121.5509,0.0004,0,0,Low
63,54,173,125,0,121.7475,0.0019,0,0,Low
63,55,172,125,0,122.1791,0.0003,0,0,Low
63,56,171,125,0,121.0512,0.0007,0,0,Low
63,57,170,125,0,120.6182,0.0005,0,0,Low
63,58,169,125,0,120.3514,0.0002,0,0,Low
63,59,168,125,0,117.8906,0.0004,0,0,Low
63,60,167,125,0,118.7217,0.0003,0,0,Low
63,61,166,125,0,118.3659,0.0004,0,0,Low
63,62,165,125,0,118.274,0.0013,0,0,Low
63,63,164,125,0,118.1663,0.0004,0,0,Low
63,64,163,125,0,119.2793,0.001,0,0,Low
63,65,162,125,0,119.609,0.0002,0,0,Low
63,66,161,125,0,118.6417,0.0002,0,0,Low
63,67,160,125,0,117.35,0.0,0,0,Low
63,68,159,125,0,116.2461,0.0,0,0,Low
63,69,158,125,0,116.1344,0.0001,0,0,Low
63,70,157,125,0,114.1681,0.0005,0,0,Low
63,71,156,125,0,116.3104,0.0005,0,0,Low
63,72,155,125,0,113.622,0.0007,0,0,Low
63,73,154,125,0,114.3289,0.0004,0,0,Low
63,74,153,125,0,113.7771,0.0002,0,0,Low
63,75,152,125,0,115.7568,0.0002,0,0,Low
63,76,151,125,0,114.4899,0.0,0,0,Low
63,77,150,125,0,113.3934,0.0002,0,0,Low
63,78,149,125,0,111.1183,0.0001,0,0,Low
63,79,148,125,0,109.823,0.0006,0,0,Low
63,80,147,125,0,109.0867,0.0014,0,0,Low
63,81,146,125,0,108.3561,0.0005,0,0,Low
63,82,145,125,0,109.3859,0.0001,0,0,Low
63,83,144,125,0,107.6052,0.0012,0,0,Low
63,84,143,125,0,105.3715,0.0014,0,0,Low
63,85,142,125,0,103.746,0.0005,0,0,Low
63,86,141,125,0,104.197,0.0016,0,0,Low
63,87,140,125,0,101.744,0.0111,0,0,Low
63,88,139,125,0,98.8013,0.005,0,0,Low
63,89,138,125,0,100.2971,0.0068,0,0,Low
63,90,137,125,0,97.9744,0.0105,0,0,Low
63,91,136,125,0,99.3227,0.0169,0,0,Low
63,92,135,125,0,98.2624,0.0033,0,0,Low
63,93,134,125,0,94.9006,0.0016,0,0,Low
63,94,133,125,0,92.1095,0.0005,0,0,Low
63,95,132,125,0,92.5,0.0022,0,0,Low
63,96,131,125,0,91.9523,0.0005,0,0,Low
63,97,130,125,0,93.0904,0.0002,0,0,Low
63,98,129,125,0,93.2655,0.0001,0,0,Low
63,99,128,125,0,95.0158,0.0008,0,0,Low
63,100,127,125,0,93.5403,0.0,0,0,Low
63,101,126,125,0,93.1254,0.0001,0,0,Low
63,102,125,125,0,95.3494,0.0001,0,0,Low
63,103,124,124,0,91.4808,0.0003,0,0,Low
63,104,123,123,0,91.7125,0.0002,0,0,Low
63,105,122,122,0,91.0689,0.0003,0,0,Low
63,106,121,121,0,92.2165,0.0003,0,0,Low
63,107,120,120,0,89.3919,0.0001,0,0,Low
63,108,119,119,0,88.2019,0.0005,0,0,Low
63,109,118,118,0,90.0475,0.0003,0,0,Low
63,110,117,117,0,84.5464,0.0006,0,0,Low
63,111,116,116,0,85.012,0.0002,0,0,Low
63,112,115,115,0,81.0264,0.0008,0,0,Low
63,113,114,114,0,86.7956,0.0003,0,0,Low
63,114,113,113,0,82.9868,0.0002,0,0,Low
63,115,112,112,0,86.4379,0.0001,0,0,Low
63,116,111,111,0,87.315,0.0003,0,0,Low
63,117,110,110,0,85.8322,0.0017,0,0,Low
63,118,109,109,0,84.4167,0.0012,0,0,Low
63,119,108,108,0,85.5734,0.0048,0,0,Low
63,120,107,107,0,85.6418,0.0068,0,0,Low
63,121,106,106,0,86.1157,0.0694,0,0,Low
63,122,105,105,0,87.4919,0.0051,0,0,Low
63,123,104,104,0,86.3996,0.0039,0,0,Low
63,124,103,103,0,86.2565,0.0017,0,0,Low
63,125,102,102,0,83.1697,0.0059,0,0,Low
63,126,101,101,0,85.4986,0.0032,0,0,Low
63,127,100,100,0,83.2748,0.0074,0,0,Low
63,128,99,99,0,86.1831,0.0075,0,0,Low
63,129,98,98,0,86.2865,0.0238,0,0,Low
63,130,97,97,0,88.5736,0.0044,0,0,Low
63,131,96,96,0,87.8912,0.0009,0,0,Low
63,132,95,95,0,92.2824,0.0003,0,0,Low
63,133,94,94,0,89.7057,0.0007,0,0,Low
63,134,93,93,0,96.1584,0.0001,0,0,Low
63,135,92,92,0,93.7924,0.0007,0,0,Low
63,136,91,91,0,89.3347,0.0018,0,0,Low
63,137,90,90,0,85.049,0.0121,0,1,Low
63,138,89,89,0,87.2875,0.0038,0,0,Low
63,139,88,88,0,77.2217,0.0583,0,1,Low
63,140,87,87,0,65.7824,0.2643,0,1,Low
63,141,86,86,0,72.2335,0.0249,0,1,Low
63,142,85,85,0,66.3907,0.0328,0,1,Low
63,143,84,84,0,73.208,0.0253,0,1,Low
63,144,83,83,0,75.8196,0.0248,0,1,Low
63,145,82,82,0,83.435,0.0024,0,0,Low
63,146,81,81,0,82.5744,0.0019,0,0,Low
63,147,80,80,0,86.9304,0.003,0,0,Low
63,148,79,79,0,87.3714,0.0015,0,0,Low
63,149,78,78,0,88.6726,0.0003,0,0,Low
63,150,77,77,0,90.3354,0.0021,0,1,Low
63,151,76,76,0,88.3842,0.01,0,1,Low
63,152,75,75,0,77.4541,0.0112,0,1,Low
63,153,74,74,0,70.9703,0.0125,0,1,Low
63,154,73,73,0,73.5946,0.0132,0,1,Low
63,155,72,72,0,67.9441,0.0706,0,1,Low
64,15,181,125,0,122.6444,0.0,0,0,Low
64,16,180,125,0,122.8877,0.0001,0,0,Low
64,17,179,125,0,122.0686,0.0005,0,0,Low
64,18,178,125,0,121.7947,0.0013,0,0,Low
64,19,177,125,0,122.4683,0.0003,0,0,Low
64,20,176,125,0,122.1044,0.0009,0,0,Low
64,21,175,125,0,121.1493,0.0006,0,0,Low
64,22,174,125,0,120.29,0.0,0,0,Low
64,23,173,125,0,121.1461,0.0004,0,0,Low
64,24,172,125,0,121.8078,0.0002,0,0,Low
64,25,171,125,0,121.1917,0.0,0,0,Low
64,26,170,125,0,121.0426,0.0,0,0,Low
64,27,169,125,0,121.5533,0.0,0,0,Low
64,28,168,125,0,122.2161,0.0,0,0,Low
64,29,167,125,0,122.038,0.0,0,0,Low
64,30,166,125,0,122.1475,0.0,0,0,Low
64,31,165,125,0,121.8243,0.0,0,0,Low
64,32,164,125,0,122.049,0.0,0,0,Low
64,33,163,125,0,122.94,0.0,0,0,Low
64,34,162,125,0,123.7435,0.0,0,0,Low
64,35,161,125,0,123.5591,0.0,0,0,Low
64,36,160,125,0,123.1955,0.0,0,0,Low
64,37,159,125,0,123.3679,0.0,0,0,Low
64,38,158,125,0,123.0749,0.0,0,0,Low
64,39,157,125,0,122.8666,0.0,0,0,Low
64,40,156,125,0,122.7009,0.0,0,0,Low
64,41,155,125,0,123.38,0.0,0,0,Low
64,42,154,125,0,122.7474,0.0,0,0,Low
64,43,153,125,0,122.9964,0.0,0,0,Low
64,44,152,125,0,123.3063,0.0001,0,0,Low
64,45,151,125,0,122.4587,0.0,0,0,Low
64,46,150,125,0,122.5134,0.0,0,0,Low
64,47,149,125,0,122.3052,0.0,0,0,Low
64,48,148,125,0,122.1464,0.0,0,0,Low
64,49,147,125,0,121.4597,0.0,0,0,Low
64,50,146,125,0,121.88,0.0,0,0,Low
64,51,145,125,0,121.9763,0.0001,0,0,Low
64,52,144,125,0,121.3349,0.0,0,0,Low
64,53,143,125,0,120.2638,0.0,0,0,Low
64,54,142,125,0,119.3412,0.0,0,0,Low
64,55,141,125,0,119.866,0.0,0,0,Low
64,56,140,125,0,118.2436,0.0,0,0,Low
64,57,139,125,0,119.6648,0.0,0,0,Low
64,58,138,125,0,117.4204,0.0,0,0,Low
64,59,137,125,0,118.282,0.0,0,0,Low
64,60,136,125,0,117.3334,0.0,0,0,Low
64,61,135,125,0,115.926,0.0,0,0,Low
64,62,134,125,0,115.7816,0.0,0,0,Low
64,63,133,125,0,115.4113,0.0001,0,0,Low
64,64,132,125,0,113.55,0.0001,0,0,Low
64,65,131,125,0,113.115,0.0001,0,0,Low
64,66,130,125,0,113.0778,0.0008,0,0,Low
64,67,129,125,0,110.5692,0.0033,0,0,Low
64,68,128,125,0,109.7768,0.0023,0,0,Low
64,69,127,125,0,114.4573,0.0012,0,0,Low
64,70,126,125,0,114.7631,0.0011,0,0,Low
64,71,125,125,0,114.7052,0.0004,0,0,Low
64,72,124,124,0,113.9115,0.0,0,0,Low
64,73,123,123,0,115.2454,0.0,0,0,Low
64,74,122,122,0,111.0439,0.0003,0,0,Low
64,75,121,121,0,110.5185,0.0001,0,0,Low
64,76,120,120,0,111.2018,0.0003,0,0,Low
64,77,119,119,0,111.959,0.0004,0,0,Low
64,78,118,118,0,109.1424,0.0009,0,0,Low
64,79,117,117,0,113.048,0.0006,0,0,Low
64,80,116,116,0,111.4228,0.0001,0,0,Low
64,81,115,115,0,109.8577,0.0001,0,0,Low
64,82,114,114,0,109.9476,0.0001,0,0,Low
64,83,113,113,0,110.4444,0.0,0,0,Low
64,84,112,112,0,107.7235,0.0,0,0,Low
64,85,111,111,0,104.5882,0.0,0,0,Low
64,86,110,110,0,104.3726,0.0,0,0,Low
64,87,109,109,0,104.5215,0.0,0,0,Low
64,88,108,108,0,105.9727,0.0,0,0,Low
64,89,107,107,0,104.2739,0.0,0,0,Low
64,90,106,106,0,101.8636,0.0,0,0,Low
64,91,105,105,0,100.1879,0.0001,0,0,Low
64,92,104,104,0,97.5205,0.001,0,0,Low
64,93,103,103,0,95.7895,0.0002,0,0,Low
64,94,102,102,0,93.4133,0.0032,0,0,Low
64,95,101,101,0,98.1117,0.0015,0,0,Low
64,96,100,100,0,96.3107,0.0013,0,0,Low
64,97,99,99,0,97.1082,0.0001,0,0,Low
64,98,98,98,0,94.5594,0.0003,0,0,Low
64,99,97,97,0,90.2601,0.0034,0,0,Low
64,100,96,96,0,89.2204,0.0005,0,0,Low
64,101,95,95,0,90.9025,0.0002,0,0,Low
64,102,94,94,0,89.0335,0.0001,0,0,Low
64,103,93,93,0,89.1481,0.001,0,0,Low
64,104,92,92,0,92.3409,0.0,0,0,Low
64,105,91,91,0,92.8345,0.0002,0,0,Low
64,106,90,90,0,92.6881,0.0004,0,0,Low
64,107,89,89,0,88.7201,0.0004,0,0,Low
64,108,88,88,0,91.0157,0.0002,0,0,Low
64,109,87,87,0,90.6326,0.0003,0,0,Low
64,110,86,86,0,88.3766,0.0008,0,0,Low
64,111,85,85,0,87.4004,0.0006,0,0,Low
64,112,84,84,0,89.9654,0.0004,0,0,Low
64,113,83,83,0,86.8364,0.0002,0,0,Low
64,114,82,82,0,94.2739,0.0002,0,0,Low
64,115,81,81,0,92.9767,0.0004,0,0,Low
64,116,80,80,0,91.7726,0.0005,0,0,Low
64,117,79,79,0,91.4795,0.0006,0,0,Low
64,118,78,78,0,90.7408,0.0002,0,0,Low
64,119,77,77,0,90.1933,0.0008,0,0,Low
64,120,76,76,0,89.8673,0.0001,0,0,Low
64,121,75,75,0,88.2007,0.0005,0,0,Low
64,122,74,74,0,91.6341,0.0004,0,0,Low
64,123,73,73,0,91.7408,0.0012,0,0,Low
64,124,72,72,0,90.0639,0.0012,0,0,Low
64,125,71,71,0,88.9416,0.0012,0,0,Low
64,126,70,70,0,91.8585,0.0006,0,0,Low
64,127,69,69,0,88.0206,0.0011,0,0,Low
64,128,68,68,0,91.3316,0.0021,0,0,Low
64,129,67,67,0,89.5623,0.0041,0,0,Low
64,130,66,66,0,88.3607,0.0442,0,0,Low
64,131,65,65,0,84.2412,0.0264,0,0,Low
64,132,64,64,0,83.9009,0.0179,0,0,Low
64,133,63,63,0,85.0616,0.015,0,0,Low
64,134,62,62,0,83.22,0.0427,0,0,Low
64,135,61,61,0,83.7906,0.009,0,0,Low
64,136,60,60,0,83.9925,0.007,0,0,Low
64,137,59,59,0,83.119,0.0129,0,0,Low
64,138,58,58,0,84.7241,0.0143,0,0,Low
64,139,57,57,0,85.927,0.0004,0,0,Low
64,140,56,56,0,78.7206,0.0022,0,0,Low
64,141,55,55,0,82.4051,0.0022,0,0,Low
64,142,54,54,0,73.8082,0.0116,0,0,Low
64,143,53,53,0,72.9209,0.0031,0,0,Low
64,144,52,52,0,67.1123,0.1089,0,0,Low
64,145,51,51,0,70.307,0.088,0,0,Low
64,146,50,50,0,69.4763,0.0442,0,0,Low
64,147,49,49,0,75.8464,0.0321,0,0,Low
64,148,48,48,0,83.5019,0.0203,0,0,Low
64,149,47,47,0,80.0314,0.0137,0,0,Low
64,150,46,46,0,66.3024,0.0334,0,1,Low
64,151,45,45,0,68.7372,0.03,0,1,Low
64,152,44,44,0,61.5007,0.063,0,1,Low
64,153,43,43,0,55.4763,0.0368,0,1,Low
64,154,42,42,0,68.1439,0.0234,0,1,Low
64,155,41,41,0,76.8368,0.0065,0,1,Low
64,156,40,40,0,72.6013,0.007,0,1,Low
64,157,39,39,0,65.3215,0.0575,0,1,Low
64,158,38,38,0,62.4283,0.0861,0,1,Low
64,159,37,37,0,58.6943,0.284,0,1,Low
64,160,36,36,0,55.7301,0.4362,0,1,Elevated
64,161,35,35,0,45.603,0.733,0,1,Elevated
64,162,34,34,0,45.0366,0.831,1,1,High
64,163,33,33,0,45.43,0.688,0,1,Elevated
64,164,32,32,0,44.2102,0.7958,0,1,Elevated
64,165,31,31,0,42.0028,0.9138,1,1,High
64,166,30,30,1,40.3073,0.9168,1,1,High
64,167,29,29,1,37.7429,0.9066,1,1,High
64,168,28,28,1,39.4823,0.8254,1,1,High
65,15,184,125,0,124.6289,0.0,0,0,Low
65,16,183,125,0,124.7373,0.0,0,0,Low
65,17,182,125,0,124.6962,0.0,0,0,Low
65,18,181,125,0,124.441,0.0,0,0,Low
65,19,180,125,0,124.645,0.0,0,0,Low
65,20,179,125,0,124.1445,0.0,0,0,Low
65,21,178,125,0,124.3559,0.0,0,0,Low
65,22,177,125,0,123.9685,0.0,0,1,Low
65,23,176,125,0,124.6013,0.0,0,1,Low
65,24,175,125,0,124.6363,0.0,0,0,Low
65,25,174,125,0,124.7514,0.0,0,0,Low
65,26,173,125,0,123.8217,0.0,0,0,Low
65,27,172,125,0,124.2694,0.0,0,0,Low
65,28,171,125,0,124.8041,0.0,0,0,Low
65,29,170,125,0,124.4208,0.0,0,0,Low
65,30,169,125,0,124.3532,0.0,0,0,Low
65,31,168,125,0,124.9141,0.0,0,0,Low
65,32,167,125,0,124.909,0.0,0,0,Low
65,33,166,125,0,124.8708,0.0,0,0,Low
65,34,165,125,0,124.816,0.0,0,0,Low
65,35,164,125,0,124.8178,0.0,0,0,Low
65,36,163,125,0,124.8164,0.0,0,0,Low
65,37,162,125,0,123.8153,0.0,0,0,Low
65,38,161,125,0,122.1304,0.0,0,0,Low
65,39,160,125,0,123.1308,0.0,0,0,Low
65,40,159,125,0,123.1538,0.0,0,0,Low
65,41,158,125,0,122.9294,0.0,0,0,Low
65,42,157,125,0,123.6822,0.0,0,0,Low
65,43,156,125,0,123.0461,0.0,0,0,Low
65,44,155,125,0,123.7622,0.0,0,0,Low
65,45,154,125,0,124.0331,0.0,0,0,Low
65,46,153,125,0,123.8377,0.0,0,0,Low
65,47,152,125,0,123.3673,0.0,0,0,Low
65,48,151,125,0,122.6003,0.0,0,0,Low
65,49,150,125,0,122.9824,0.0,0,0,Low
65,50,149,125,0,123.793,0.0,0,0,Low
65,51,148,125,0,122.7546,0.0,0,0,Low
65,52,147,125,0,123.0517,0.0,0,0,Low
65,53,146,125,0,122.1182,0.0,0,0,Low
65,54,145,125,0,121.5423,0.0,0,0,Low
65,55,144,125,0,121.2634,0.0,0,0,Low
65,56,143,125,0,121.6952,0.0,0,0,Low
65,57,142,125,0,120.8169,0.0,0,0,Low
65,58,141,125,0,120.7074,0.0,0,0,Low
65,59,140,125,0,120.6482,0.0,0,0,Low
65,60,139,125,0,121.4162,0.0,0,0,Low
65,61,138,125,0,120.499,0.0,0,0,Low
65,62,137,125,0,122.0993,0.0,0,0,Low
65,63,136,125,0,122.7337,0.0,0,0,Low
65,64,135,125,0,120.8234,0.0,0,0,Low
65,65,134,125,0,121.0412,0.0,0,0,Low
65,66,133,125,0,122.1036,0.0,0,0,Low
65,67,132,125,0,122.6321,0.0,0,0,Low
65,68,131,125,0,123.0025,0.0,0,0,Low
65,69,130,125,0,123.5569,0.0,0,0,Low
65,70,129,125,0,123.0547,0.0,0,0,Low
65,71,128,125,0,123.0379,0.0,0,0,Low
66,15,146,125,0,120.9904,0.0006,0,0,Low
66,16,145,125,0,120.6929,0.0009,0,0,Low
66,17,144,125,0,120.0302,0.0006,0,0,Low
66,18,143,125,0,121.9705,0.0003,0,0,Low
66,19,142,125,0,121.6715,0.0004,0,0,Low
66,20,141,125,0,121.9418,0.0013,0,0,Low
66,21,140,125,0,121.1664,0.0017,0,0,Low
66,22,139,125,0,122.0295,0.0002,0,0,Low
66,23,138,125,0,121.9334,0.0001,0,0,Low
66,24,137,125,0,122.2772,0.0006,0,0,Low
66,25,136,125,0,120.9445,0.0006,0,0,Low
66,26,135,125,0,119.8485,0.0006,0,0,Low
66,27,134,125,0,120.4472,0.0004,0,0,Low
66,28,133,125,0,118.6476,0.0044,0,0,Low
66,29,132,125,0,118.7861,0.0016,0,0,Low
66,30,131,125,0,118.997,0.0007,0,0,Low
66,31,130,125,0,120.7051,0.0004,0,0,Low
66,32,129,125,0,120.2892,0.0004,0,0,Low
66,33,128,125,0,119.8535,0.0001,0,0,Low
66,34,127,125,0,120.0013,0.0,0,0,Low
66,35,126,125,0,120.1007,0.0,0,0,Low
66,36,125,125,0,119.3233,0.0001,0,0,Low
66,37,124,124,0,118.6863,0.0002,0,0,Low
66,38,123,123,0,118.9708,0.0001,0,0,Low
66,39,122,122,0,118.5288,0.0001,0,0,Low
66,40,121,121,0,118.0133,0.0005,0,0,Low
66,41,120,120,0,117.6501,0.0002,0,0,Low
66,42,119,119,0,116.5743,0.0002,0,0,Low
66,43,118,118,0,117.7774,0.0,0,0,Low
66,44,117,117,0,116.7993,0.0002,0,0,Low
66,45,116,116,0,117.5403,0.0004,0,0,Low
66,46,115,115,0,116.9676,0.0002,0,0,Low
66,47,114,114,0,117.3302,0.0002,0,0,Low
66,48,113,113,0,114.6561,0.0003,0,0,Low
66,49,112,112,0,115.7094,0.0002,0,0,Low
66,50,111,111,0,116.6848,0.0001,0,0,Low
66,51,110,110,0,117.2465,0.0001,0,0,Low
66,52,109,109,0,115.3185,0.0003,0,0,Low
66,53,108,108,0,115.0112,0.0009,0,0,Low
66,54,107,107,0,112.2049,0.0008,0,0,Low
66,55,106,106,0,115.1808,0.0002,0,0,Low
66,56,105,105,0,113.533,0.0002,0,0,Low
66,57,104,104,0,112.3911,0.0005,0,0,Low
66,58,103,103,0,114.4397,0.0001,0,0,Low
66,59,102,102,0,109.4326,0.0003,0,0,Low
66,60,101,101,0,111.6282,0.0011,0,0,Low
66,61,100,100,0,112.0609,0.0002,0,0,Low
66,62,99,99,0,109.5535,0.0004,0,0,Low
66,63,98,98,0,110.7149,0.0025,0,0,Low
66,64,97,97,0,111.0698,0.0006,0,0,Low
66,65,96,96,0,110.097,0.0026,0,0,Low
66,66,95,95,0,107.8243,0.0014,0,0,Low
66,67,94,94,0,106.3534,0.0028,0,0,Low
66,68,93,93,0,102.8791,0.0011,0,0,Low
66,69,92,92,0,100.4216,0.0038,0,0,Low
66,70,91,91,0,100.4838,0.0008,0,0,Low
66,71,90,90,0,99.6228,0.0039,0,0,Low
66,72,89,89,0,97.3955,0.0008,0,0,Low
66,73,88,88,0,100.5594,0.0063,0,0,Low
66,74,87,87,0,100.3224,0.0087,0,0,Low
66,75,86,86,0,97.3519,0.0052,0,0,Low
66,76,85,85,0,98.8425,0.0012,0,0,Low
66,77,84,84,0,99.1041,0.0033,0,0,Low
66,78,83,83,0,98.8493,0.0005,0,0,Low
66,79,82,82,0,95.7803,0.0005,0,0,Low
66,80,81,81,0,91.7888,0.0025,0,0,Low
66,81,80,80,0,92.1256,0.0027,0,0,Low
66,82,79,79,0,88.4637,0.0011,0,0,Low
66,83,78,78,0,85.1297,0.0005,0,0,Low
66,84,77,77,0,81.2286,0.0009,0,0,Low
66,85,76,76,0,86.0997,0.0002,0,0,Low
66,86,75,75,0,84.4046,0.0003,0,0,Low
66,87,74,74,0,81.6924,0.0003,0,0,Low
66,88,73,73,0,84.1473,0.003,0,0,Low
66,89,72,72,0,79.7505,0.0057,0,0,Low
66,90,71,71,0,78.0031,0.0082,0,0,Low
66,91,70,70,0,70.9276,0.0055,0,0,Low
66,92,69,69,0,70.2613,0.006,0,0,Low
66,93,68,68,0,65.7463,0.0026,0,0,Low
66,94,67,67,0,63.6651,0.009,0,0,Low
66,95,66,66,0,62.0658,0.0039,0,0,Low
66,96,65,65,0,63.5355,0.005,0,0,Low
66,97,64,64,0,62.7129,0.003,0,0,Low
66,98,63,63,0,66.9771,0.0005,0,0,Low
66,99,62,62,0,67.4368,0.0002,0,0,Low
66,100,61,61,0,65.7531,0.0003,0,0,Low
66,101,60,60,0,64.4442,0.0008,0,0,Low
66,102,59,59,0,59.8145,0.0015,0,1,Low
66,103,58,58,0,62.306,0.0087,0,1,Low
66,104,57,57,0,57.7308,0.0043,0,0,Low
66,105,56,56,0,56.4412,0.0113,0,0,Low
66,106,55,55,0,50.9904,0.0128,0,1,Low
66,107,54,54,0,57.0879,0.0075,0,1,Low
66,108,53,53,0,53.0213,0.0018,0,1,Low
66,109,52,52,0,51.943,0.0036,0,0,Low
66,110,51,51,0,50.503,0.0255,0,1,Low
66,111,50,50,0,54.7141,0.0079,0,1,Low
66,112,49,49,0,51.8647,0.0256,0,1,Low
66,113,48,48,0,49.2948,0.178,0,1,Low
66,114,47,47,0,48.7169,0.8461,1,1,High
66,115,46,46,0,48.2234,0.7289,0,1,Elevated
66,116,45,45,0,47.8028,0.3693,0,1,Low
66,117,44,44,0,44.8261,0.8627,1,1,High
66,118,43,43,0,43.6657,0.9285,1,1,High
66,119,42,42,0,42.1931,0.8589,1,1,High
66,120,41,41,0,42.3835,0.925,1,1,High
66,121,40,40,0,39.4681,0.9969,1,1,High
66,122,39,39,0,36.9679,0.9917,1,1,High
66,123,38,38,0,39.8121,0.8493,1,1,High
66,124,37,37,0,39.3448,0.7937,0,1,Elevated
66,125,36,36,0,38.0639,0.6303,0,1,Elevated
66,126,35,35,0,38.1927,0.4296,0,1,Elevated
66,127,34,34,0,37.1578,0.2648,0,1,Low
66,128,33,33,0,36.0888,0.1709,0,1,Low
66,129,32,32,0,34.7277,0.7836,0,1,Elevated
66,130,31,31,0,33.4297,0.8089,1,1,High
66,131,30,30,1,32.4958,0.3857,0,1,Low
66,132,29,29,1,31.6084,0.2795,0,1,Low
66,133,28,28,1,32.8551,0.5211,0,1,Elevated
66,134,27,27,1,31.2677,0.7082,0,1,Elevated
66,135,26,26,1,28.7908,0.6044,0,1,Elevated
66,136,25,25,1,28.4109,0.7863,0,1,Elevated
66,137,24,24,1,28.4384,0.9733,1,1,High
66,138,23,23,1,26.6382,0.9964,1,1,High
66,139,22,22,1,25.5627,0.9964,1,1,High
66,140,21,21,1,25.3907,0.9976,1,1,High
66,141,20,20,1,24.5109,0.9955,1,1,High
66,142,19,19,1,24.2967,0.9939,1,1,High
66,143,18,18,1,22.97,0.9891,1,1,High
66,144,17,17,1,20.4935,0.9969,1,1,High
66,145,16,16,1,19.4345,0.9993,1,1,High
66,146,15,15,1,18.6698,0.9996,1,1,High
66,147,14,14,1,16.4884,0.9998,1,1,High
67,15,133,125,0,121.0332,0.0,0,0,Low
67,16,132,125,0,121.4979,0.0,0,0,Low
67,17,131,125,0,120.7557,0.0,0,0,Low
67,18,130,125,0,121.0795,0.0,0,0,Low
67,19,129,125,0,120.113,0.0,0,0,Low
67,20,128,125,0,120.8604,0.0,0,0,Low
67,21,127,125,0,120.336,0.0,0,0,Low
67,22,126,125,0,120.5593,0.0,0,0,Low
67,23,125,125,0,120.5621,0.0,0,0,Low
67,24,124,124,0,120.6198,0.0001,0,0,Low
67,25,123,123,0,120.4461,0.0,0,0,Low
67,26,122,122,0,121.3981,0.0,0,0,Low
67,27,121,121,0,123.0933,0.0,0,0,Low
67,28,120,120,0,122.8753,0.0,0,0,Low
67,29,119,119,0,121.9106,0.0,0,0,Low
67,30,118,118,0,121.0864,0.0,0,0,Low
67,31,117,117,0,121.1147,0.0,0,0,Low
67,32,116,116,0,121.9539,0.0001,0,0,Low
67,33,115,115,0,121.4392,0.0,0,0,Low
67,34,114,114,0,121.9944,0.0,0,0,Low
67,35,113,113,0,121.5272,0.0,0,0,Low
67,36,112,112,0,121.9094,0.0,0,0,Low
67,37,111,111,0,121.0931,0.0,0,0,Low
67,38,110,110,0,120.5711,0.0,0,0,Low
67,39,109,109,0,120.0172,0.0002,0,0,Low
67,40,108,108,0,119.4987,0.0005,0,0,Low
67,41,107,107,0,120.6692,0.0003,0,0,Low
67,42,106,106,0,120.5336,0.0001,0,0,Low
67,43,105,105,0,121.6353,0.0,0,0,Low
67,44,104,104,0,121.099,0.0,0,0,Low
67,45,103,103,0,121.4716,0.0,0,0,Low
67,46,102,102,0,121.5143,0.0001,0,0,Low
67,47,101,101,0,121.5577,0.0002,0,0,Low
67,48,100,100,0,121.9309,0.0002,0,0,Low
67,49,99,99,0,121.51,0.0,0,0,Low
67,50,98,98,0,121.5333,0.0,0,0,Low
67,51,97,97,0,120.2495,0.0,0,0,Low
67,52,96,96,0,120.7716,0.0,0,0,Low
67,53,95,95,0,120.7417,0.0,0,0,Low
67,54,94,94,0,120.1048,0.0,0,0,Low
67,55,93,93,0,119.4401,0.0,0,0,Low
67,56,92,92,0,119.8413,0.0,0,0,Low
67,57,91,91,0,119.941,0.0,0,0,Low
67,58,90,90,0,118.9783,0.0001,0,0,Low
67,59,89,89,0,117.9421,0.0001,0,0,Low
67,60,88,88,0,116.3637,0.0001,0,0,Low
67,61,87,87,0,115.2411,0.0001,0,0,Low
67,62,86,86,0,115.7622,0.0,0,0,Low
67,63,85,85,0,114.0992,0.0,0,0,Low
67,64,84,84,0,112.7897,0.0001,0,0,Low
67,65,83,83,0,115.2011,0.0,0,0,Low
67,66,82,82,0,114.2801,0.0,0,0,Low
67,67,81,81,0,111.3827,0.0,0,0,Low
67,68,80,80,0,110.5285,0.0,0,0,Low
67,69,79,79,0,110.9246,0.0,0,0,Low
67,70,78,78,0,111.3939,0.0,0,0,Low
67,71,77,77,0,111.08,0.0,0,0,Low
68,15,180,125,0,122.834,0.0,0,0,Low
68,16,179,125,0,122.4337,0.0,0,0,Low
68,17,178,125,0,122.4794,0.0,0,0,Low
68,18,177,125,0,122.5624,0.0,0,0,Low
68,19,176,125,0,122.4758,0.0,0,0,Low
68,20,175,125,0,123.0528,0.0,0,0,Low
68,21,174,125,0,122.7189,0.0,0,0,Low
68,22,173,125,0,122.7962,0.0,0,0,Low
68,23,172,125,0,122.4833,0.0,0,0,Low
68,24,171,125,0,122.5287,0.0,0,0,Low
68,25,170,125,0,122.4399,0.0,0,0,Low
68,26,169,125,0,122.9686,0.0,0,0,Low
68,27,168,125,0,123.5533,0.0,0,0,Low
68,28,167,125,0,123.3177,0.0,0,0,Low
68,29,166,125,0,123.368,0.0,0,0,Low
68,30,165,125,0,122.8354,0.0001,0,0,Low
68,31,164,125,0,121.8361,0.0002,0,0,Low
68,32,163,125,0,122.4509,0.0,0,0,Low
68,33,162,125,0,122.6135,0.0,0,0,Low
68,34,161,125,0,122.6843,0.0,0,0,Low
68,35,160,125,0,121.8606,0.0,0,0,Low
68,36,159,125,0,122.3612,0.0,0,0,Low
68,37,158,125,0,122.1551,0.0,0,0,Low
68,38,157,125,0,122.1787,0.0,0,0,Low
68,39,156,125,0,121.7147,0.0,0,0,Low
68,40,155,125,0,121.136,0.0,0,0,Low
68,41,154,125,0,121.9272,0.0,0,0,Low
68,42,153,125,0,121.1869,0.0,0,0,Low
68,43,152,125,0,121.366,0.0,0,0,Low
68,44,151,125,0,120.2314,0.0,0,0,Low
68,45,150,125,0,120.9333,0.0,0,0,Low
68,46,149,125,0,121.0519,0.0,0,0,Low
68,47,148,125,0,120.5199,0.0,0,0,Low
68,48,147,125,0,121.0803,0.0,0,0,Low
68,49,146,125,0,120.7371,0.0,0,0,Low
68,50,145,125,0,119.9329,0.0,0,0,Low
68,51,144,125,0,118.8546,0.0,0,0,Low
68,52,143,125,0,119.5717,0.0,0,0,Low
68,53,142,125,0,119.9837,0.0,0,0,Low
68,54,141,125,0,118.5131,0.0,0,0,Low
68,55,140,125,0,117.9234,0.0,0,0,Low
68,56,139,125,0,117.8977,0.0,0,0,Low
68,57,138,125,0,118.9189,0.0,0,0,Low
68,58,137,125,0,118.9499,0.0,0,0,Low
68,59,136,125,0,118.2117,0.0,0,0,Low
68,60,135,125,0,117.1659,0.0,0,0,Low
68,61,134,125,0,117.83,0.0,0,0,Low
68,62,133,125,0,115.5758,0.0001,0,0,Low
68,63,132,125,0,116.4223,0.0,0,0,Low
68,64,131,125,0,117.9146,0.0001,0,0,Low
68,65,130,125,0,117.9178,0.0,0,0,Low
68,66,129,125,0,116.8205,0.0,0,0,Low
68,67,128,125,0,117.6041,0.0,0,0,Low
68,68,127,125,0,117.4767,0.0,0,0,Low
68,69,126,125,0,115.3964,0.0,0,0,Low
68,70,125,125,0,112.6113,0.0,0,0,Low
68,71,124,124,0,110.5728,0.0,0,0,Low
68,72,123,123,0,110.8092,0.0,0,0,Low
68,73,122,122,0,111.3406,0.0,0,0,Low
68,74,121,121,0,112.3945,0.0,0,0,Low
68,75,120,120,0,112.29,0.0,0,0,Low
68,76,119,119,0,112.3182,0.0,0,0,Low
68,77,118,118,0,110.8387,0.0,0,0,Low
68,78,117,117,0,110.3206,0.0,0,0,Low
68,79,116,116,0,107.2484,0.0,0,0,Low
68,80,115,115,0,107.0321,0.0,0,0,Low
68,81,114,114,0,107.2003,0.0,0,0,Low
68,82,113,113,0,106.4528,0.0,0,0,Low
68,83,112,112,0,106.0854,0.0,0,0,Low
68,84,111,111,0,106.9286,0.0,0,0,Low
68,85,110,110,0,107.6196,0.0,0,0,Low
68,86,109,109,0,105.961,0.0,0,0,Low
68,87,108,108,0,106.83,0.0,0,0,Low
68,88,107,107,0,105.0376,0.0,0,0,Low
68,89,106,106,0,105.0864,0.0,0,0,Low
68,90,105,105,0,102.0278,0.0,0,0,Low
68,91,104,104,0,103.5353,0.0,0,0,Low
68,92,103,103,0,102.7824,0.0,0,0,Low
68,93,102,102,0,105.4241,0.0,0,0,Low
68,94,101,101,0,103.8392,0.0,0,0,Low
68,95,100,100,0,101.3782,0.0,0,0,Low
68,96,99,99,0,100.0515,0.0,0,0,Low
68,97,98,98,0,97.893,0.0,0,0,Low
68,98,97,97,0,95.2092,0.0,0,0,Low
68,99,96,96,0,95.9448,0.0001,0,0,Low
68,100,95,95,0,96.4683,0.0,0,0,Low
68,101,94,94,0,92.4213,0.0005,0,0,Low
68,102,93,93,0,87.5919,0.001,0,0,Low
68,103,92,92,0,88.4423,0.0002,0,0,Low
68,104,91,91,0,94.9166,0.0002,0,0,Low
68,105,90,90,0,95.559,0.0005,0,0,Low
68,106,89,89,0,98.1235,0.0,0,0,Low
68,107,88,88,0,99.4304,0.0,0,0,Low
68,108,87,87,0,99.6121,0.0,0,0,Low
68,109,86,86,0,97.1784,0.0,0,0,Low
68,110,85,85,0,99.0477,0.0001,0,0,Low
68,111,84,84,0,102.2661,0.0001,0,0,Low
68,112,83,83,0,98.0207,0.0003,0,0,Low
68,113,82,82,0,102.4489,0.0002,0,0,Low
68,114,81,81,0,98.3656,0.0009,0,0,Low
68,115,80,80,0,97.6945,0.0006,0,0,Low
68,116,79,79,0,99.7635,0.002,0,0,Low
68,117,78,78,0,98.6451,0.0005,0,0,Low
68,118,77,77,0,101.0865,0.0006,0,0,Low
68,119,76,76,0,92.4215,0.003,0,0,Low
68,120,75,75,0,90.2454,0.0017,0,0,Low
68,121,74,74,0,89.3411,0.0022,0,0,Low
68,122,73,73,0,89.2749,0.004,0,0,Low
68,123,72,72,0,90.49,0.0013,0,0,Low
68,124,71,71,0,91.5611,0.0023,0,0,Low
68,125,70,70,0,93.8632,0.0005,0,0,Low
68,126,69,69,0,92.3491,0.0004,0,0,Low
68,127,68,68,0,93.798,0.0005,0,0,Low
68,128,67,67,0,90.0247,0.0018,0,0,Low
68,129,66,66,0,91.4314,0.002,0,0,Low
68,130,65,65,0,87.8636,0.0043,0,0,Low
68,131,64,64,0,87.4678,0.0036,0,0,Low
68,132,63,63,0,89.3438,0.002,0,0,Low
68,133,62,62,0,85.8345,0.0031,0,0,Low
68,134,61,61,0,87.3068,0.0003,0,0,Low
68,135,60,60,0,90.9639,0.0004,0,0,Low
68,136,59,59,0,91.6242,0.0014,0,0,Low
68,137,58,58,0,86.3049,0.0031,0,0,Low
68,138,57,57,0,83.0586,0.0081,0,0,Low
68,139,56,56,0,79.9616,0.0042,0,0,Low
68,140,55,55,0,80.8201,0.008,0,0,Low
68,141,54,54,0,82.102,0.0065,0,0,Low
68,142,53,53,0,90.1669,0.0002,0,0,Low
68,143,52,52,0,89.3949,0.0002,0,0,Low
68,144,51,51,0,88.1374,0.0013,0,0,Low
68,145,50,50,0,86.0845,0.0047,0,0,Low
68,146,49,49,0,91.3967,0.0025,0,0,Low
68,147,48,48,0,76.2361,0.0369,0,0,Low
68,148,47,47,0,69.8734,0.1349,0,1,Low
68,149,46,46,0,65.2008,0.0595,0,1,Low
68,150,45,45,0,65.4861,0.0177,0,1,Low
68,151,44,44,0,71.7682,0.0133,0,1,Low
68,152,43,43,0,72.9628,0.0114,0,1,Low
68,153,42,42,0,73.9555,0.0322,0,1,Low
68,154,41,41,0,74.8412,0.0265,0,1,Low
68,155,40,40,0,67.2329,0.0073,0,1,Low
68,156,39,39,0,65.315,0.1665,0,1,Low
68,157,38,38,0,68.8021,0.1352,0,1,Low
68,158,37,37,0,67.7452,0.0176,0,1,Low
68,159,36,36,0,66.7604,0.0435,0,1,Low
68,160,35,35,0,64.1958,0.122,0,1,Low
68,161,34,34,0,66.8532,0.117,0,1,Low
68,162,33,33,0,63.2393,0.1636,0,1,Low
68,163,32,32,0,62.2511,0.094,0,1,Low
68,164,31,31,0,52.9512,0.3181,0,1,Low
68,165,30,30,1,54.5182,0.2506,0,1,Low
68,166,29,29,1,50.2944,0.2013,0,1,Low
68,167,28,28,1,51.96,0.2045,0,1,Low
68,168,27,27,1,43.0751,0.5821,0,1,Elevated
68,169,26,26,1,42.1183,0.6424,0,1,Elevated
68,170,25,25,1,44.3911,0.4396,0,1,Elevated
68,171,24,24,1,41.9668,0.773,0,1,Elevated
68,172,23,23,1,37.1943,0.8495,1,1,High
68,173,22,22,1,32.3505,0.9796,1,1,High
68,174,21,21,1,28.1558,0.998,1,1,High
68,175,20,20,1,22.3964,0.9977,1,1,High
68,176,19,19,1,24.7346,0.9918,1,1,High
68,177,18,18,1,20.9932,0.9992,1,1,High
68,178,17,17,1,22.084,0.9957,1,1,High
68,179,16,16,1,24.9289,0.9642,1,1,High
68,180,15,15,1,22.3477,0.9967,1,1,High
68,181,14,14,1,18.4317,0.9973,1,1,High
68,182,13,13,1,19.0493,0.9961,1,1,High
68,183,12,12,1,16.375,0.9965,1,1,High
68,184,11,11,1,12.6466,0.9998,1,1,High
68,185,10,10,1,13.5089,0.9997,1,1,High
68,186,9,9,1,12.4433,0.9999,1,1,High
68,187,8,8,1,12.1249,0.9997,1,1,High
69,15,160,125,0,123.6609,0.0,0,0,Low
69,16,159,125,0,123.4164,0.0,0,0,Low
69,17,158,125,0,123.6321,0.0,0,0,Low
69,18,157,125,0,123.6953,0.0,0,0,Low
69,19,156,125,0,123.6442,0.0001,0,0,Low
69,20,155,125,0,122.6217,0.0009,0,0,Low
69,21,154,125,0,122.846,0.0002,0,0,Low
69,22,153,125,0,122.6868,0.0001,0,0,Low
69,23,152,125,0,122.9272,0.0007,0,0,Low
69,24,151,125,0,122.7549,0.0003,0,0,Low
69,25,150,125,0,122.2454,0.0001,0,0,Low
69,26,149,125,0,122.1222,0.0001,0,0,Low
69,27,148,125,0,121.4926,0.0001,0,0,Low
69,28,147,125,0,121.2293,0.0001,0,0,Low
69,29,146,125,0,121.5826,0.0,0,0,Low
69,30,145,125,0,121.7984,0.0,0,0,Low
69,31,144,125,0,121.7377,0.0001,0,0,Low
69,32,143,125,0,121.0903,0.0,0,0,Low
69,33,142,125,0,120.6702,0.0,0,0,Low
69,34,141,125,0,120.7544,0.0,0,0,Low
69,35,140,125,0,121.7844,0.0,0,0,Low
69,36,139,125,0,123.3086,0.0,0,0,Low
69,37,138,125,0,123.0823,0.0,0,0,Low
69,38,137,125,0,122.9136,0.0,0,0,Low
69,39,136,125,0,123.8671,0.0001,0,0,Low
69,40,135,125,0,124.0718,0.0,0,0,Low
69,41,134,125,0,123.746,0.0,0,0,Low
69,42,133,125,0,123.2125,0.0,0,0,Low
69,43,132,125,0,124.1337,0.0,0,0,Low
69,44,131,125,0,124.0454,0.0,0,0,Low
69,45,130,125,0,123.312,0.0,0,0,Low
69,46,129,125,0,123.4269,0.0,0,0,Low
69,47,128,125,0,123.4027,0.0001,0,0,Low
69,48,127,125,0,123.0034,0.0001,0,0,Low
69,49,126,125,0,123.0613,0.0001,0,0,Low
69,50,125,125,0,123.0482,0.0001,0,0,Low
69,51,124,124,0,123.2375,0.0001,0,0,Low
69,52,123,123,0,122.8909,0.0,0,0,Low
69,53,122,122,0,122.5149,0.0,0,0,Low
69,54,121,121,0,121.3917,0.0,0,0,Low
70,15,231,125,0,122.4201,0.0,0,0,Low
70,16,230,125,0,121.8913,0.0001,0,0,Low
70,17,229,125,0,122.296,0.0001,0,0,Low
70,18,228,125,0,122.5316,0.0,0,0,Low
70,19,227,125,0,123.0877,0.0,0,0,Low
70,20,226,125,0,123.0396,0.0006,0,0,Low
70,21,225,125,0,122.0225,0.0002,0,0,Low
70,22,224,125,0,121.988,0.0002,0,0,Low
70,23,223,125,0,121.6738,0.0,0,0,Low
70,24,222,125,0,122.5947,0.0,0,0,Low
70,25,221,125,0,122.869,0.0001,0,0,Low
70,26,220,125,0,123.6647,0.0001,0,0,Low
70,27,219,125,0,124.0216,0.0002,0,0,Low
70,28,218,125,0,124.0428,0.0002,0,0,Low
70,29,217,125,0,124.4235,0.0014,0,0,Low
70,30,216,125,0,124.3961,0.0001,0,0,Low
70,31,215,125,0,124.3957,0.0001,0,0,Low
70,32,214,125,0,124.2997,0.0,0,0,Low
70,33,213,125,0,124.2361,0.0,0,0,Low
70,34,212,125,0,124.244,0.0,0,0,Low
70,35,211,125,0,124.2208,0.0,0,0,Low
70,36,210,125,0,124.3149,0.0,0,0,Low
70,37,209,125,0,124.2415,0.0,0,0,Low
70,38,208,125,0,124.0691,0.0,0,0,Low
70,39,207,125,0,123.5958,0.0,0,0,Low
70,40,206,125,0,122.9269,0.0001,0,0,Low
70,41,205,125,0,122.8643,0.0,0,0,Low
70,42,204,125,0,122.2945,0.0,0,0,Low
70,43,203,125,0,120.9227,0.0001,0,0,Low
70,44,202,125,0,121.292,0.0001,0,0,Low
70,45,201,125,0,121.2448,0.0001,0,0,Low
70,46,200,125,0,120.7282,0.0,0,0,Low
70,47,199,125,0,120.8363,0.0,0,0,Low
70,48,198,125,0,120.7747,0.0001,0,0,Low
70,49,197,125,0,121.3414,0.0001,0,0,Low
70,50,196,125,0,120.6032,0.0001,0,0,Low
70,51,195,125,0,120.1407,0.0003,0,0,Low
70,52,194,125,0,120.335,0.0,0,0,Low
70,53,193,125,0,120.6881,0.0,0,0,Low
70,54,192,125,0,120.6278,0.0,0,0,Low
70,55,191,125,0,120.8144,0.0,0,0,Low
70,56,190,125,0,118.1683,0.0,0,0,Low
70,57,189,125,0,119.1227,0.0,0,0,Low
70,58,188,125,0,119.2579,0.0,0,0,Low
70,59,187,125,0,118.591,0.0,0,0,Low
70,60,186,125,0,117.4489,0.0,0,0,Low
70,61,185,125,0,117.8213,0.0,0,0,Low
70,62,184,125,0,119.1806,0.0001,0,0,Low
70,63,183,125,0,118.1173,0.0003,0,0,Low
70,64,182,125,0,117.2751,0.0004,0,0,Low
70,65,181,125,0,116.3499,0.0003,0,0,Low
70,66,180,125,0,116.779,0.0013,0,0,Low
70,67,179,125,0,116.8966,0.0001,0,0,Low
70,68,178,125,0,117.8465,0.0001,0,0,Low
70,69,177,125,0,117.3089,0.0,0,0,Low
70,70,176,125,0,117.6676,0.0,0,0,Low
70,71,175,125,0,118.4171,0.0,0,0,Low
70,72,174,125,0,118.9896,0.0001,0,0,Low
70,73,173,125,0,118.7703,0.0,0,0,Low
70,74,172,125,0,114.6891,0.0001,0,0,Low
70,75,171,125,0,113.1135,0.0002,0,0,Low
70,76,170,125,0,113.1802,0.0001,0,0,Low
70,77,169,125,0,111.7881,0.0001,0,0,Low
70,78,168,125,0,110.064,0.0,0,0,Low
70,79,167,125,0,112.0047,0.0001,0,0,Low
70,80,166,125,0,112.5208,0.0,0,0,Low
70,81,165,125,0,112.506,0.0,0,0,Low
70,82,164,125,0,110.5144,0.0,0,0,Low
70,83,163,125,0,109.7811,0.0,0,0,Low
70,84,162,125,0,109.6448,0.0,0,0,Low
70,85,161,125,0,103.451,0.0,0,0,Low
70,86,160,125,0,103.7053,0.0001,0,0,Low
70,87,159,125,0,103.5137,0.0,0,0,Low
70,88,158,125,0,99.3093,0.0,0,0,Low
70,89,157,125,0,98.993,0.0,0,0,Low
70,90,156,125,0,100.756,0.0001,0,0,Low
70,91,155,125,0,99.5924,0.0,0,0,Low
70,92,154,125,0,100.2646,0.0001,0,0,Low
70,93,153,125,0,100.3708,0.0,0,0,Low
70,94,152,125,0,98.0659,0.0003,0,0,Low
70,95,151,125,0,97.3439,0.0,0,0,Low
70,96,150,125,0,96.7002,0.0,0,0,Low
70,97,149,125,0,96.1416,0.0,0,0,Low
70,98,148,125,0,95.0126,0.0,0,0,Low
70,99,147,125,0,95.7576,0.0,0,0,Low
70,100,146,125,0,94.9968,0.0001,0,0,Low
70,101,145,125,0,93.982,0.0001,0,0,Low
70,102,144,125,0,96.2901,0.0,0,0,Low
70,103,143,125,0,96.2514,0.0,0,0,Low
70,104,142,125,0,95.3188,0.0,0,0,Low
70,105,141,125,0,95.0756,0.0,0,0,Low
70,106,140,125,0,94.9462,0.0,0,0,Low
70,107,139,125,0,95.8729,0.0,0,0,Low
70,108,138,125,0,95.0773,0.0001,0,0,Low
70,109,137,125,0,92.142,0.0009,0,0,Low
70,110,136,125,0,93.6026,0.0016,0,0,Low
70,111,135,125,0,90.8748,0.0026,0,0,Low
70,112,134,125,0,93.3966,0.001,0,0,Low
70,113,133,125,0,87.2927,0.0007,0,0,Low
70,114,132,125,0,88.9627,0.0004,0,0,Low
70,115,131,125,0,91.0027,0.0,0,0,Low
70,116,130,125,0,92.8951,0.0,0,0,Low
70,117,129,125,0,90.3534,0.0001,0,0,Low
70,118,128,125,0,93.1395,0.0001,0,0,Low
70,119,127,125,0,94.0385,0.0004,0,0,Low
70,120,126,125,0,93.3665,0.0002,0,0,Low
70,121,125,125,0,89.2542,0.0003,0,0,Low
70,122,124,124,0,90.3885,0.0007,0,0,Low
70,123,123,123,0,89.345,0.0012,0,0,Low
70,124,122,122,0,91.848,0.0001,0,0,Low
70,125,121,121,0,89.6541,0.0024,0,0,Low
70,126,120,120,0,91.0721,0.0037,0,0,Low
70,127,119,119,0,89.5004,0.0016,0,0,Low
70,128,118,118,0,89.2084,0.0011,0,0,Low
70,129,117,117,0,88.8451,0.0009,0,0,Low
70,130,116,116,0,90.3339,0.001,0,0,Low
70,131,115,115,0,86.6141,0.0017,0,0,Low
70,132,114,114,0,88.1051,0.0005,0,0,Low
70,133,113,113,0,89.4751,0.0004,0,0,Low
70,134,112,112,0,88.6901,0.0059,0,0,Low
70,135,111,111,0,91.8514,0.0016,0,0,Low
70,136,110,110,0,92.5843,0.0013,0,0,Low
70,137,109,109,0,92.9413,0.0003,0,0,Low
70,138,108,108,0,91.7486,0.0002,0,0,Low
70,139,107,107,0,90.8393,0.0002,0,0,Low
70,140,106,106,0,88.4555,0.0004,0,0,Low
70,141,105,105,0,91.8139,0.0004,0,0,Low
70,142,104,104,0,88.2567,0.003,0,0,Low
70,143,103,103,0,81.2575,0.0106,0,0,Low
70,144,102,102,0,89.5465,0.003,0,0,Low
70,145,101,101,0,90.5064,0.0004,0,0,Low
70,146,100,100,0,90.3989,0.0007,0,0,Low
70,147,99,99,0,93.3222,0.0003,0,0,Low
70,148,98,98,0,91.6921,0.0,0,0,Low
70,149,97,97,0,89.8937,0.0,0,0,Low
70,150,96,96,0,84.3725,0.0,0,0,Low
70,151,95,95,0,86.7172,0.0001,0,0,Low
70,152,94,94,0,94.3426,0.0001,0,0,Low
71,15,171,125,0,122.4555,0.0,0,0,Low
71,16,170,125,0,122.2501,0.0,0,0,Low
71,17,169,125,0,122.19,0.0,0,0,Low
71,18,168,125,0,122.2703,0.0,0,0,Low
71,19,167,125,0,120.8037,0.0,0,0,Low
71,20,166,125,0,121.8994,0.0,0,0,Low
71,21,165,125,0,122.0526,0.0,0,0,Low
71,22,164,125,0,121.8242,0.0,0,0,Low
71,23,163,125,0,121.8712,0.0,0,0,Low
71,24,162,125,0,122.1674,0.0,0,0,Low
71,25,161,125,0,122.4587,0.0,0,0,Low
71,26,160,125,0,122.7475,0.0,0,0,Low
71,27,159,125,0,121.3742,0.0,0,0,Low
71,28,158,125,0,121.6024,0.0,0,0,Low
71,29,157,125,0,121.6027,0.0,0,0,Low
71,30,156,125,0,121.185,0.0,0,0,Low
71,31,155,125,0,120.0469,0.0,0,0,Low
71,32,154,125,0,121.4275,0.0,0,0,Low
71,33,153,125,0,121.7746,0.0,0,0,Low
71,34,152,125,0,121.3632,0.0,0,0,Low
71,35,151,125,0,120.7534,0.0,0,0,Low
71,36,150,125,0,121.6151,0.0,0,0,Low
71,37,149,125,0,121.527,0.0,0,0,Low
71,38,148,125,0,121.2097,0.0,0,0,Low
71,39,147,125,0,121.889,0.0,0,0,Low
71,40,146,125,0,122.0059,0.0,0,0,Low
71,41,145,125,0,121.8318,0.0,0,0,Low
71,42,144,125,0,121.3317,0.0,0,0,Low
71,43,143,125,0,119.4652,0.0,0,0,Low
71,44,142,125,0,119.8039,0.0,0,0,Low
71,45,141,125,0,118.9106,0.0,0,0,Low
71,46,140,125,0,117.3069,0.0,0,0,Low
71,47,139,125,0,116.7175,0.0001,0,0,Low
71,48,138,125,0,116.749,0.0,0,0,Low
71,49,137,125,0,116.5588,0.0,0,0,Low
71,50,136,125,0,116.026,0.0,0,0,Low
71,51,135,125,0,115.0989,0.0,0,0,Low
71,52,134,125,0,113.3309,0.0,0,0,Low
71,53,133,125,0,114.7261,0.0001,0,0,Low
71,54,132,125,0,114.6899,0.0,0,0,Low
71,55,131,125,0,113.4615,0.0,0,0,Low
71,56,130,125,0,114.3373,0.0001,0,0,Low
71,57,129,125,0,113.0638,0.0,0,0,Low
71,58,128,125,0,113.8132,0.0,0,0,Low
71,59,127,125,0,113.4258,0.0,0,0,Low
71,60,126,125,0,110.9383,0.0,0,0,Low
71,61,125,125,0,111.5625,0.0,0,0,Low
71,62,124,124,0,107.3761,0.0,0,0,Low
71,63,123,123,0,108.1309,0.0,0,0,Low
71,64,122,122,0,106.1182,0.0001,0,0,Low
71,65,121,121,0,109.6531,0.0001,0,0,Low
71,66,120,120,0,106.6907,0.0,0,0,Low
71,67,119,119,0,108.6157,0.0001,0,0,Low
71,68,118,118,0,107.4835,0.0,0,0,Low
72,15,166,125,0,121.6506,0.0,0,0,Low
72,16,165,125,0,120.8449,0.0,0,0,Low
72,17,164,125,0,120.0175,0.0,0,0,Low
72,18,163,125,0,119.458,0.0,0,0,Low
72,19,162,125,0,120.4218,0.0,0,0,Low
72,20,161,125,0,120.2995,0.0,0,0,Low
72,21,160,125,0,120.435,0.0,0,0,Low
72,22,159,125,0,120.6307,0.0,0,0,Low
72,23,158,125,0,120.9356,0.0,0,0,Low
72,24,157,125,0,120.9632,0.0,0,0,Low
72,25,156,125,0,120.4614,0.0,0,0,Low
72,26,155,125,0,121.2253,0.0,0,0,Low
72,27,154,125,0,121.1066,0.0,0,0,Low
72,28,153,125,0,121.859,0.0,0,0,Low
72,29,152,125,0,122.1231,0.0,0,0,Low
72,30,151,125,0,122.0336,0.0,0,0,Low
72,31,150,125,0,121.3282,0.0,0,0,Low
72,32,149,125,0,121.9312,0.0,0,0,Low
72,33,148,125,0,121.826,0.0,0,0,Low
72,34,147,125,0,121.5373,0.0,0,0,Low
72,35,146,125,0,121.4204,0.0,0,0,Low
72,36,145,125,0,119.9284,0.0,0,0,Low
72,37,144,125,0,120.3882,0.0,0,0,Low
72,38,143,125,0,119.808,0.0,0,0,Low
72,39,142,125,0,119.5781,0.0,0,0,Low
72,40,141,125,0,119.3996,0.0,0,0,Low
72,41,140,125,0,118.8446,0.0,0,0,Low
72,42,139,125,0,117.8482,0.0,0,0,Low
72,43,138,125,0,118.3704,0.0,0,0,Low
72,44,137,125,0,117.4947,0.0,0,0,Low
72,45,136,125,0,117.8109,0.0,0,0,Low
72,46,135,125,0,117.2614,0.0,0,0,Low
72,47,134,125,0,117.6328,0.0,0,0,Low
72,48,133,125,0,116.6807,0.0,0,0,Low
72,49,132,125,0,116.1369,0.0,0,0,Low
72,50,131,125,0,115.5042,0.0,0,0,Low
72,51,130,125,0,113.8774,0.0,0,0,Low
72,52,129,125,0,115.4432,0.0,0,0,Low
72,53,128,125,0,115.261,0.0,0,0,Low
72,54,127,125,0,116.6217,0.0,0,0,Low
72,55,126,125,0,115.6604,0.0,0,0,Low
72,56,125,125,0,114.3773,0.0,0,0,Low
72,57,124,124,0,114.8599,0.0,0,0,Low
72,58,123,123,0,114.4075,0.0,0,0,Low
72,59,122,122,0,112.9424,0.0,0,0,Low
72,60,121,121,0,111.478,0.0,0,0,Low
72,61,120,120,0,110.4331,0.0,0,0,Low
72,62,119,119,0,110.8127,0.0,0,0,Low
72,63,118,118,0,109.7685,0.0,0,0,Low
72,64,117,117,0,109.0052,0.0,0,0,Low
72,65,116,116,0,109.0209,0.0,0,0,Low
72,66,115,115,0,108.3678,0.0,0,0,Low
72,67,114,114,0,108.8204,0.0,0,0,Low
72,68,113,113,0,107.8163,0.0,0,0,Low
72,69,112,112,0,108.1408,0.0,0,0,Low
72,70,111,111,0,107.2941,0.0,0,0,Low
72,71,110,110,0,108.0276,0.0,0,0,Low
72,72,109,109,0,105.075,0.0,0,0,Low
72,73,108,108,0,102.8011,0.0,0,0,Low
72,74,107,107,0,102.4893,0.0,0,0,Low
72,75,106,106,0,102.3518,0.0,0,0,Low
72,76,105,105,0,101.5391,0.0,0,0,Low
72,77,104,104,0,101.8778,0.0,0,0,Low
72,78,103,103,0,102.8841,0.0,0,0,Low
72,79,102,102,0,100.7519,0.0,0,0,Low
72,80,101,101,0,100.0949,0.0,0,0,Low
72,81,100,100,0,99.7038,0.0,0,0,Low
72,82,99,99,0,101.205,0.0,0,0,Low
72,83,98,98,0,98.6195,0.0,0,0,Low
72,84,97,97,0,97.9663,0.0,0,0,Low
72,85,96,96,0,99.3605,0.0,0,0,Low
72,86,95,95,0,99.7484,0.0,0,0,Low
72,87,94,94,0,98.2198,0.0,0,0,Low
72,88,93,93,0,94.5629,0.0,0,0,Low
72,89,92,92,0,96.7804,0.0,0,0,Low
72,90,91,91,0,94.5647,0.0,0,0,Low
72,91,90,90,0,94.2357,0.0,0,0,Low
72,92,89,89,0,93.6661,0.0,0,0,Low
72,93,88,88,0,93.9495,0.0,0,0,Low
72,94,87,87,0,95.2847,0.0,0,0,Low
72,95,86,86,0,93.9512,0.0,0,0,Low
72,96,85,85,0,94.7709,0.0,0,0,Low
72,97,84,84,0,92.0535,0.0,0,0,Low
72,98,83,83,0,92.013,0.0,0,0,Low
72,99,82,82,0,92.9807,0.0,0,0,Low
72,100,81,81,0,89.8418,0.0,0,0,Low
72,101,80,80,0,91.2434,0.0,0,0,Low
72,102,79,79,0,87.9592,0.0,0,0,Low
72,103,78,78,0,91.514,0.0,0,0,Low
72,104,77,77,0,88.0877,0.0001,0,0,Low
72,105,76,76,0,90.289,0.0,0,0,Low
72,106,75,75,0,88.0616,0.0002,0,0,Low
72,107,74,74,0,89.1026,0.0003,0,0,Low
72,108,73,73,0,87.6225,0.0006,0,0,Low
72,109,72,72,0,88.4961,0.0001,0,0,Low
72,110,71,71,0,90.67,0.0,0,0,Low
72,111,70,70,0,88.0305,0.0001,0,0,Low
72,112,69,69,0,91.7995,0.0001,0,0,Low
72,113,68,68,0,90.1159,0.0001,0,0,Low
72,114,67,67,0,88.1483,0.0003,0,0,Low
72,115,66,66,0,85.9771,0.0003,0,0,Low
72,116,65,65,0,89.2582,0.0002,0,0,Low
72,117,64,64,0,86.25,0.0001,0,0,Low
72,118,63,63,0,87.3025,0.0005,0,0,Low
72,119,62,62,0,88.4122,0.0006,0,0,Low
72,120,61,61,0,89.484,0.0006,0,0,Low
72,121,60,60,0,89.1995,0.0021,0,0,Low
72,122,59,59,0,89.5276,0.0009,0,0,Low
72,123,58,58,0,87.794,0.0002,0,0,Low
72,124,57,57,0,84.0148,0.0003,0,0,Low
72,125,56,56,0,83.5454,0.0005,0,0,Low
72,126,55,55,0,86.7225,0.0002,0,0,Low
72,127,54,54,0,88.103,0.0011,0,0,Low
72,128,53,53,0,83.6833,0.0008,0,0,Low
72,129,52,52,0,83.2664,0.0034,0,0,Low
72,130,51,51,0,86.0967,0.002,0,0,Low
72,131,50,50,0,83.0054,0.0034,0,0,Low
73,15,228,125,0,124.2894,0.0,0,0,Low
73,16,227,125,0,124.5565,0.0,0,0,Low
73,17,226,125,0,124.3607,0.0,0,0,Low
73,18,225,125,0,124.625,0.0,0,0,Low
73,19,224,125,0,123.9372,0.0,0,0,Low
73,20,223,125,0,123.8226,0.0,0,0,Low
73,21,222,125,0,123.5139,0.0,0,0,Low
73,22,221,125,0,123.3535,0.0,0,0,Low
73,23,220,125,0,122.3495,0.0,0,0,Low
73,24,219,125,0,123.3355,0.0,0,0,Low
73,25,218,125,0,123.5986,0.0,0,0,Low
73,26,217,125,0,123.5239,0.0,0,0,Low
73,27,216,125,0,123.146,0.0,0,0,Low
73,28,215,125,0,122.323,0.0,0,0,Low
73,29,214,125,0,122.3037,0.0,0,0,Low
73,30,213,125,0,122.567,0.0,0,0,Low
73,31,212,125,0,122.882,0.0,0,0,Low
73,32,211,125,0,123.2732,0.0,0,0,Low
73,33,210,125,0,123.7637,0.0,0,0,Low
73,34,209,125,0,123.7578,0.0,0,0,Low
73,35,208,125,0,123.1452,0.0,0,0,Low
73,36,207,125,0,123.3569,0.0,0,0,Low
73,37,206,125,0,123.5039,0.0,0,0,Low
73,38,205,125,0,123.7425,0.0,0,0,Low
73,39,204,125,0,122.9825,0.0,0,0,Low
73,40,203,125,0,123.0724,0.0,0,0,Low
73,41,202,125,0,123.9367,0.0,0,0,Low
73,42,201,125,0,123.6288,0.0,0,0,Low
73,43,200,125,0,123.4647,0.0,0,0,Low
73,44,199,125,0,122.8829,0.0,0,0,Low
73,45,198,125,0,122.998,0.0,0,0,Low
73,46,197,125,0,122.9102,0.0,0,0,Low
73,47,196,125,0,122.4102,0.0,0,0,Low
73,48,195,125,0,122.4607,0.0,0,0,Low
73,49,194,125,0,123.1579,0.0,0,0,Low
73,50,193,125,0,121.8841,0.0,0,0,Low
73,51,192,125,0,121.7528,0.0,0,0,Low
73,52,191,125,0,120.9154,0.0,0,0,Low
73,53,190,125,0,120.333,0.0,0,0,Low
73,54,189,125,0,119.999,0.0,0,0,Low
73,55,188,125,0,120.8078,0.0,0,0,Low
73,56,187,125,0,123.1914,0.0,0,0,Low
73,57,186,125,0,121.5293,0.0,0,0,Low
73,58,185,125,0,120.4977,0.0,0,0,Low
73,59,184,125,0,121.2504,0.0,0,0,Low
73,60,183,125,0,120.2203,0.0,0,0,Low
73,61,182,125,0,120.454,0.0,0,0,Low
73,62,181,125,0,120.6219,0.0,0,0,Low
73,63,180,125,0,121.4836,0.0,0,0,Low
73,64,179,125,0,118.5015,0.0,0,0,Low
73,65,178,125,0,118.3283,0.0,0,0,Low
73,66,177,125,0,120.6891,0.0,0,0,Low
73,67,176,125,0,120.585,0.0,0,0,Low
73,68,175,125,0,121.12,0.0,0,0,Low
73,69,174,125,0,122.4352,0.0,0,0,Low
73,70,173,125,0,122.8399,0.0,0,0,Low
73,71,172,125,0,123.0145,0.0,0,0,Low
73,72,171,125,0,123.2271,0.0,0,0,Low
73,73,170,125,0,122.8091,0.0,0,0,Low
73,74,169,125,0,121.5633,0.0,0,0,Low
73,75,168,125,0,121.5982,0.0,0,0,Low
73,76,167,125,0,121.8354,0.0,0,0,Low
73,77,166,125,0,121.9402,0.0,0,0,Low
73,78,165,125,0,120.8972,0.0,0,0,Low
73,79,164,125,0,121.527,0.0,0,0,Low
73,80,163,125,0,120.5426,0.0,0,0,Low
73,81,162,125,0,121.3201,0.0,0,0,Low
73,82,161,125,0,119.6636,0.0,0,0,Low
73,83,160,125,0,119.6129,0.0,0,0,Low
73,84,159,125,0,118.0641,0.0,0,0,Low
73,85,158,125,0,118.1109,0.0,0,0,Low
73,86,157,125,0,118.1263,0.0,0,0,Low
73,87,156,125,0,117.6398,0.0,0,0,Low
73,88,155,125,0,115.3347,0.0,0,0,Low
73,89,154,125,0,114.4501,0.0,0,0,Low
73,90,153,125,0,112.8633,0.0,0,0,Low
73,91,152,125,0,114.4626,0.0,0,0,Low
73,92,151,125,0,113.9955,0.0,0,0,Low
73,93,150,125,0,113.809,0.0,0,0,Low
73,94,149,125,0,112.7909,0.0,0,0,Low
73,95,148,125,0,111.5676,0.0,0,0,Low
73,96,147,125,0,110.6608,0.0,0,0,Low
73,97,146,125,0,111.042,0.0,0,0,Low
73,98,145,125,0,110.0934,0.0,0,0,Low
73,99,144,125,0,110.1882,0.0,0,0,Low
73,100,143,125,0,110.5718,0.0,0,0,Low
73,101,142,125,0,109.7511,0.0,0,0,Low
73,102,141,125,0,111.8533,0.0,0,0,Low
73,103,140,125,0,109.4199,0.0,0,0,Low
73,104,139,125,0,110.3968,0.0,0,0,Low
73,105,138,125,0,112.7199,0.0,0,0,Low
73,106,137,125,0,111.6936,0.0,0,0,Low
73,107,136,125,0,111.8423,0.0,0,0,Low
73,108,135,125,0,107.8015,0.0,0,0,Low
73,109,134,125,0,104.1095,0.0,0,0,Low
73,110,133,125,0,104.4406,0.0,0,0,Low
73,111,132,125,0,100.3558,0.0001,0,0,Low
73,112,131,125,0,100.9118,0.0,0,0,Low
74,15,248,125,0,123.0447,0.0002,0,0,Low
74,16,247,125,0,123.3195,0.0001,0,0,Low
74,17,246,125,0,122.7751,0.0001,0,0,Low
74,18,245,125,0,123.5565,0.0,0,0,Low
74,19,244,125,0,123.3243,0.0,0,0,Low
74,20,243,125,0,123.6922,0.0,0,0,Low
74,21,242,125,0,124.1592,0.0001,0,0,Low
74,22,241,125,0,123.2536,0.0001,0,0,Low
74,23,240,125,0,123.2003,0.0003,0,0,Low
74,24,239,125,0,123.3193,0.0001,0,0,Low
74,25,238,125,0,122.2362,0.0001,0,0,Low
74,26,237,125,0,121.2788,0.0001,0,0,Low
74,27,236,125,0,122.5042,0.0001,0,0,Low
74,28,235,125,0,121.9087,0.0001,0,0,Low
74,29,234,125,0,122.239,0.0001,0,0,Low
74,30,233,125,0,123.5548,0.0,0,0,Low
74,31,232,125,0,123.1641,0.0001,0,0,Low
74,32,231,125,0,123.3116,0.0,0,0,Low
74,33,230,125,0,122.8149,0.0,0,0,Low
74,34,229,125,0,122.0494,0.0,0,0,Low
74,35,228,125,0,120.8181,0.0,0,0,Low
74,36,227,125,0,120.6856,0.0,0,0,Low
74,37,226,125,0,121.9341,0.0,0,0,Low
74,38,225,125,0,122.479,0.0,0,0,Low
74,39,224,125,0,121.9979,0.0,0,0,Low
74,40,223,125,0,121.8043,0.0,0,0,Low
74,41,222,125,0,121.4413,0.0,0,0,Low
74,42,221,125,0,121.9374,0.0,0,0,Low
74,43,220,125,0,122.5755,0.0,0,0,Low
74,44,219,125,0,122.154,0.0,0,0,Low
74,45,218,125,0,121.8447,0.0,0,0,Low
74,46,217,125,0,122.1916,0.0,0,0,Low
74,47,216,125,0,122.8151,0.0,0,0,Low
74,48,215,125,0,121.3303,0.0001,0,0,Low
74,49,214,125,0,120.815,0.0003,0,0,Low
74,50,213,125,0,120.6256,0.0003,0,0,Low
74,51,212,125,0,120.2796,0.0001,0,0,Low
74,52,211,125,0,118.9248,0.0001,0,0,Low
74,53,210,125,0,118.9118,0.0,0,0,Low
74,54,209,125,0,117.2385,0.0,0,0,Low
74,55,208,125,0,117.3242,0.0,0,0,Low
74,56,207,125,0,117.0255,0.0,0,0,Low
74,57,206,125,0,117.8895,0.0,0,0,Low
74,58,205,125,0,118.3031,0.0,0,0,Low
74,59,204,125,0,118.71,0.0001,0,0,Low
74,60,203,125,0,117.6156,0.0001,0,0,Low
74,61,202,125,0,118.3276,0.0001,0,0,Low
74,62,201,125,0,116.4357,0.0002,0,0,Low
74,63,200,125,0,115.9409,0.0002,0,0,Low
74,64,199,125,0,116.7854,0.0002,0,0,Low
74,65,198,125,0,117.3473,0.0001,0,0,Low
74,66,197,125,0,115.9112,0.0,0,0,Low
74,67,196,125,0,115.125,0.0,0,0,Low
74,68,195,125,0,117.6004,0.0,0,0,Low
74,69,194,125,0,116.7894,0.0,0,0,Low
74,70,193,125,0,113.6531,0.0001,0,0,Low
74,71,192,125,0,110.2118,0.0001,0,0,Low
74,72,191,125,0,109.4554,0.0007,0,0,Low
74,73,190,125,0,110.1869,0.0023,0,0,Low
74,74,189,125,0,107.6928,0.0003,0,0,Low
74,75,188,125,0,108.1157,0.0001,0,0,Low
74,76,187,125,0,106.1638,0.0001,0,0,Low
74,77,186,125,0,108.0554,0.0,0,0,Low
74,78,185,125,0,107.3151,0.0,0,0,Low
74,79,184,125,0,108.2725,0.0001,0,0,Low
74,80,183,125,0,108.1178,0.0001,0,0,Low
74,81,182,125,0,106.9338,0.0002,0,0,Low
74,82,181,125,0,104.7968,0.0002,0,0,Low
74,83,180,125,0,104.6189,0.0002,0,0,Low
74,84,179,125,0,105.0737,0.0001,0,0,Low
74,85,178,125,0,106.2338,0.0001,0,0,Low
74,86,177,125,0,104.804,0.0002,0,0,Low
74,87,176,125,0,105.9173,0.0001,0,0,Low
74,88,175,125,0,107.413,0.0001,0,0,Low
74,89,174,125,0,105.1377,0.0002,0,0,Low
74,90,173,125,0,102.8559,0.0001,0,0,Low
74,91,172,125,0,106.608,0.0001,0,0,Low
74,92,171,125,0,104.9773,0.0001,0,0,Low
74,93,170,125,0,102.7817,0.0006,0,0,Low
74,94,169,125,0,100.0702,0.0,0,0,Low
74,95,168,125,0,99.4883,0.0003,0,0,Low
74,96,167,125,0,98.3428,0.0004,0,0,Low
74,97,166,125,0,96.338,0.0003,0,0,Low
74,98,165,125,0,94.8372,0.0004,0,0,Low
74,99,164,125,0,93.7811,0.0001,0,0,Low
74,100,163,125,0,94.0402,0.0002,0,0,Low
74,101,162,125,0,95.8294,0.0001,0,0,Low
74,102,161,125,0,98.0733,0.0,0,0,Low
74,103,160,125,0,98.581,0.0,0,0,Low
74,104,159,125,0,97.2489,0.0,0,0,Low
74,105,158,125,0,99.828,0.0,0,0,Low
74,106,157,125,0,99.8022,0.0,0,0,Low
74,107,156,125,0,97.1015,0.0001,0,0,Low
74,108,155,125,0,95.9013,0.0,0,0,Low
74,109,154,125,0,94.7889,0.0,0,0,Low
74,110,153,125,0,92.6725,0.0002,0,0,Low
74,111,152,125,0,94.3991,0.0,0,0,Low
74,112,151,125,0,95.4174,0.0,0,0,Low
74,113,150,125,0,97.1947,0.0001,0,0,Low
74,114,149,125,0,95.461,0.0001,0,0,Low
74,115,148,125,0,93.1519,0.0001,0,0,Low
74,116,147,125,0,97.2558,0.0001,0,0,Low
74,117,146,125,0,98.3685,0.0009,0,0,Low
74,118,145,125,0,95.529,0.0003,0,0,Low
74,119,144,125,0,92.8093,0.0002,0,0,Low
74,120,143,125,0,94.5528,0.0,0,0,Low
74,121,142,125,0,94.3877,0.0003,0,0,Low
74,122,141,125,0,95.4757,0.0004,0,0,Low
74,123,140,125,0,94.2335,0.0003,0,0,Low
74,124,139,125,0,94.0529,0.0007,0,0,Low
74,125,138,125,0,92.4899,0.0006,0,0,Low
74,126,137,125,0,90.2738,0.0002,0,0,Low
74,127,136,125,0,89.4715,0.0002,0,0,Low
74,128,135,125,0,93.2218,0.0001,0,0,Low
74,129,134,125,0,93.7305,0.0001,0,0,Low
74,130,133,125,0,93.877,0.0,0,0,Low
74,131,132,125,0,92.3911,0.0,0,0,Low
74,132,131,125,0,91.4764,0.0001,0,0,Low
74,133,130,125,0,87.2923,0.0004,0,0,Low
74,134,129,125,0,85.7771,0.0004,0,0,Low
74,135,128,125,0,87.2979,0.0046,0,0,Low
74,136,127,125,0,80.1011,0.0032,0,0,Low
74,137,126,125,0,78.9445,0.0031,0,0,Low
75,15,186,125,0,122.3951,0.0,0,0,Low
75,16,185,125,0,121.8468,0.0,0,0,Low
75,17,184,125,0,122.1163,0.0,0,0,Low
75,18,183,125,0,121.9705,0.0,0,0,Low
75,19,182,125,0,121.9657,0.0,0,0,Low
75,20,181,125,0,121.6652,0.0,0,0,Low
75,21,180,125,0,121.7317,0.0,0,0,Low
75,22,179,125,0,121.0175,0.0,0,0,Low
75,23,178,125,0,121.1379,0.0,0,0,Low
75,24,177,125,0,123.0722,0.0,0,0,Low
75,25,176,125,0,122.4526,0.0,0,0,Low
75,26,175,125,0,122.0561,0.0,0,0,Low
75,27,174,125,0,121.3412,0.0,0,0,Low
75,28,173,125,0,122.6407,0.0,0,0,Low
75,29,172,125,0,122.8378,0.0,0,0,Low
75,30,171,125,0,123.6151,0.0,0,0,Low
75,31,170,125,0,123.0218,0.0,0,0,Low
75,32,169,125,0,122.9693,0.0,0,0,Low
75,33,168,125,0,122.9199,0.0,0,0,Low
75,34,167,125,0,122.8213,0.0,0,0,Low
75,35,166,125,0,122.6503,0.0,0,0,Low
75,36,165,125,0,123.1012,0.0,0,0,Low
75,37,164,125,0,123.1889,0.0,0,0,Low
75,38,163,125,0,123.259,0.0,0,0,Low
75,39,162,125,0,122.9052,0.0,0,0,Low
75,40,161,125,0,121.7304,0.0,0,0,Low
75,41,160,125,0,121.9768,0.0,0,0,Low
75,42,159,125,0,120.6926,0.0,0,0,Low
75,43,158,125,0,121.01,0.0,0,0,Low
75,44,157,125,0,121.6542,0.0001,0,0,Low
75,45,156,125,0,120.8744,0.0002,0,0,Low
75,46,155,125,0,121.1889,0.0,0,0,Low
75,47,154,125,0,120.6871,0.0,0,0,Low
75,48,153,125,0,119.9008,0.0,0,0,Low
75,49,152,125,0,120.376,0.0001,0,0,Low
75,50,151,125,0,119.6885,0.0001,0,0,Low
75,51,150,125,0,119.6558,0.0,0,0,Low
75,52,149,125,0,119.6657,0.0001,0,0,Low
75,53,148,125,0,118.9278,0.0,0,0,Low
75,54,147,125,0,116.9587,0.0,0,0,Low
75,55,146,125,0,118.9441,0.0,0,0,Low
75,56,145,125,0,118.9756,0.0001,0,0,Low
75,57,144,125,0,119.3718,0.0,0,0,Low
75,58,143,125,0,117.9146,0.0,0,0,Low
75,59,142,125,0,117.0626,0.0001,0,0,Low
75,60,141,125,0,118.1249,0.0001,0,0,Low
75,61,140,125,0,115.9973,0.0001,0,0,Low
75,62,139,125,0,115.6376,0.0001,0,0,Low
75,63,138,125,0,115.309,0.0,0,0,Low
75,64,137,125,0,113.325,0.0002,0,0,Low
75,65,136,125,0,115.1388,0.0003,0,0,Low
75,66,135,125,0,116.5975,0.0002,0,0,Low
75,67,134,125,0,114.054,0.0003,0,0,Low
75,68,133,125,0,115.0415,0.0001,0,0,Low
75,69,132,125,0,115.5363,0.0,0,0,Low
75,70,131,125,0,111.6754,0.0,0,0,Low
75,71,130,125,0,113.1491,0.0,0,0,Low
75,72,129,125,0,112.6694,0.0,0,0,Low
75,73,128,125,0,111.8859,0.0,0,0,Low
75,74,127,125,0,110.2197,0.0001,0,0,Low
75,75,126,125,0,108.7348,0.0001,0,0,Low
75,76,125,125,0,111.1269,0.0001,0,0,Low
75,77,124,124,0,109.3213,0.0,0,0,Low
75,78,123,123,0,106.87,0.0001,0,0,Low
75,79,122,122,0,107.7875,0.0,0,0,Low
75,80,121,121,0,105.0564,0.0,0,0,Low
75,81,120,120,0,104.6412,0.0,0,0,Low
75,82,119,119,0,104.946,0.0,0,0,Low
75,83,118,118,0,103.9011,0.0,0,0,Low
75,84,117,117,0,106.018,0.0,0,0,Low
75,85,116,116,0,103.3667,0.0,0,0,Low
75,86,115,115,0,101.0948,0.0,0,0,Low
75,87,114,114,0,101.0915,0.0,0,0,Low
75,88,113,113,0,101.2221,0.0002,0,0,Low
76,15,200,125,0,123.4488,0.0,0,0,Low
76,16,199,125,0,123.8094,0.0,0,0,Low
76,17,198,125,0,124.1345,0.0,0,0,Low
76,18,197,125,0,124.5423,0.0,0,0,Low
76,19,196,125,0,124.6083,0.0,0,0,Low
76,20,195,125,0,124.6482,0.0,0,0,Low
76,21,194,125,0,124.6434,0.0,0,0,Low
76,22,193,125,0,124.6457,0.0,0,0,Low
76,23,192,125,0,124.0042,0.0,0,0,Low
76,24,191,125,0,123.8053,0.0,0,0,Low
76,25,190,125,0,123.6378,0.0,0,0,Low
76,26,189,125,0,123.449,0.0,0,0,Low
76,27,188,125,0,124.1375,0.0,0,0,Low
76,28,187,125,0,123.6732,0.0,0,0,Low
76,29,186,125,0,123.1343,0.0,0,0,Low
76,30,185,125,0,123.2269,0.0,0,0,Low
76,31,184,125,0,123.0894,0.0,0,0,Low
76,32,183,125,0,122.9363,0.0,0,0,Low
76,33,182,125,0,122.8881,0.0,0,0,Low
76,34,181,125,0,123.462,0.0,0,0,Low
76,35,180,125,0,123.3538,0.0,0,0,Low
76,36,179,125,0,123.2581,0.0,0,0,Low
76,37,178,125,0,123.4245,0.0,0,0,Low
76,38,177,125,0,123.6295,0.0,0,0,Low
76,39,176,125,0,123.926,0.0,0,0,Low
76,40,175,125,0,123.9882,0.0,0,0,Low
76,41,174,125,0,124.239,0.0,0,0,Low
76,42,173,125,0,124.6195,0.0,0,0,Low
76,43,172,125,0,124.2011,0.0,0,0,Low
76,44,171,125,0,124.6826,0.0,0,0,Low
76,45,170,125,0,124.7549,0.0,0,0,Low
76,46,169,125,0,124.2789,0.0,0,0,Low
76,47,168,125,0,124.6055,0.0,0,0,Low
76,48,167,125,0,123.5759,0.0,0,0,Low
76,49,166,125,0,124.2264,0.0,0,0,Low
76,50,165,125,0,123.2909,0.0,0,0,Low
76,51,164,125,0,122.9683,0.0,0,0,Low
76,52,163,125,0,123.5039,0.0,0,0,Low
76,53,162,125,0,122.1017,0.0,0,0,Low
76,54,161,125,0,123.3225,0.0,0,0,Low
76,55,160,125,0,122.1338,0.0,0,0,Low
76,56,159,125,0,121.8289,0.0,0,0,Low
76,57,158,125,0,121.9304,0.0,0,0,Low
76,58,157,125,0,120.1016,0.0,0,0,Low
76,59,156,125,0,121.4364,0.0,0,0,Low
76,60,155,125,0,121.0898,0.0,0,0,Low
76,61,154,125,0,122.3051,0.0,0,0,Low
76,62,153,125,0,119.3759,0.0,0,0,Low
76,63,152,125,0,120.7045,0.0,0,0,Low
76,64,151,125,0,120.2716,0.0,0,0,Low
76,65,150,125,0,119.4678,0.0,0,0,Low
76,66,149,125,0,121.4577,0.0,0,0,Low
76,67,148,125,0,121.1817,0.0,0,0,Low
76,68,147,125,0,119.7019,0.0,0,0,Low
76,69,146,125,0,118.062,0.0,0,0,Low
76,70,145,125,0,116.5231,0.0,0,0,Low
76,71,144,125,0,117.0353,0.0,0,0,Low
76,72,143,125,0,116.564,0.0,0,0,Low
76,73,142,125,0,114.2552,0.0,0,0,Low
76,74,141,125,0,114.8188,0.0,0,0,Low
76,75,140,125,0,114.279,0.0,0,0,Low
76,76,139,125,0,114.664,0.0,0,0,Low
76,77,138,125,0,113.5425,0.0,0,0,Low
76,78,137,125,0,112.5752,0.0,0,0,Low
76,79,136,125,0,113.7377,0.0,0,0,Low
76,80,135,125,0,112.9597,0.0,0,0,Low
76,81,134,125,0,111.0969,0.0,0,0,Low
76,82,133,125,0,113.2806,0.0,0,0,Low
76,83,132,125,0,113.4878,0.0,0,0,Low
76,84,131,125,0,114.3236,0.0,0,0,Low
76,85,130,125,0,113.9269,0.0,0,0,Low
76,86,129,125,0,112.9748,0.0,0,0,Low
76,87,128,125,0,112.0466,0.0,0,0,Low
76,88,127,125,0,110.5015,0.0,0,0,Low
76,89,126,125,0,111.2264,0.0,0,0,Low
76,90,125,125,0,109.5988,0.0,0,0,Low
76,91,124,124,0,110.3951,0.0,0,0,Low
76,92,123,123,0,110.6276,0.0,0,0,Low
76,93,122,122,0,111.9089,0.0,0,0,Low
76,94,121,121,0,110.2842,0.0,0,0,Low
76,95,120,120,0,109.6386,0.0,0,0,Low
76,96,119,119,0,106.699,0.0,0,0,Low
76,97,118,118,0,109.3863,0.0,0,0,Low
76,98,117,117,0,108.2231,0.0,0,0,Low
76,99,116,116,0,107.341,0.0,0,0,Low
76,100,115,115,0,108.0236,0.0,0,0,Low
76,101,114,114,0,107.2073,0.0,0,0,Low
76,102,113,113,0,105.482,0.0001,0,0,Low
76,103,112,112,0,103.557,0.0001,0,0,Low
76,104,111,111,0,103.833,0.0,0,0,Low
76,105,110,110,0,105.3601,0.0,0,0,Low
76,106,109,109,0,103.0247,0.0,0,0,Low
76,107,108,108,0,103.8514,0.0,0,0,Low
76,108,107,107,0,103.4216,0.0,0,0,Low
76,109,106,106,0,103.2454,0.0,0,0,Low
76,110,105,105,0,103.566,0.0,0,0,Low
76,111,104,104,0,105.4077,0.0,0,0,Low
76,112,103,103,0,99.7001,0.0,0,0,Low
76,113,102,102,0,99.7859,0.0,0,0,Low
76,114,101,101,0,95.4738,0.0,0,0,Low
76,115,100,100,0,93.1222,0.0,0,0,Low
76,116,99,99,0,93.804,0.0,0,0,Low
76,117,98,98,0,94.2764,0.0,0,0,Low
76,118,97,97,0,95.3814,0.0,0,0,Low
76,119,96,96,0,92.1911,0.0,0,0,Low
76,120,95,95,0,91.6337,0.0,0,0,Low
76,121,94,94,0,93.4883,0.0,0,0,Low
76,122,93,93,0,95.4983,0.0,0,0,Low
76,123,92,92,0,94.2762,0.0,0,0,Low
76,124,91,91,0,92.5673,0.0,0,0,Low
76,125,90,90,0,90.7987,0.0001,0,0,Low
76,126,89,89,0,93.7487,0.0,0,0,Low
76,127,88,88,0,97.0731,0.0,0,0,Low
76,128,87,87,0,96.6207,0.0,0,0,Low
76,129,86,86,0,97.5737,0.0,0,0,Low
76,130,85,85,0,98.6206,0.0,0,0,Low
76,131,84,84,0,98.2091,0.0,0,0,Low
76,132,83,83,0,96.6994,0.0,0,0,Low
76,133,82,82,0,99.9144,0.0,0,0,Low
76,134,81,81,0,96.4077,0.0,0,0,Low
76,135,80,80,0,96.8294,0.0,0,0,Low
76,136,79,79,0,94.1398,0.0001,0,0,Low
76,137,78,78,0,94.0124,0.0001,0,0,Low
76,138,77,77,0,95.2052,0.0,0,0,Low
76,139,76,76,0,93.0999,0.0,0,0,Low
76,140,75,75,0,91.6484,0.0001,0,0,Low
76,141,74,74,0,89.7843,0.0,0,0,Low
76,142,73,73,0,88.1926,0.0,0,0,Low
76,143,72,72,0,87.002,0.0001,0,0,Low
76,144,71,71,0,87.3476,0.0,0,0,Low
76,145,70,70,0,89.8616,0.0,0,0,Low
76,146,69,69,0,90.1343,0.0,0,0,Low
76,147,68,68,0,89.0225,0.0,0,0,Low
76,148,67,67,0,89.3375,0.0,0,0,Low
76,149,66,66,0,87.1077,0.0,0,0,Low
76,150,65,65,0,86.1467,0.0002,0,0,Low
76,151,64,64,0,85.64,0.0,0,0,Low
76,152,63,63,0,79.7408,0.0,0,0,Low
76,153,62,62,0,79.9358,0.0,0,0,Low
76,154,61,61,0,76.0564,0.0003,0,0,Low
76,155,60,60,0,80.0066,0.0001,0,0,Low
76,156,59,59,0,79.4656,0.0001,0,0,Low
76,157,58,58,0,77.1318,0.0008,0,0,Low
76,158,57,57,0,77.2954,0.0026,0,0,Low
76,159,56,56,0,75.5857,0.0056,0,0,Low
76,160,55,55,0,72.0795,0.0008,0,0,Low
76,161,54,54,0,66.903,0.0078,0,0,Low
76,162,53,53,0,61.6125,0.0121,0,0,Low
76,163,52,52,0,63.8758,0.0237,0,0,Low
76,164,51,51,0,65.8205,0.0105,0,0,Low
76,165,50,50,0,67.9823,0.0192,0,0,Low
76,166,49,49,0,60.8742,0.0174,0,0,Low
76,167,48,48,0,59.9935,0.1857,0,0,Low
76,168,47,47,0,53.772,0.1499,0,1,Low
76,169,46,46,0,52.4779,0.0286,0,0,Low
76,170,45,45,0,49.3001,0.0907,0,1,Low
76,171,44,44,0,48.9707,0.0569,0,1,Low
76,172,43,43,0,47.7898,0.0506,0,1,Low
76,173,42,42,0,46.2659,0.0827,0,1,Low
76,174,41,41,0,45.8423,0.0482,0,1,Low
76,175,40,40,0,46.1537,0.0923,0,1,Low
76,176,39,39,0,47.765,0.0391,0,1,Low
76,177,38,38,0,46.8476,0.1931,0,1,Low
76,178,37,37,0,44.8209,0.2261,0,1,Low
76,179,36,36,0,42.9606,0.5188,0,1,Elevated
76,180,35,35,0,41.5536,0.6166,0,1,Elevated
76,181,34,34,0,41.4956,0.3163,0,1,Low
76,182,33,33,0,40.2425,0.3619,0,1,Low
76,183,32,32,0,39.361,0.1551,0,1,Low
76,184,31,31,0,39.7099,0.4289,0,1,Elevated
76,185,30,30,1,38.7833,0.2446,0,1,Low
76,186,29,29,1,35.317,0.7754,0,1,Elevated
76,187,28,28,1,36.5699,0.7783,0,1,Elevated
76,188,27,27,1,33.236,0.978,1,1,High
76,189,26,26,1,32.6614,0.9786,1,1,High
76,190,25,25,1,32.5635,0.9848,1,1,High
76,191,24,24,1,31.4956,0.988,1,1,High
76,192,23,23,1,30.5331,0.9839,1,1,High
76,193,22,22,1,30.884,0.9916,1,1,High
76,194,21,21,1,28.8171,0.9988,1,1,High
76,195,20,20,1,27.0041,0.9988,1,1,High
76,196,19,19,1,27.4758,0.9987,1,1,High
76,197,18,18,1,25.9543,0.9992,1,1,High
76,198,17,17,1,23.7898,0.9988,1,1,High
76,199,16,16,1,26.0241,0.9968,1,1,High
76,200,15,15,1,22.929,0.9983,1,1,High
76,201,14,14,1,19.9597,0.9995,1,1,High
76,202,13,13,1,16.0543,0.9996,1,1,High
76,203,12,12,1,15.6234,0.9994,1,1,High
76,204,11,11,1,12.6737,0.9999,1,1,High
76,205,10,10,1,11.1649,0.9998,1,1,High
77,15,181,125,0,123.4753,0.0,0,0,Low
77,16,180,125,0,121.7862,0.0,0,0,Low
77,17,179,125,0,122.6761,0.0,0,0,Low
77,18,178,125,0,122.7477,0.0,0,0,Low
77,19,177,125,0,123.0353,0.0,0,0,Low
77,20,176,125,0,123.0506,0.0,0,0,Low
77,21,175,125,0,123.2432,0.0,0,0,Low
77,22,174,125,0,123.37,0.0,0,0,Low
77,23,173,125,0,123.4607,0.0,0,0,Low
77,24,172,125,0,122.6914,0.0,0,0,Low
77,25,171,125,0,122.8366,0.0,0,0,Low
77,26,170,125,0,123.352,0.0,0,0,Low
77,27,169,125,0,123.1326,0.0,0,0,Low
77,28,168,125,0,122.755,0.0,0,0,Low
77,29,167,125,0,122.9407,0.0,0,0,Low
77,30,166,125,0,122.8544,0.0,0,0,Low
77,31,165,125,0,123.0826,0.0,0,0,Low
77,32,164,125,0,122.5828,0.0,0,0,Low
77,33,163,125,0,122.4867,0.0,0,0,Low
77,34,162,125,0,122.7933,0.0,0,0,Low
77,35,161,125,0,120.3156,0.0,0,0,Low
77,36,160,125,0,120.5612,0.0,0,0,Low
77,37,159,125,0,120.999,0.0,0,0,Low
77,38,158,125,0,120.8337,0.0,0,0,Low
77,39,157,125,0,120.9565,0.0,0,0,Low
77,40,156,125,0,122.5591,0.0,0,0,Low
77,41,155,125,0,122.9482,0.0,0,0,Low
77,42,154,125,0,122.6187,0.0,0,0,Low
77,43,153,125,0,123.7782,0.0,0,0,Low
77,44,152,125,0,123.9447,0.0,0,0,Low
77,45,151,125,0,123.3176,0.0,0,0,Low
77,46,150,125,0,123.6226,0.0001,0,0,Low
77,47,149,125,0,123.3496,0.0001,0,0,Low
77,48,148,125,0,122.7758,0.0,0,0,Low
77,49,147,125,0,122.7795,0.0,0,0,Low
77,50,146,125,0,121.9558,0.0,0,0,Low
77,51,145,125,0,122.8948,0.0,0,0,Low
77,52,144,125,0,121.842,0.0,0,0,Low
77,53,143,125,0,121.271,0.0,0,0,Low
77,54,142,125,0,121.6595,0.0,0,0,Low
77,55,141,125,0,120.9727,0.0,0,0,Low
77,56,140,125,0,120.5696,0.0,0,0,Low
77,57,139,125,0,119.9905,0.0,0,0,Low
77,58,138,125,0,119.7732,0.0,0,0,Low
77,59,137,125,0,119.7016,0.0,0,0,Low
77,60,136,125,0,119.7759,0.0,0,0,Low
77,61,135,125,0,120.9711,0.0,0,0,Low
77,62,134,125,0,120.3644,0.0,0,0,Low
77,63,133,125,0,119.8852,0.0,0,0,Low
77,64,132,125,0,119.2097,0.0,0,0,Low
77,65,131,125,0,118.6078,0.0,0,0,Low
77,66,130,125,0,119.2447,0.0,0,0,Low
77,67,129,125,0,119.5972,0.0,0,0,Low
77,68,128,125,0,119.5238,0.0,0,0,Low
77,69,127,125,0,119.8604,0.0,0,0,Low
77,70,126,125,0,119.8299,0.0,0,0,Low
77,71,125,125,0,120.2998,0.0,0,0,Low
77,72,124,124,0,120.0151,0.0,0,0,Low
77,73,123,123,0,119.63,0.0,0,0,Low
77,74,122,122,0,118.5008,0.0,0,0,Low
77,75,121,121,0,116.8557,0.0,0,0,Low
77,76,120,120,0,115.7698,0.0,0,0,Low
77,77,119,119,0,115.1874,0.0001,0,0,Low
77,78,118,118,0,114.9268,0.0001,0,0,Low
77,79,117,117,0,113.9789,0.0001,0,0,Low
77,80,116,116,0,114.3507,0.0001,0,0,Low
77,81,115,115,0,113.1753,0.0001,0,0,Low
77,82,114,114,0,111.4531,0.0,0,0,Low
77,83,113,113,0,110.0005,0.0,0,0,Low
77,84,112,112,0,109.8936,0.0,0,0,Low
77,85,111,111,0,107.6325,0.0,0,0,Low
77,86,110,110,0,107.7123,0.0,0,0,Low
77,87,109,109,0,107.9457,0.0,0,0,Low
77,88,108,108,0,106.1386,0.0,0,0,Low
77,89,107,107,0,103.5949,0.0,0,0,Low
77,90,106,106,0,105.645,0.0,0,0,Low
77,91,105,105,0,102.9754,0.0,0,0,Low
77,92,104,104,0,105.537,0.0,0,0,Low
77,93,103,103,0,102.4977,0.0,0,0,Low
77,94,102,102,0,102.8892,0.0,0,0,Low
77,95,101,101,0,103.972,0.0,0,0,Low
77,96,100,100,0,103.8553,0.0,0,0,Low
77,97,99,99,0,102.3789,0.0,0,0,Low
77,98,98,98,0,105.5862,0.0,0,0,Low
77,99,97,97,0,107.3394,0.0,0,0,Low
77,100,96,96,0,107.386,0.0,0,0,Low
77,101,95,95,0,108.4978,0.0,0,0,Low
77,102,94,94,0,105.3552,0.0,0,0,Low
77,103,93,93,0,99.7582,0.0,0,0,Low
77,104,92,92,0,99.3447,0.0,0,0,Low
77,105,91,91,0,98.513,0.0,0,0,Low
77,106,90,90,0,97.6213,0.0,0,0,Low
77,107,89,89,0,100.266,0.0,0,0,Low
77,108,88,88,0,102.0711,0.0,0,0,Low
77,109,87,87,0,101.5677,0.0,0,0,Low
77,110,86,86,0,99.854,0.0,0,0,Low
77,111,85,85,0,98.2328,0.0001,0,0,Low
77,112,84,84,0,91.5495,0.0003,0,0,Low
77,113,83,83,0,89.3768,0.0001,0,0,Low
77,114,82,82,0,91.8112,0.0001,0,0,Low
77,115,81,81,0,89.0716,0.0003,0,0,Low
77,116,80,80,0,91.059,0.0002,0,0,Low
77,117,79,79,0,90.2134,0.0,0,0,Low
77,118,78,78,0,90.6446,0.0004,0,0,Low
77,119,77,77,0,90.304,0.0038,0,0,Low
77,120,76,76,0,87.3984,0.0006,0,0,Low
77,121,75,75,0,91.6553,0.0003,0,0,Low
77,122,74,74,0,94.4048,0.0001,0,0,Low
77,123,73,73,0,93.6142,0.0001,0,0,Low
77,124,72,72,0,99.9682,0.0,0,0,Low
77,125,71,71,0,99.3624,0.0,0,0,Low
77,126,70,70,0,97.6665,0.0,0,0,Low
77,127,69,69,0,97.3934,0.0001,0,0,Low
77,128,68,68,0,98.8276,0.0,0,0,Low
77,129,67,67,0,100.4042,0.0,0,0,Low
77,130,66,66,0,98.5183,0.0001,0,0,Low
77,131,65,65,0,99.1148,0.0001,0,0,Low
77,132,64,64,0,93.8323,0.0001,0,0,Low
77,133,63,63,0,85.761,0.0003,0,0,Low
77,134,62,62,0,85.0056,0.0002,0,0,Low
77,135,61,61,0,76.4703,0.0015,0,0,Low
77,136,60,60,0,77.2791,0.0015,0,0,Low
77,137,59,59,0,76.413,0.0086,0,0,Low
77,138,58,58,0,83.6758,0.0096,0,0,Low
77,139,57,57,0,81.0111,0.0028,0,0,Low
77,140,56,56,0,84.672,0.0016,0,0,Low
77,141,55,55,0,86.8704,0.003,0,0,Low
77,142,54,54,0,86.0316,0.0043,0,0,Low
77,143,53,53,0,78.3851,0.017,0,0,Low
77,144,52,52,0,74.1077,0.0245,0,0,Low
77,145,51,51,0,69.8104,0.1021,0,0,Low
77,146,50,50,0,64.8712,0.1289,0,1,Low
77,147,49,49,0,62.1885,0.0924,0,1,Low
77,148,48,48,0,66.6592,0.2773,0,1,Low
77,149,47,47,0,70.6542,0.2249,0,1,Low
77,150,46,46,0,71.8301,0.3127,0,1,Low
77,151,45,45,0,73.2819,0.4505,0,1,Elevated
77,152,44,44,0,70.0023,0.378,0,1,Low
77,153,43,43,0,70.4474,0.0698,0,1,Low
77,154,42,42,0,66.2631,0.0404,0,1,Low
77,155,41,41,0,66.9357,0.0685,0,1,Low
77,156,40,40,0,65.6094,0.1386,0,1,Low
77,157,39,39,0,62.2053,0.218,0,1,Low
77,158,38,38,0,60.612,0.6278,0,1,Elevated
77,159,37,37,0,61.7571,0.7391,0,1,Elevated
77,160,36,36,0,55.7109,0.871,1,1,High
77,161,35,35,0,54.9009,0.6579,0,1,Elevated
77,162,34,34,0,49.7567,0.8776,1,1,High
78,15,164,125,0,124.9111,0.0,0,1,Low
78,16,163,125,0,124.8795,0.0,0,1,Low
78,17,162,125,0,124.8345,0.0,0,1,Low
78,18,161,125,0,124.8554,0.0,0,1,Low
78,19,160,125,0,124.7577,0.0,0,0,Low
78,20,159,125,0,124.8449,0.0,0,1,Low
78,21,158,125,0,124.6962,0.0,0,0,Low
78,22,157,125,0,124.3304,0.0,0,0,Low
78,23,156,125,0,124.7858,0.0,0,0,Low
78,24,155,125,0,124.7786,0.0,0,0,Low
78,25,154,125,0,124.2684,0.0,0,0,Low
78,26,153,125,0,124.8592,0.0,0,0,Low
78,27,152,125,0,124.8969,0.0,0,0,Low
78,28,151,125,0,124.9209,0.0,0,0,Low
78,29,150,125,0,124.9352,0.0,0,0,Low
78,30,149,125,0,124.9311,0.0,0,0,Low
78,31,148,125,0,124.9389,0.0,0,0,Low
78,32,147,125,0,124.9189,0.0,0,0,Low
78,33,146,125,0,124.9515,0.0,0,0,Low
78,34,145,125,0,124.8701,0.0,0,0,Low
78,35,144,125,0,124.7833,0.0,0,0,Low
78,36,143,125,0,124.7,0.0,0,0,Low
78,37,142,125,0,124.1391,0.0,0,0,Low
78,38,141,125,0,124.6397,0.0,0,0,Low
78,39,140,125,0,124.8297,0.0,0,0,Low
78,40,139,125,0,124.8622,0.0,0,0,Low
78,41,138,125,0,124.6409,0.0,0,0,Low
78,42,137,125,0,124.7361,0.0,0,0,Low
78,43,136,125,0,124.7052,0.0,0,0,Low
78,44,135,125,0,124.5547,0.0,0,0,Low
78,45,134,125,0,124.4833,0.0,0,0,Low
78,46,133,125,0,124.462,0.0,0,0,Low
78,47,132,125,0,124.603,0.0,0,0,Low
78,48,131,125,0,124.8155,0.0,0,0,Low
78,49,130,125,0,124.729,0.0,0,0,Low
78,50,129,125,0,124.5747,0.0,0,0,Low
78,51,128,125,0,124.8549,0.0,0,0,Low
78,52,127,125,0,124.7345,0.0,0,0,Low
78,53,126,125,0,124.5372,0.0,0,0,Low
78,54,125,125,0,124.6878,0.0,0,0,Low
78,55,124,124,0,124.7722,0.0,0,0,Low
78,56,123,123,0,124.6225,0.0,0,0,Low
78,57,122,122,0,124.5384,0.0,0,0,Low
78,58,121,121,0,124.3399,0.0,0,0,Low
78,59,120,120,0,124.3438,0.0,0,0,Low
78,60,119,119,0,124.4869,0.0,0,0,Low
78,61,118,118,0,124.1217,0.0,0,0,Low
78,62,117,117,0,124.1292,0.0,0,0,Low
78,63,116,116,0,124.0564,0.0,0,0,Low
78,64,115,115,0,124.1326,0.0,0,0,Low
78,65,114,114,0,123.5037,0.0,0,0,Low
78,66,113,113,0,123.4513,0.0,0,0,Low
78,67,112,112,0,122.317,0.0,0,0,Low
78,68,111,111,0,122.3677,0.0,0,0,Low
78,69,110,110,0,123.6431,0.0,0,0,Low
78,70,109,109,0,123.6188,0.0,0,0,Low
78,71,108,108,0,123.6332,0.0,0,0,Low
78,72,107,107,0,124.1861,0.0,0,0,Low
79,15,149,125,0,122.8713,0.0,0,0,Low
79,16,148,125,0,123.1213,0.0,0,0,Low
79,17,147,125,0,122.8488,0.0,0,0,Low
79,18,146,125,0,123.5019,0.0,0,0,Low
79,19,145,125,0,123.0734,0.0,0,0,Low
79,20,144,125,0,122.7691,0.0,0,0,Low
79,21,143,125,0,122.5502,0.0,0,0,Low
79,22,142,125,0,122.4389,0.0,0,0,Low
79,23,141,125,0,121.469,0.0,0,0,Low
79,24,140,125,0,122.021,0.0,0,0,Low
79,25,139,125,0,121.4918,0.0,0,0,Low
79,26,138,125,0,121.771,0.0,0,0,Low
79,27,137,125,0,121.2416,0.0,0,0,Low
79,28,136,125,0,121.6077,0.0,0,0,Low
79,29,135,125,0,121.9889,0.0001,0,0,Low
79,30,134,125,0,121.0804,0.0,0,0,Low
79,31,133,125,0,121.0252,0.0,0,0,Low
79,32,132,125,0,122.4412,0.0,0,0,Low
79,33,131,125,0,122.647,0.0,0,0,Low
79,34,130,125,0,123.2537,0.0,0,0,Low
79,35,129,125,0,121.9604,0.0,0,0,Low
79,36,128,125,0,122.2319,0.0,0,0,Low
79,37,127,125,0,121.468,0.0,0,0,Low
79,38,126,125,0,121.9477,0.0,0,0,Low
79,39,125,125,0,122.757,0.0,0,0,Low
79,40,124,124,0,123.2371,0.0,0,0,Low
79,41,123,123,0,123.2669,0.0,0,0,Low
79,42,122,122,0,123.8677,0.0,0,0,Low
79,43,121,121,0,123.9356,0.0,0,0,Low
79,44,120,120,0,123.5568,0.0,0,0,Low
79,45,119,119,0,122.6506,0.0001,0,0,Low
79,46,118,118,0,121.3344,0.0,0,0,Low
79,47,117,117,0,121.8871,0.0,0,0,Low
79,48,116,116,0,121.485,0.0,0,0,Low
79,49,115,115,0,122.6546,0.0,0,0,Low
79,50,114,114,0,121.8275,0.0,0,0,Low
79,51,113,113,0,122.1863,0.0,0,0,Low
79,52,112,112,0,122.1772,0.0,0,0,Low
79,53,111,111,0,122.4368,0.0002,0,0,Low
79,54,110,110,0,122.2573,0.0004,0,0,Low
79,55,109,109,0,121.5784,0.0002,0,0,Low
79,56,108,108,0,121.4166,0.0,0,0,Low
79,57,107,107,0,121.1874,0.0,0,0,Low
79,58,106,106,0,120.5373,0.0,0,0,Low
79,59,105,105,0,120.7239,0.0,0,0,Low
79,60,104,104,0,120.0844,0.0,0,0,Low
79,61,103,103,0,120.3478,0.0,0,0,Low
79,62,102,102,0,119.4473,0.0,0,0,Low
79,63,101,101,0,120.6085,0.0,0,0,Low
79,64,100,100,0,117.3098,0.0,0,0,Low
79,65,99,99,0,116.1157,0.0001,0,0,Low
79,66,98,98,0,117.0295,0.0,0,0,Low
79,67,97,97,0,116.072,0.0,0,0,Low
79,68,96,96,0,116.2379,0.0,0,0,Low
79,69,95,95,0,114.5012,0.0001,0,0,Low
79,70,94,94,0,112.6401,0.0003,0,0,Low
79,71,93,93,0,113.7749,0.0001,0,0,Low
79,72,92,92,0,115.5606,0.0001,0,0,Low
79,73,91,91,0,116.3054,0.0001,0,0,Low
79,74,90,90,0,115.8147,0.0,0,0,Low
79,75,89,89,0,115.6513,0.0,0,0,Low
79,76,88,88,0,116.4143,0.0,0,0,Low
79,77,87,87,0,117.2243,0.0,0,0,Low
79,78,86,86,0,116.6305,0.0,0,0,Low
79,79,85,85,0,115.8347,0.0,0,0,Low
79,80,84,84,0,115.206,0.0,0,0,Low
79,81,83,83,0,114.7015,0.0,0,0,Low
79,82,82,82,0,112.9496,0.0,0,0,Low
79,83,81,81,0,112.6586,0.0,0,0,Low
79,84,80,80,0,111.8478,0.0,0,0,Low
79,85,79,79,0,109.6957,0.0002,0,0,Low
79,86,78,78,0,107.9349,0.0001,0,0,Low
79,87,77,77,0,107.1423,0.0002,0,0,Low
79,88,76,76,0,105.705,0.0003,0,0,Low
79,89,75,75,0,103.0503,0.0006,0,0,Low
79,90,74,74,0,101.526,0.0001,0,0,Low
79,91,73,73,0,101.171,0.0013,0,0,Low
79,92,72,72,0,97.9233,0.0006,0,0,Low
79,93,71,71,0,99.7844,0.0003,0,0,Low
79,94,70,70,0,96.8117,0.0006,0,0,Low
79,95,69,69,0,94.5741,0.001,0,0,Low
79,96,68,68,0,93.6467,0.0012,0,0,Low
79,97,67,67,0,92.498,0.0002,0,0,Low
79,98,66,66,0,93.0884,0.0008,0,0,Low
79,99,65,65,0,92.9404,0.0001,0,0,Low
79,100,64,64,0,93.1716,0.0001,0,0,Low
79,101,63,63,0,91.5999,0.0003,0,0,Low
80,15,208,125,0,120.2451,0.0,0,0,Low
80,16,207,125,0,120.4016,0.0,0,0,Low
80,17,206,125,0,120.4627,0.0001,0,0,Low
80,18,205,125,0,121.59,0.0,0,0,Low
80,19,204,125,0,121.1279,0.0,0,0,Low
80,20,203,125,0,121.8627,0.0001,0,0,Low
80,21,202,125,0,121.7423,0.0002,0,0,Low
80,22,201,125,0,121.9342,0.0002,0,0,Low
80,23,200,125,0,122.0412,0.0001,0,0,Low
80,24,199,125,0,122.9648,0.0001,0,0,Low
80,25,198,125,0,122.7991,0.0,0,0,Low
80,26,197,125,0,123.2727,0.0,0,0,Low
80,27,196,125,0,122.3778,0.0,0,0,Low
80,28,195,125,0,122.9414,0.0,0,0,Low
80,29,194,125,0,123.1622,0.0,0,0,Low
80,30,193,125,0,123.4072,0.0,0,0,Low
80,31,192,125,0,123.4031,0.0,0,0,Low
80,32,191,125,0,123.4763,0.0,0,0,Low
80,33,190,125,0,123.2769,0.0,0,0,Low
80,34,189,125,0,123.0053,0.0,0,0,Low
80,35,188,125,0,122.787,0.0,0,0,Low
80,36,187,125,0,122.4564,0.0,0,0,Low
80,37,186,125,0,122.2319,0.0,0,0,Low
80,38,185,125,0,121.7752,0.0,0,0,Low
80,39,184,125,0,121.82,0.0,0,0,Low
80,40,183,125,0,121.2591,0.0001,0,0,Low
80,41,182,125,0,121.9593,0.0,0,0,Low
80,42,181,125,0,122.0872,0.0,0,0,Low
80,43,180,125,0,121.4789,0.0,0,0,Low
80,44,179,125,0,121.1034,0.0,0,0,Low
80,45,178,125,0,120.1765,0.0,0,0,Low
80,46,177,125,0,120.5508,0.0,0,0,Low
80,47,176,125,0,119.2642,0.0,0,0,Low
80,48,175,125,0,119.0661,0.0,0,0,Low
80,49,174,125,0,118.9743,0.0,0,0,Low
80,50,173,125,0,118.288,0.0,0,0,Low
80,51,172,125,0,118.4933,0.0,0,0,Low
80,52,171,125,0,117.6985,0.0,0,0,Low
80,53,170,125,0,117.5752,0.0,0,0,Low
80,54,169,125,0,116.6013,0.0,0,0,Low
80,55,168,125,0,115.3804,0.0,0,0,Low
80,56,167,125,0,113.6891,0.0,0,0,Low
80,57,166,125,0,112.9884,0.0,0,0,Low
80,58,165,125,0,113.9986,0.0,0,0,Low
80,59,164,125,0,118.6694,0.0,0,0,Low
80,60,163,125,0,117.2246,0.0,0,0,Low
80,61,162,125,0,115.5372,0.0,0,0,Low
80,62,161,125,0,117.1375,0.0,0,0,Low
80,63,160,125,0,112.8231,0.0,0,0,Low
80,64,159,125,0,111.3214,0.0,0,0,Low
80,65,158,125,0,112.4079,0.0,0,0,Low
80,66,157,125,0,111.8617,0.0,0,0,Low
80,67,156,125,0,111.5905,0.0,0,0,Low
80,68,155,125,0,109.4607,0.0,0,0,Low
80,69,154,125,0,112.1555,0.0001,0,0,Low
80,70,153,125,0,111.434,0.0003,0,0,Low
80,71,152,125,0,112.4587,0.0001,0,0,Low
80,72,151,125,0,110.9662,0.0,0,0,Low
80,73,150,125,0,108.2843,0.0,0,0,Low
80,74,149,125,0,106.0229,0.0,0,0,Low
80,75,148,125,0,104.9878,0.0,0,0,Low
80,76,147,125,0,103.2373,0.0,0,0,Low
80,77,146,125,0,105.1456,0.0,0,0,Low
80,78,145,125,0,103.5238,0.0,0,0,Low
80,79,144,125,0,103.48,0.0,0,0,Low
80,80,143,125,0,106.4789,0.0001,0,0,Low
80,81,142,125,0,106.8783,0.0001,0,0,Low
80,82,141,125,0,106.053,0.0,0,0,Low
80,83,140,125,0,106.6371,0.0,0,0,Low
80,84,139,125,0,101.0727,0.0,0,0,Low
80,85,138,125,0,101.8667,0.0,0,0,Low
80,86,137,125,0,101.3782,0.0,0,0,Low
80,87,136,125,0,102.2497,0.0,0,0,Low
80,88,135,125,0,101.1711,0.0,0,0,Low
80,89,134,125,0,98.7557,0.0,0,0,Low
80,90,133,125,0,98.9936,0.0,0,0,Low
80,91,132,125,0,100.7477,0.0,0,0,Low
80,92,131,125,0,95.7141,0.0001,0,0,Low
80,93,130,125,0,95.0309,0.0,0,0,Low
80,94,129,125,0,96.6871,0.0002,0,0,Low
80,95,128,125,0,96.5662,0.0002,0,0,Low
80,96,127,125,0,95.6892,0.0004,0,0,Low
80,97,126,125,0,91.9982,0.0007,0,0,Low
80,98,125,125,0,92.5476,0.0004,0,0,Low
80,99,124,124,0,93.9976,0.0004,0,0,Low
80,100,123,123,0,94.1574,0.0002,0,0,Low
80,101,122,122,0,89.6599,0.0001,0,0,Low
80,102,121,121,0,95.2784,0.0,0,0,Low
80,103,120,120,0,94.5154,0.0,0,0,Low
80,104,119,119,0,93.3742,0.0,0,0,Low
80,105,118,118,0,87.4486,0.0,0,0,Low
80,106,117,117,0,90.8986,0.0,0,0,Low
80,107,116,116,0,94.8389,0.0,0,0,Low
80,108,115,115,0,91.7197,0.0001,0,0,Low
80,109,114,114,0,91.1296,0.0,0,0,Low
80,110,113,113,0,92.7507,0.0001,0,0,Low
80,111,112,112,0,94.9315,0.0003,0,0,Low
80,112,111,111,0,88.8481,0.0004,0,0,Low
80,113,110,110,0,90.2281,0.0002,0,0,Low
80,114,109,109,0,87.3632,0.0005,0,0,Low
80,115,108,108,0,87.3313,0.0002,0,0,Low
80,116,107,107,0,89.564,0.0003,0,0,Low
80,117,106,106,0,85.8889,0.0012,0,0,Low
80,118,105,105,0,88.6054,0.0012,0,0,Low
80,119,104,104,0,90.3333,0.006,0,0,Low
80,120,103,103,0,91.0481,0.0038,0,0,Low
80,121,102,102,0,86.3573,0.0044,0,0,Low
80,122,101,101,0,87.132,0.0048,0,0,Low
80,123,100,100,0,86.4673,0.0034,0,0,Low
80,124,99,99,0,90.9046,0.0006,0,0,Low
80,125,98,98,0,91.6425,0.001,0,0,Low
80,126,97,97,0,91.7962,0.0006,0,0,Low
80,127,96,96,0,97.5247,0.0002,0,0,Low
80,128,95,95,0,95.3325,0.0,0,0,Low
80,129,94,94,0,94.1691,0.0002,0,0,Low
80,130,93,93,0,98.4753,0.0,0,0,Low
80,131,92,92,0,99.9946,0.0,0,0,Low
80,132,91,91,0,98.2439,0.0001,0,0,Low
80,133,90,90,0,88.7007,0.0009,0,0,Low
81,15,206,125,0,120.6794,0.0,0,0,Low
81,16,205,125,0,121.3166,0.0,0,0,Low
81,17,204,125,0,121.3081,0.0,0,0,Low
81,18,203,125,0,121.2687,0.0,0,0,Low
81,19,202,125,0,121.1758,0.0,0,0,Low
81,20,201,125,0,118.2581,0.0,0,0,Low
81,21,200,125,0,120.3931,0.0,0,0,Low
81,22,199,125,0,120.7431,0.0,0,0,Low
81,23,198,125,0,121.7587,0.0,0,0,Low
81,24,197,125,0,120.5165,0.0,0,0,Low
81,25,196,125,0,121.4135,0.0,0,0,Low
81,26,195,125,0,121.4692,0.0,0,0,Low
81,27,194,125,0,121.6553,0.0,0,0,Low
81,28,193,125,0,121.7657,0.0,0,0,Low
81,29,192,125,0,122.1991,0.0,0,0,Low
81,30,191,125,0,121.4116,0.0,0,0,Low
81,31,190,125,0,121.6705,0.0,0,0,Low
81,32,189,125,0,120.4935,0.0,0,0,Low
81,33,188,125,0,120.218,0.0,0,0,Low
81,34,187,125,0,121.8769,0.0,0,0,Low
81,35,186,125,0,121.5695,0.0,0,0,Low
81,36,185,125,0,121.2357,0.0,0,0,Low
81,37,184,125,0,120.9687,0.0,0,0,Low
81,38,183,125,0,120.6473,0.0,0,0,Low
81,39,182,125,0,120.6373,0.0,0,0,Low
81,40,181,125,0,119.4581,0.0,0,0,Low
81,41,180,125,0,118.9024,0.0,0,0,Low
81,42,179,125,0,118.5357,0.0,0,0,Low
81,43,178,125,0,118.933,0.0,0,0,Low
81,44,177,125,0,115.3868,0.0,0,0,Low
81,45,176,125,0,114.8357,0.0,0,0,Low
81,46,175,125,0,114.3419,0.0,0,0,Low
81,47,174,125,0,114.382,0.0,0,0,Low
81,48,173,125,0,113.8016,0.0,0,0,Low
81,49,172,125,0,112.5512,0.0,0,0,Low
81,50,171,125,0,113.0708,0.0,0,0,Low
81,51,170,125,0,113.8832,0.0,0,0,Low
81,52,169,125,0,115.4058,0.0,0,0,Low
81,53,168,125,0,112.6213,0.0,0,0,Low
81,54,167,125,0,112.6097,0.0,0,0,Low
81,55,166,125,0,109.6937,0.0,0,0,Low
81,56,165,125,0,109.923,0.0,0,0,Low
81,57,164,125,0,110.1948,0.0,0,0,Low
81,58,163,125,0,111.0224,0.0,0,0,Low
81,59,162,125,0,110.3948,0.0,0,0,Low
81,60,161,125,0,111.6455,0.0,0,0,Low
81,61,160,125,0,109.7736,0.0,0,0,Low
81,62,159,125,0,107.7833,0.0,0,0,Low
81,63,158,125,0,109.3871,0.0,0,0,Low
81,64,157,125,0,106.0225,0.0,0,0,Low
81,65,156,125,0,107.7747,0.0,0,0,Low
81,66,155,125,0,109.1464,0.0,0,0,Low
81,67,154,125,0,105.3615,0.0,0,0,Low
81,68,153,125,0,105.5616,0.0,0,0,Low
81,69,152,125,0,106.7392,0.0,0,0,Low
81,70,151,125,0,108.7363,0.0,0,0,Low
81,71,150,125,0,104.2129,0.0,0,0,Low
81,72,149,125,0,105.5698,0.0,0,0,Low
81,73,148,125,0,105.3677,0.0,0,0,Low
81,74,147,125,0,103.8183,0.0,0,0,Low
81,75,146,125,0,102.0196,0.0,0,0,Low
81,76,145,125,0,104.0321,0.0,0,0,Low
81,77,144,125,0,103.6916,0.0,0,0,Low
81,78,143,125,0,106.9704,0.0,0,0,Low
81,79,142,125,0,107.8019,0.0,0,0,Low
81,80,141,125,0,106.65,0.0,0,0,Low
81,81,140,125,0,107.9169,0.0,0,0,Low
81,82,139,125,0,103.8163,0.0,0,0,Low
81,83,138,125,0,105.997,0.0,0,0,Low
81,84,137,125,0,104.7146,0.0,0,0,Low
81,85,136,125,0,105.1282,0.0,0,0,Low
81,86,135,125,0,107.5077,0.0,0,0,Low
81,87,134,125,0,105.2751,0.0,0,0,Low
81,88,133,125,0,106.0633,0.0,0,0,Low
81,89,132,125,0,102.2374,0.0,0,0,Low
81,90,131,125,0,102.8307,0.0,0,0,Low
81,91,130,125,0,105.2431,0.0,0,0,Low
81,92,129,125,0,104.6754,0.0,0,0,Low
81,93,128,125,0,101.2034,0.0,0,0,Low
81,94,127,125,0,102.3854,0.0,0,0,Low
81,95,126,125,0,103.7068,0.0,0,0,Low
81,96,125,125,0,103.1964,0.0,0,0,Low
81,97,124,124,0,102.5064,0.0002,0,0,Low
81,98,123,123,0,101.1705,0.0001,0,0,Low
81,99,122,122,0,101.8705,0.0,0,0,Low
81,100,121,121,0,99.8439,0.0,0,0,Low
81,101,120,120,0,100.595,0.0001,0,0,Low
81,102,119,119,0,99.5764,0.0,0,0,Low
81,103,118,118,0,96.2468,0.0,0,0,Low
81,104,117,117,0,95.7121,0.0003,0,0,Low
81,105,116,116,0,95.1698,0.0003,0,0,Low
81,106,115,115,0,91.66,0.0001,0,0,Low
81,107,114,114,0,91.2932,0.0,0,0,Low
81,108,113,113,0,90.791,0.0002,0,0,Low
81,109,112,112,0,85.949,0.0,0,0,Low
81,110,111,111,0,84.8605,0.0002,0,0,Low
81,111,110,110,0,85.6269,0.0003,0,0,Low
81,112,109,109,0,84.1068,0.0002,0,0,Low
81,113,108,108,0,88.3902,0.0002,0,0,Low
81,114,107,107,0,87.3212,0.0003,0,0,Low
81,115,106,106,0,83.0564,0.0001,0,0,Low
81,116,105,105,0,82.7504,0.0,0,0,Low
81,117,104,104,0,85.5948,0.0,0,0,Low
81,118,103,103,0,82.3683,0.0,0,0,Low
81,119,102,102,0,84.5379,0.0001,0,0,Low
81,120,101,101,0,78.6547,0.0001,0,0,Low
81,121,100,100,0,75.3695,0.0001,0,0,Low
81,122,99,99,0,79.5949,0.0001,0,0,Low
81,123,98,98,0,78.3502,0.001,0,0,Low
81,124,97,97,0,81.1905,0.0002,0,0,Low
81,125,96,96,0,81.0395,0.0004,0,0,Low
81,126,95,95,0,79.5828,0.0051,0,0,Low
81,127,94,94,0,77.3432,0.0017,0,0,Low
81,128,93,93,0,77.9051,0.0006,0,0,Low
81,129,92,92,0,78.9634,0.0002,0,0,Low
81,130,91,91,0,77.6,0.0001,0,0,Low
81,131,90,90,0,79.6869,0.0,0,0,Low
81,132,89,89,0,78.134,0.0001,0,0,Low
81,133,88,88,0,78.7499,0.001,0,0,Low
81,134,87,87,0,77.3109,0.0016,0,0,Low
81,135,86,86,0,82.4462,0.0017,0,0,Low
81,136,85,85,0,84.1413,0.0011,0,0,Low
81,137,84,84,0,79.2021,0.001,0,0,Low
81,138,83,83,0,79.4381,0.0003,0,0,Low
81,139,82,82,0,77.9055,0.0008,0,0,Low
81,140,81,81,0,72.5558,0.0013,0,0,Low
81,141,80,80,0,72.1709,0.0013,0,0,Low
81,142,79,79,0,73.6458,0.0006,0,0,Low
81,143,78,78,0,71.3123,0.0003,0,0,Low
81,144,77,77,0,74.2702,0.0006,0,0,Low
81,145,76,76,0,77.9432,0.0009,0,0,Low
81,146,75,75,0,78.3854,0.0003,0,0,Low
81,147,74,74,0,77.39,0.0033,0,0,Low
81,148,73,73,0,73.4795,0.0157,0,0,Low
81,149,72,72,0,74.6128,0.0307,0,0,Low
81,150,71,71,0,72.5932,0.0141,0,0,Low
81,151,70,70,0,63.2386,0.0194,0,0,Low
81,152,69,69,0,65.961,0.0152,0,0,Low
81,153,68,68,0,62.752,0.0491,0,0,Low
81,154,67,67,0,64.7661,0.1362,0,0,Low
81,155,66,66,0,64.9464,0.0466,0,0,Low
81,156,65,65,0,66.2096,0.2722,0,0,Low
81,157,64,64,0,62.6133,0.2226,0,0,Low
81,158,63,63,0,69.4847,0.0162,0,0,Low
81,159,62,62,0,72.912,0.0162,0,1,Low
81,160,61,61,0,67.5945,0.0032,0,0,Low
81,161,60,60,0,67.7084,0.0009,0,0,Low
81,162,59,59,0,74.107,0.0002,0,0,Low
81,163,58,58,0,68.6806,0.0005,0,0,Low
81,164,57,57,0,67.7172,0.0007,0,0,Low
81,165,56,56,0,62.8944,0.0035,0,0,Low
81,166,55,55,0,63.6434,0.0023,0,0,Low
81,167,54,54,0,62.1794,0.0169,0,1,Low
81,168,53,53,0,63.9163,0.0217,0,1,Low
81,169,52,52,0,62.639,0.0756,0,1,Low
81,170,51,51,0,58.1552,0.1689,0,1,Low
81,171,50,50,0,54.5222,0.3357,0,1,Low
81,172,49,49,0,53.1484,0.2331,0,1,Low
81,173,48,48,0,53.0703,0.5295,0,1,Elevated
81,174,47,47,0,50.2398,0.409,0,1,Elevated
81,175,46,46,0,52.916,0.2385,0,1,Low
81,176,45,45,0,52.362,0.0257,0,1,Low
81,177,44,44,0,52.4572,0.047,0,1,Low
81,178,43,43,0,54.8773,0.0107,0,1,Low
81,179,42,42,0,56.12,0.0069,0,1,Low
81,180,41,41,0,57.4759,0.0066,0,1,Low
81,181,40,40,0,55.2855,0.0424,0,1,Low
81,182,39,39,0,56.654,0.0141,0,1,Low
81,183,38,38,0,52.8173,0.3061,0,1,Low
81,184,37,37,0,45.2334,0.5699,0,1,Elevated
81,185,36,36,0,39.3084,0.8243,1,1,High
81,186,35,35,0,42.4633,0.5461,0,1,Elevated
81,187,34,34,0,39.8812,0.755,0,1,Elevated
81,188,33,33,0,42.3876,0.6672,0,1,Elevated
81,189,32,32,0,43.9813,0.347,0,1,Low
81,190,31,31,0,39.333,0.4307,0,1,Elevated
81,191,30,30,1,36.2524,0.6096,0,1,Elevated
81,192,29,29,1,33.0208,0.8668,1,1,High
81,193,28,28,1,32.5453,0.8959,1,1,High
81,194,27,27,1,29.305,0.9096,1,1,High
81,195,26,26,1,30.6708,0.9215,1,1,High
81,196,25,25,1,29.0947,0.9532,1,1,High
81,197,24,24,1,30.9598,0.9807,1,1,High
81,198,23,23,1,26.9449,0.9899,1,1,High
81,199,22,22,1,26.4871,0.9918,1,1,High
81,200,21,21,1,25.6861,0.9806,1,1,High
81,201,20,20,1,24.0788,0.9851,1,1,High
81,202,19,19,1,23.0194,0.9884,1,1,High
81,203,18,18,1,20.4589,0.9945,1,1,High
81,204,17,17,1,21.6594,0.9888,1,1,High
81,205,16,16,1,19.625,0.9984,1,1,High
81,206,15,15,1,18.7348,0.9991,1,1,High
81,207,14,14,1,18.6134,0.9979,1,1,High
81,208,13,13,1,17.7215,0.9989,1,1,High
81,209,12,12,1,12.7724,0.9996,1,1,High
81,210,11,11,1,10.2649,0.9998,1,1,High
81,211,10,10,1,9.1018,1.0,1,1,High
81,212,9,9,1,7.8834,1.0,1,1,High
81,213,8,8,1,7.3591,1.0,1,1,High
82,15,156,125,0,121.2672,0.0,0,0,Low
82,16,155,125,0,120.7949,0.0,0,0,Low
82,17,154,125,0,120.7262,0.0,0,0,Low
82,18,153,125,0,121.0609,0.0,0,0,Low
82,19,152,125,0,120.8489,0.0,0,0,Low
82,20,151,125,0,119.9433,0.0,0,0,Low
82,21,150,125,0,120.9956,0.0,0,0,Low
82,22,149,125,0,120.9788,0.0,0,0,Low
82,23,148,125,0,121.0568,0.0,0,0,Low
82,24,147,125,0,121.2595,0.0,0,0,Low
82,25,146,125,0,121.2893,0.0,0,0,Low
82,26,145,125,0,120.9043,0.0,0,0,Low
82,27,144,125,0,121.1173,0.0,0,0,Low
82,28,143,125,0,121.2925,0.0,0,0,Low
82,29,142,125,0,121.4393,0.0002,0,0,Low
82,30,141,125,0,121.385,0.0002,0,0,Low
82,31,140,125,0,122.1508,0.0001,0,0,Low
82,32,139,125,0,122.1069,0.0001,0,0,Low
82,33,138,125,0,121.8243,0.0,0,0,Low
82,34,137,125,0,121.4462,0.0,0,0,Low
82,35,136,125,0,121.7829,0.0,0,0,Low
82,36,135,125,0,121.0213,0.0,0,0,Low
82,37,134,125,0,120.7415,0.0,0,0,Low
82,38,133,125,0,121.2725,0.0002,0,0,Low
82,39,132,125,0,120.7203,0.0001,0,0,Low
82,40,131,125,0,120.1838,0.0,0,0,Low
82,41,130,125,0,119.521,0.0,0,0,Low
82,42,129,125,0,119.3825,0.0,0,0,Low
82,43,128,125,0,119.8515,0.0,0,0,Low
82,44,127,125,0,120.2048,0.0,0,0,Low
82,45,126,125,0,119.5696,0.0,0,0,Low
82,46,125,125,0,118.5699,0.0,0,0,Low
82,47,124,124,0,118.5589,0.0,0,0,Low
82,48,123,123,0,118.4243,0.0,0,0,Low
82,49,122,122,0,117.3704,0.0,0,0,Low
82,50,121,121,0,115.8808,0.0,0,0,Low
82,51,120,120,0,116.7456,0.0,0,0,Low
82,52,119,119,0,115.1119,0.0,0,0,Low
82,53,118,118,0,115.1438,0.0,0,0,Low
82,54,117,117,0,114.7402,0.0,0,0,Low
82,55,116,116,0,117.3183,0.0001,0,0,Low
82,56,115,115,0,116.016,0.0001,0,0,Low
82,57,114,114,0,118.1655,0.0001,0,0,Low
82,58,113,113,0,116.0626,0.0002,0,0,Low
82,59,112,112,0,114.6636,0.0,0,0,Low
82,60,111,111,0,114.5511,0.0,0,0,Low
82,61,110,110,0,113.4021,0.0,0,0,Low
82,62,109,109,0,112.4059,0.0,0,0,Low
82,63,108,108,0,113.3107,0.0,0,0,Low
82,64,107,107,0,112.889,0.0,0,0,Low
82,65,106,106,0,110.8407,0.0,0,0,Low
82,66,105,105,0,112.7837,0.0,0,0,Low
82,67,104,104,0,110.4135,0.0,0,0,Low
82,68,103,103,0,109.2009,0.0,0,0,Low
82,69,102,102,0,109.0517,0.0,0,0,Low
82,70,101,101,0,107.9783,0.0,0,0,Low
82,71,100,100,0,108.6616,0.0,0,0,Low
82,72,99,99,0,107.8028,0.0,0,0,Low
82,73,98,98,0,107.4001,0.0,0,0,Low
82,74,97,97,0,107.3017,0.0,0,0,Low
82,75,96,96,0,106.496,0.0,0,0,Low
82,76,95,95,0,103.569,0.0,0,0,Low
82,77,94,94,0,104.7881,0.0001,0,0,Low
82,78,93,93,0,106.6481,0.0002,0,0,Low
82,79,92,92,0,105.3929,0.0004,0,0,Low
82,80,91,91,0,102.1774,0.0002,0,0,Low
82,81,90,90,0,100.9125,0.0016,0,0,Low
82,82,89,89,0,100.2793,0.0027,0,0,Low
82,83,88,88,0,97.5692,0.0008,0,0,Low
82,84,87,87,0,100.5943,0.0008,0,0,Low
82,85,86,86,0,98.3661,0.0003,0,0,Low
82,86,85,85,0,99.2922,0.0,0,0,Low
82,87,84,84,0,100.8226,0.0,0,0,Low
82,88,83,83,0,98.5264,0.0,0,0,Low
82,89,82,82,0,101.1713,0.0,0,0,Low
82,90,81,81,0,99.6028,0.0,0,0,Low
82,91,80,80,0,99.114,0.0,0,0,Low
82,92,79,79,0,101.3935,0.0,0,0,Low
82,93,78,78,0,98.5136,0.0,0,0,Low
82,94,77,77,0,100.0496,0.0,0,0,Low
82,95,76,76,0,99.4256,0.0,0,0,Low
82,96,75,75,0,99.3498,0.0,0,0,Low
82,97,74,74,0,98.1358,0.0,0,0,Low
82,98,73,73,0,96.736,0.0,0,0,Low
82,99,72,72,0,97.4797,0.0002,0,0,Low
82,100,71,71,0,95.2042,0.0003,0,0,Low
82,101,70,70,0,92.6256,0.0005,0,0,Low
82,102,69,69,0,94.1014,0.0027,0,0,Low
82,103,68,68,0,95.47,0.0084,0,0,Low
82,104,67,67,0,91.3089,0.0047,0,0,Low
82,105,66,66,0,91.6615,0.0072,0,0,Low
82,106,65,65,0,90.0754,0.0053,0,0,Low
82,107,64,64,0,90.6515,0.0004,0,0,Low
82,108,63,63,0,89.9111,0.0035,0,0,Low
82,109,62,62,0,91.6328,0.0001,0,0,Low
82,110,61,61,0,90.6544,0.0006,0,0,Low
82,111,60,60,0,87.3232,0.0016,0,0,Low
82,112,59,59,0,86.6898,0.0086,0,0,Low
82,113,58,58,0,88.617,0.001,0,0,Low
82,114,57,57,0,88.5689,0.0046,0,0,Low
82,115,56,56,0,88.1907,0.024,0,0,Low
82,116,55,55,0,88.5512,0.0017,0,0,Low
82,117,54,54,0,88.3876,0.0216,0,0,Low
82,118,53,53,0,86.6262,0.0249,0,0,Low
82,119,52,52,0,89.9922,0.0067,0,0,Low
82,120,51,51,0,91.6099,0.001,0,0,Low
82,121,50,50,0,92.0622,0.0024,0,0,Low
82,122,49,49,0,94.333,0.0013,0,0,Low
82,123,48,48,0,89.5901,0.0036,0,0,Low
82,124,47,47,0,88.8317,0.0006,0,0,Low
82,125,46,46,0,90.9682,0.0075,0,0,Low
82,126,45,45,0,88.9967,0.0039,0,0,Low
82,127,44,44,0,88.8381,0.0107,0,0,Low
82,128,43,43,0,88.8042,0.0076,0,0,Low
82,129,42,42,0,89.8754,0.0316,0,0,Low
82,130,41,41,0,90.4685,0.0441,0,0,Low
82,131,40,40,0,89.3108,0.0293,0,0,Low
82,132,39,39,0,87.2968,0.0228,0,0,Low
82,133,38,38,0,85.9359,0.0644,0,0,Low
82,134,37,37,0,82.4634,0.0411,0,0,Low
82,135,36,36,0,91.405,0.0142,0,0,Low
82,136,35,35,0,94.3644,0.0056,0,0,Low
82,137,34,34,0,91.1402,0.0157,0,1,Low
82,138,33,33,0,86.8534,0.0424,0,1,Low
82,139,32,32,0,83.1848,0.0411,0,1,Low
82,140,31,31,0,73.3897,0.179,0,1,Low
82,141,30,30,1,70.7805,0.4723,0,1,Elevated
82,142,29,29,1,68.2956,0.4533,0,1,Elevated
82,143,28,28,1,58.4423,0.5107,0,1,Elevated
82,144,27,27,1,52.5421,0.3103,0,1,Low
82,145,26,26,1,50.7332,0.4369,0,1,Elevated
82,146,25,25,1,51.6958,0.2573,0,1,Low
82,147,24,24,1,54.4018,0.1928,0,1,Low
82,148,23,23,1,52.2244,0.674,0,1,Elevated
82,149,22,22,1,42.1388,0.7931,0,1,Elevated
82,150,21,21,1,36.5545,0.919,1,1,High
82,151,20,20,1,34.989,0.9304,1,1,High
82,152,19,19,1,32.3523,0.9915,1,1,High
82,153,18,18,1,31.8698,0.9953,1,1,High
82,154,17,17,1,30.9907,0.9945,1,1,High
82,155,16,16,1,30.4049,0.9904,1,1,High
82,156,15,15,1,29.8819,0.9988,1,1,High
82,157,14,14,1,26.0484,0.9946,1,1,High
82,158,13,13,1,23.065,0.9972,1,1,High
82,159,12,12,1,20.6391,0.9992,1,1,High
82,160,11,11,1,15.7827,1.0,1,1,High
82,161,10,10,1,15.7776,0.9999,1,1,High
82,162,9,9,1,13.1605,1.0,1,1,High
83,15,195,125,0,123.0802,0.0,0,0,Low
83,16,194,125,0,123.3547,0.0,0,0,Low
83,17,193,125,0,122.8326,0.0,0,0,Low
83,18,192,125,0,122.9797,0.0,0,0,Low
83,19,191,125,0,123.7044,0.0,0,0,Low
83,20,190,125,0,123.7515,0.0,0,0,Low
83,21,189,125,0,123.6041,0.0,0,0,Low
83,22,188,125,0,124.0071,0.0,0,0,Low
83,23,187,125,0,123.6304,0.0,0,0,Low
83,24,186,125,0,123.719,0.0,0,0,Low
83,25,185,125,0,122.7875,0.0,0,0,Low
83,26,184,125,0,123.5211,0.0001,0,0,Low
83,27,183,125,0,123.1782,0.0,0,0,Low
83,28,182,125,0,123.2612,0.0,0,0,Low
83,29,181,125,0,123.1153,0.0,0,0,Low
83,30,180,125,0,122.8491,0.0,0,0,Low
83,31,179,125,0,123.089,0.0,0,0,Low
83,32,178,125,0,123.5144,0.0,0,0,Low
83,33,177,125,0,123.4938,0.0,0,0,Low
83,34,176,125,0,123.045,0.0,0,0,Low
83,35,175,125,0,123.1817,0.0,0,0,Low
83,36,174,125,0,123.6211,0.0,0,0,Low
83,37,173,125,0,123.436,0.0,0,0,Low
83,38,172,125,0,123.548,0.0,0,0,Low
83,39,171,125,0,123.3257,0.0,0,0,Low
83,40,170,125,0,123.1653,0.0,0,0,Low
83,41,169,125,0,123.1911,0.0,0,0,Low
83,42,168,125,0,123.0513,0.0,0,0,Low
83,43,167,125,0,122.7827,0.0,0,0,Low
83,44,166,125,0,123.4089,0.0,0,0,Low
83,45,165,125,0,120.5035,0.0,0,0,Low
83,46,164,125,0,121.8574,0.0,0,0,Low
83,47,163,125,0,120.8616,0.0,0,0,Low
83,48,162,125,0,121.9427,0.0002,0,0,Low
83,49,161,125,0,119.5284,0.0002,0,0,Low
83,50,160,125,0,120.3278,0.0002,0,0,Low
83,51,159,125,0,120.1608,0.0001,0,0,Low
83,52,158,125,0,118.6116,0.0,0,0,Low
83,53,157,125,0,117.1767,0.0,0,0,Low
83,54,156,125,0,116.5392,0.0001,0,0,Low
83,55,155,125,0,116.3626,0.0,0,0,Low
83,56,154,125,0,117.0098,0.0,0,0,Low
83,57,153,125,0,117.8337,0.0,0,0,Low
83,58,152,125,0,115.5934,0.0,0,0,Low
83,59,151,125,0,116.1637,0.0,0,0,Low
83,60,150,125,0,117.4054,0.0,0,0,Low
83,61,149,125,0,117.4513,0.0,0,0,Low
83,62,148,125,0,118.008,0.0,0,0,Low
83,63,147,125,0,116.7874,0.0,0,0,Low
83,64,146,125,0,117.7228,0.0,0,0,Low
83,65,145,125,0,119.5314,0.0,0,0,Low
83,66,144,125,0,119.2944,0.0,0,0,Low
83,67,143,125,0,119.5009,0.0,0,0,Low
83,68,142,125,0,118.8448,0.0,0,0,Low
83,69,141,125,0,116.7577,0.0,0,0,Low
83,70,140,125,0,117.1764,0.0,0,0,Low
83,71,139,125,0,115.4302,0.0,0,0,Low
83,72,138,125,0,115.8139,0.0,0,0,Low
83,73,137,125,0,116.6089,0.0,0,0,Low
84,15,215,125,0,123.5493,0.0001,0,0,Low
84,16,214,125,0,123.9942,0.0,0,0,Low
84,17,213,125,0,123.7916,0.0,0,0,Low
84,18,212,125,0,123.7957,0.0,0,0,Low
84,19,211,125,0,123.9207,0.0,0,0,Low
84,20,210,125,0,123.9958,0.0,0,0,Low
84,21,209,125,0,124.1943,0.0,0,0,Low
84,22,208,125,0,124.1517,0.0,0,0,Low
84,23,207,125,0,123.7934,0.0,0,0,Low
84,24,206,125,0,123.9214,0.0,0,0,Low
84,25,205,125,0,124.2039,0.0001,0,0,Low
84,26,204,125,0,124.0189,0.0002,0,0,Low
84,27,203,125,0,123.3867,0.0,0,0,Low
84,28,202,125,0,123.6076,0.0,0,0,Low
84,29,201,125,0,123.549,0.0,0,0,Low
84,30,200,125,0,122.6803,0.0,0,0,Low
84,31,199,125,0,122.5079,0.0001,0,0,Low
84,32,198,125,0,121.8562,0.0002,0,0,Low
84,33,197,125,0,122.1053,0.0001,0,0,Low
84,34,196,125,0,121.4053,0.0,0,0,Low
84,35,195,125,0,121.0871,0.0001,0,0,Low
84,36,194,125,0,121.6906,0.0,0,0,Low
84,37,193,125,0,121.4243,0.0,0,0,Low
84,38,192,125,0,122.1529,0.0,0,0,Low
84,39,191,125,0,122.2298,0.0001,0,0,Low
84,40,190,125,0,122.4301,0.0001,0,0,Low
84,41,189,125,0,122.6899,0.0003,0,0,Low
84,42,188,125,0,122.993,0.0,0,0,Low
84,43,187,125,0,122.8239,0.0001,0,0,Low
84,44,186,125,0,122.6644,0.0001,0,0,Low
84,45,185,125,0,123.5127,0.0,0,0,Low
84,46,184,125,0,123.2091,0.0002,0,0,Low
84,47,183,125,0,123.3091,0.0003,0,0,Low
84,48,182,125,0,121.8652,0.0004,0,0,Low
84,49,181,125,0,122.2583,0.0001,0,0,Low
84,50,180,125,0,122.0988,0.0002,0,0,Low
84,51,179,125,0,121.3534,0.0001,0,0,Low
84,52,178,125,0,120.9171,0.0001,0,0,Low
84,53,177,125,0,121.4317,0.0,0,0,Low
84,54,176,125,0,121.7747,0.0001,0,0,Low
84,55,175,125,0,120.4467,0.0,0,0,Low
84,56,174,125,0,119.8272,0.0001,0,0,Low
84,57,173,125,0,120.4172,0.0,0,0,Low
84,58,172,125,0,119.753,0.0001,0,0,Low
84,59,171,125,0,118.2252,0.0004,0,0,Low
84,60,170,125,0,118.3768,0.0004,0,0,Low
84,61,169,125,0,118.2308,0.0016,0,0,Low
84,62,168,125,0,117.5508,0.0002,0,0,Low
84,63,167,125,0,117.6743,0.0001,0,0,Low
84,64,166,125,0,117.8892,0.0,0,0,Low
84,65,165,125,0,116.3251,0.0,0,0,Low
84,66,164,125,0,115.1119,0.0,0,0,Low
84,67,163,125,0,114.0706,0.0001,0,0,Low
84,68,162,125,0,113.7356,0.0003,0,0,Low
84,69,161,125,0,112.7426,0.0002,0,0,Low
84,70,160,125,0,112.2826,0.0003,0,0,Low
84,71,159,125,0,112.9783,0.0001,0,0,Low
84,72,158,125,0,111.8858,0.0003,0,0,Low
84,73,157,125,0,111.7569,0.0001,0,0,Low
84,74,156,125,0,112.5178,0.0,0,0,Low
84,75,155,125,0,111.8567,0.0,0,0,Low
84,76,154,125,0,109.6269,0.0001,0,0,Low
84,77,153,125,0,111.6899,0.0,0,0,Low
84,78,152,125,0,111.6594,0.0,0,0,Low
84,79,151,125,0,107.1367,0.0001,0,0,Low
84,80,150,125,0,104.6115,0.0001,0,0,Low
84,81,149,125,0,104.1568,0.0001,0,0,Low
84,82,148,125,0,103.3925,0.0002,0,0,Low
84,83,147,125,0,99.506,0.0008,0,0,Low
84,84,146,125,0,101.1382,0.0004,0,0,Low
84,85,145,125,0,103.4323,0.0002,0,0,Low
84,86,144,125,0,103.0061,0.0004,0,0,Low
84,87,143,125,0,100.9477,0.0006,0,0,Low
84,88,142,125,0,101.9693,0.0001,0,0,Low
84,89,141,125,0,98.0162,0.0004,0,0,Low
84,90,140,125,0,94.7752,0.0006,0,0,Low
84,91,139,125,0,99.3731,0.0002,0,0,Low
84,92,138,125,0,98.1824,0.0002,0,0,Low
84,93,137,125,0,93.0446,0.0003,0,0,Low
84,94,136,125,0,96.4112,0.0001,0,0,Low
84,95,135,125,0,95.1874,0.0,0,0,Low
84,96,134,125,0,95.6293,0.0002,0,0,Low
84,97,133,125,0,96.5455,0.0001,0,0,Low
84,98,132,125,0,94.726,0.0001,0,0,Low
84,99,131,125,0,94.0923,0.0,0,0,Low
84,100,130,125,0,92.3327,0.0001,0,0,Low
84,101,129,125,0,93.5705,0.0001,0,0,Low
84,102,128,125,0,94.695,0.0001,0,0,Low
84,103,127,125,0,94.5163,0.0,0,0,Low
84,104,126,125,0,90.2765,0.0,0,0,Low
84,105,125,125,0,90.0529,0.0,0,0,Low
84,106,124,124,0,89.1193,0.0,0,0,Low
84,107,123,123,0,89.4126,0.0,0,0,Low
84,108,122,122,0,92.6882,0.0,0,0,Low
84,109,121,121,0,90.3951,0.0009,0,0,Low
84,110,120,120,0,88.4918,0.0009,0,0,Low
84,111,119,119,0,86.5427,0.0021,0,0,Low
84,112,118,118,0,89.1276,0.0007,0,0,Low
84,113,117,117,0,88.3024,0.0011,0,0,Low
84,114,116,116,0,90.7856,0.0001,0,0,Low
84,115,115,115,0,90.9747,0.0002,0,0,Low
84,116,114,114,0,88.3688,0.0001,0,0,Low
84,117,113,113,0,91.4974,0.0,0,0,Low
84,118,112,112,0,90.6657,0.0001,0,0,Low
84,119,111,111,0,93.4153,0.0,0,0,Low
84,120,110,110,0,89.497,0.0001,0,0,Low
84,121,109,109,0,91.4895,0.0,0,0,Low
84,122,108,108,0,87.2637,0.0001,0,0,Low
84,123,107,107,0,85.2843,0.0002,0,0,Low
84,124,106,106,0,89.1415,0.0008,0,0,Low
84,125,105,105,0,89.9371,0.0001,0,0,Low
84,126,104,104,0,88.9899,0.0003,0,0,Low
84,127,103,103,0,89.3045,0.0002,0,0,Low
84,128,102,102,0,88.2991,0.0002,0,0,Low
84,129,101,101,0,88.6219,0.0007,0,0,Low
84,130,100,100,0,82.3011,0.0026,0,0,Low
84,131,99,99,0,86.8069,0.0015,0,0,Low
84,132,98,98,0,83.378,0.0045,0,0,Low
84,133,97,97,0,86.1675,0.0051,0,0,Low
84,134,96,96,0,87.8425,0.0007,0,0,Low
84,135,95,95,0,90.0865,0.0009,0,0,Low
84,136,94,94,0,90.0974,0.0005,0,0,Low
84,137,93,93,0,88.3917,0.0011,0,0,Low
84,138,92,92,0,88.3927,0.0004,0,0,Low
84,139,91,91,0,89.1751,0.0024,0,0,Low
84,140,90,90,0,87.3846,0.0014,0,0,Low
84,141,89,89,0,91.9383,0.0008,0,0,Low
84,142,88,88,0,94.7348,0.0002,0,0,Low
84,143,87,87,0,82.7111,0.0013,0,0,Low
84,144,86,86,0,82.6485,0.0012,0,0,Low
84,145,85,85,0,81.6647,0.0005,0,0,Low
84,146,84,84,0,88.335,0.0005,0,0,Low
84,147,83,83,0,93.7421,0.0023,0,0,Low
84,148,82,82,0,87.0611,0.0149,0,1,Low
84,149,81,81,0,84.3989,0.0388,0,1,Low
84,150,80,80,0,83.6959,0.0123,0,1,Low
84,151,79,79,0,77.9876,0.0173,0,0,Low
84,152,78,78,0,71.901,0.0588,0,0,Low
84,153,77,77,0,77.7367,0.0323,0,0,Low
84,154,76,76,0,79.9791,0.0032,0,0,Low
84,155,75,75,0,78.9228,0.0117,0,0,Low
84,156,74,74,0,73.8699,0.0049,0,1,Low
84,157,73,73,0,81.8781,0.0037,0,1,Low
84,158,72,72,0,82.8442,0.0033,0,1,Low
84,159,71,71,0,74.1891,0.0032,0,1,Low
84,160,70,70,0,73.6028,0.0013,0,1,Low
84,161,69,69,0,64.7993,0.0028,0,1,Low
84,162,68,68,0,67.0036,0.007,0,1,Low
84,163,67,67,0,65.9394,0.0188,0,1,Low
84,164,66,66,0,64.6363,0.0439,0,1,Low
84,165,65,65,0,70.5861,0.0305,0,1,Low
84,166,64,64,0,68.137,0.0667,0,1,Low
84,167,63,63,0,70.1963,0.0188,0,1,Low
84,168,62,62,0,72.8681,0.0132,0,1,Low
84,169,61,61,0,69.1856,0.0122,0,1,Low
84,170,60,60,0,72.9316,0.0029,0,1,Low
84,171,59,59,0,67.2074,0.0067,0,1,Low
84,172,58,58,0,66.9372,0.015,0,1,Low
85,15,137,125,0,122.2355,0.0002,0,0,Low
85,16,136,125,0,122.891,0.0001,0,0,Low
85,17,135,125,0,122.8461,0.0001,0,0,Low
85,18,134,125,0,122.9189,0.0001,0,0,Low
85,19,133,125,0,122.3555,0.0001,0,0,Low
85,20,132,125,0,121.8905,0.0002,0,0,Low
85,21,131,125,0,122.4822,0.0002,0,0,Low
85,22,130,125,0,122.9782,0.0002,0,0,Low
85,23,129,125,0,123.0469,0.0001,0,0,Low
85,24,128,125,0,122.6481,0.0001,0,0,Low
85,25,127,125,0,123.3752,0.0,0,0,Low
85,26,126,125,0,122.8808,0.0,0,0,Low
85,27,125,125,0,123.1612,0.0001,0,0,Low
85,28,124,124,0,122.4973,0.0002,0,0,Low
85,29,123,123,0,122.4972,0.0001,0,0,Low
85,30,122,122,0,122.9498,0.0001,0,0,Low
85,31,121,121,0,123.2906,0.0001,0,0,Low
85,32,120,120,0,123.6059,0.0001,0,0,Low
85,33,119,119,0,123.0495,0.0002,0,0,Low
85,34,118,118,0,122.5093,0.0008,0,0,Low
86,15,184,125,0,121.6166,0.0,0,0,Low
86,16,183,125,0,121.612,0.0,0,0,Low
86,17,182,125,0,121.7139,0.0,0,0,Low
86,18,181,125,0,121.4892,0.0001,0,0,Low
86,19,180,125,0,121.1702,0.0,0,0,Low
86,20,179,125,0,121.991,0.0001,0,0,Low
86,21,178,125,0,122.1656,0.0002,0,0,Low
86,22,177,125,0,121.826,0.0002,0,0,Low
86,23,176,125,0,120.5124,0.0001,0,0,Low
86,24,175,125,0,120.6039,0.0001,0,0,Low
86,25,174,125,0,121.4356,0.0001,0,0,Low
86,26,173,125,0,121.704,0.0,0,0,Low
86,27,172,125,0,121.5481,0.0001,0,0,Low
86,28,171,125,0,123.6502,0.0001,0,0,Low
86,29,170,125,0,123.7895,0.0001,0,0,Low
86,30,169,125,0,123.7759,0.0,0,0,Low
86,31,168,125,0,123.1923,0.0001,0,0,Low
86,32,167,125,0,123.9859,0.0,0,0,Low
86,33,166,125,0,123.8879,0.0,0,0,Low
86,34,165,125,0,123.5058,0.0,0,0,Low
86,35,164,125,0,123.0339,0.0001,0,0,Low
86,36,163,125,0,123.5667,0.0,0,0,Low
86,37,162,125,0,123.0939,0.0001,0,0,Low
86,38,161,125,0,122.8919,0.0,0,0,Low
86,39,160,125,0,122.2601,0.0002,0,0,Low
86,40,159,125,0,122.3297,0.0,0,0,Low
86,41,158,125,0,122.351,0.0,0,0,Low
86,42,157,125,0,122.0359,0.0001,0,0,Low
86,43,156,125,0,121.4887,0.0003,0,0,Low
86,44,155,125,0,121.5185,0.0001,0,0,Low
86,45,154,125,0,120.6553,0.0001,0,0,Low
86,46,153,125,0,121.649,0.0001,0,0,Low
86,47,152,125,0,119.2282,0.0,0,0,Low
86,48,151,125,0,120.8132,0.0,0,0,Low
86,49,150,125,0,120.5241,0.0,0,0,Low
86,50,149,125,0,120.7946,0.0,0,0,Low
86,51,148,125,0,120.2445,0.0,0,0,Low
86,52,147,125,0,117.213,0.0,0,0,Low
86,53,146,125,0,117.5639,0.0001,0,0,Low
86,54,145,125,0,118.4875,0.0001,0,0,Low
86,55,144,125,0,118.0287,0.0,0,0,Low
86,56,143,125,0,117.2259,0.0001,0,0,Low
86,57,142,125,0,118.0279,0.0,0,0,Low
86,58,141,125,0,118.2154,0.0003,0,0,Low
86,59,140,125,0,113.7733,0.0001,0,0,Low
86,60,139,125,0,113.8566,0.0001,0,0,Low
86,61,138,125,0,113.0929,0.0001,0,0,Low
86,62,137,125,0,113.6436,0.0,0,0,Low
86,63,136,125,0,115.2011,0.0,0,0,Low
86,64,135,125,0,115.5521,0.0,0,0,Low
86,65,134,125,0,113.9117,0.0,0,0,Low
86,66,133,125,0,114.3235,0.0,0,0,Low
86,67,132,125,0,113.4133,0.0,0,0,Low
86,68,131,125,0,111.5177,0.0,0,0,Low
86,69,130,125,0,111.4413,0.0001,0,0,Low
86,70,129,125,0,112.6152,0.0,0,0,Low
86,71,128,125,0,113.9304,0.0,0,0,Low
86,72,127,125,0,111.9457,0.0001,0,0,Low
86,73,126,125,0,110.9863,0.0022,0,0,Low
86,74,125,125,0,110.4031,0.0003,0,0,Low
86,75,124,124,0,109.2851,0.0004,0,0,Low
86,76,123,123,0,102.8922,0.0009,0,0,Low
86,77,122,122,0,101.8249,0.0006,0,0,Low
86,78,121,121,0,101.986,0.0001,0,0,Low
86,79,120,120,0,102.3265,0.0002,0,0,Low
86,80,119,119,0,102.2294,0.0002,0,0,Low
86,81,118,118,0,101.4523,0.0003,0,0,Low
86,82,117,117,0,99.2464,0.0002,0,0,Low
86,83,116,116,0,97.1988,0.0003,0,0,Low
86,84,115,115,0,93.4748,0.0006,0,0,Low
86,85,114,114,0,92.5904,0.0001,0,0,Low
86,86,113,113,0,91.2644,0.0002,0,0,Low
86,87,112,112,0,91.0268,0.0003,0,0,Low
86,88,111,111,0,91.4722,0.0009,0,0,Low
86,89,110,110,0,93.046,0.0014,0,0,Low
86,90,109,109,0,91.9329,0.0009,0,0,Low
86,91,108,108,0,95.2883,0.0008,0,0,Low
86,92,107,107,0,91.1526,0.002,0,0,Low
86,93,106,106,0,92.4858,0.0001,0,0,Low
86,94,105,105,0,92.4124,0.0002,0,0,Low
86,95,104,104,0,94.3285,0.0002,0,0,Low
86,96,103,103,0,93.8784,0.0003,0,0,Low
86,97,102,102,0,95.7078,0.0,0,0,Low
86,98,101,101,0,92.4347,0.0,0,0,Low
86,99,100,100,0,94.8117,0.0,0,0,Low
86,100,99,99,0,92.3576,0.0,0,0,Low
86,101,98,98,0,93.841,0.0,0,0,Low
86,102,97,97,0,93.8954,0.0,0,0,Low
86,103,96,96,0,92.7399,0.0002,0,0,Low
86,104,95,95,0,87.5195,0.0002,0,0,Low
86,105,94,94,0,86.2965,0.0016,0,0,Low
86,106,93,93,0,86.9326,0.0004,0,0,Low
86,107,92,92,0,88.6641,0.0006,0,0,Low
86,108,91,91,0,90.1636,0.0006,0,0,Low
86,109,90,90,0,90.4598,0.001,0,0,Low
86,110,89,89,0,90.2977,0.001,0,0,Low
87,15,157,125,0,121.372,0.0,0,0,Low
87,16,156,125,0,120.6487,0.0,0,0,Low
87,17,155,125,0,120.1387,0.0,0,0,Low
87,18,154,125,0,120.2552,0.0001,0,0,Low
87,19,153,125,0,119.9744,0.0,0,0,Low
87,20,152,125,0,120.2682,0.0,0,0,Low
87,21,151,125,0,121.4268,0.0,0,0,Low
87,22,150,125,0,120.9805,0.0,0,0,Low
87,23,149,125,0,120.5117,0.0,0,0,Low
87,24,148,125,0,120.1106,0.0,0,0,Low
87,25,147,125,0,120.4128,0.0,0,0,Low
87,26,146,125,0,121.0186,0.0,0,0,Low
87,27,145,125,0,120.3519,0.0,0,0,Low
87,28,144,125,0,120.3195,0.0,0,0,Low
87,29,143,125,0,120.1372,0.0,0,0,Low
87,30,142,125,0,121.4855,0.0,0,0,Low
87,31,141,125,0,120.7967,0.0,0,0,Low
87,32,140,125,0,121.5405,0.0,0,0,Low
87,33,139,125,0,122.1639,0.0,0,0,Low
87,34,138,125,0,122.1383,0.0,0,0,Low
87,35,137,125,0,121.1403,0.0,0,0,Low
87,36,136,125,0,121.0333,0.0,0,0,Low
87,37,135,125,0,121.502,0.0,0,0,Low
87,38,134,125,0,120.8236,0.0,0,0,Low
87,39,133,125,0,120.4205,0.0,0,0,Low
87,40,132,125,0,120.9857,0.0,0,0,Low
87,41,131,125,0,120.8797,0.0,0,0,Low
87,42,130,125,0,119.8452,0.0,0,0,Low
87,43,129,125,0,120.2606,0.0,0,0,Low
87,44,128,125,0,120.1843,0.0,0,0,Low
87,45,127,125,0,119.1691,0.0,0,0,Low
87,46,126,125,0,118.443,0.0,0,0,Low
87,47,125,125,0,118.3564,0.0,0,0,Low
87,48,124,124,0,118.762,0.0,0,0,Low
87,49,123,123,0,119.4053,0.0,0,0,Low
87,50,122,122,0,117.8835,0.0,0,0,Low
87,51,121,121,0,116.845,0.0,0,0,Low
87,52,120,120,0,115.415,0.0,0,0,Low
87,53,119,119,0,116.5516,0.0,0,0,Low
87,54,118,118,0,117.3499,0.0,0,0,Low
87,55,117,117,0,117.1635,0.0,0,0,Low
87,56,116,116,0,118.4611,0.0,0,0,Low
88,15,168,125,0,122.8529,0.0001,0,0,Low
88,16,167,125,0,122.5548,0.0011,0,0,Low
88,17,166,125,0,123.0432,0.0005,0,0,Low
88,18,165,125,0,123.2907,0.0003,0,0,Low
88,19,164,125,0,123.7037,0.0012,0,0,Low
88,20,163,125,0,123.904,0.0008,0,0,Low
88,21,162,125,0,123.7959,0.0003,0,0,Low
88,22,161,125,0,123.5243,0.0,0,0,Low
88,23,160,125,0,123.6842,0.0001,0,0,Low
88,24,159,125,0,123.5544,0.0002,0,0,Low
88,25,158,125,0,122.9909,0.0003,0,0,Low
88,26,157,125,0,123.6128,0.0003,0,0,Low
88,27,156,125,0,123.5119,0.001,0,0,Low
88,28,155,125,0,123.2398,0.001,0,0,Low
88,29,154,125,0,123.0389,0.0024,0,0,Low
88,30,153,125,0,123.2409,0.0005,0,0,Low
88,31,152,125,0,123.2939,0.0005,0,0,Low
88,32,151,125,0,122.6185,0.0019,0,0,Low
88,33,150,125,0,121.1316,0.0035,0,0,Low
88,34,149,125,0,122.4954,0.0008,0,0,Low
88,35,148,125,0,121.4463,0.0019,0,0,Low
88,36,147,125,0,120.1944,0.0026,0,0,Low
88,37,146,125,0,121.4462,0.0004,0,0,Low
88,38,145,125,0,121.0618,0.0006,0,0,Low
88,39,144,125,0,120.1652,0.0135,0,1,Low
88,40,143,125,0,119.1156,0.0013,0,0,Low
88,41,142,125,0,118.1632,0.0027,0,0,Low
88,42,141,125,0,119.6507,0.0022,0,0,Low
88,43,140,125,0,120.1142,0.0019,0,0,Low
88,44,139,125,0,121.2482,0.0004,0,0,Low
88,45,138,125,0,120.9163,0.0001,0,0,Low
88,46,137,125,0,121.5717,0.0003,0,0,Low
88,47,136,125,0,120.829,0.0014,0,0,Low
88,48,135,125,0,120.2574,0.0011,0,0,Low
88,49,134,125,0,120.2724,0.001,0,0,Low
88,50,133,125,0,118.3817,0.0079,0,0,Low
88,51,132,125,0,117.8967,0.0023,0,0,Low
88,52,131,125,0,119.9817,0.0006,0,0,Low
88,53,130,125,0,118.5573,0.0014,0,0,Low
88,54,129,125,0,118.3871,0.0019,0,0,Low
88,55,128,125,0,117.2444,0.0006,0,0,Low
88,56,127,125,0,118.7057,0.0006,0,0,Low
88,57,126,125,0,119.6708,0.001,0,0,Low
88,58,125,125,0,117.8227,0.003,0,0,Low
88,59,124,124,0,112.2019,0.0298,0,0,Low
88,60,123,123,0,112.2843,0.0072,0,0,Low
88,61,122,122,0,111.2311,0.0079,0,0,Low
88,62,121,121,0,111.3983,0.0055,0,0,Low
88,63,120,120,0,112.3391,0.0024,0,0,Low
88,64,119,119,0,111.8881,0.0059,0,0,Low
88,65,118,118,0,111.8818,0.0023,0,0,Low
88,66,117,117,0,115.7076,0.0014,0,0,Low
88,67,116,116,0,114.9905,0.0047,0,0,Low
88,68,115,115,0,113.4473,0.0008,0,0,Low
89,15,298,125,0,123.3129,0.0,0,0,Low
89,16,297,125,0,122.8254,0.0,0,0,Low
89,17,296,125,0,122.9762,0.0,0,0,Low
89,18,295,125,0,122.1553,0.0,0,0,Low
89,19,294,125,0,122.5603,0.0002,0,0,Low
89,20,293,125,0,122.9456,0.0002,0,0,Low
89,21,292,125,0,123.1693,0.0,0,0,Low
89,22,291,125,0,122.6502,0.0,0,0,Low
89,23,290,125,0,122.9653,0.0,0,0,Low
89,24,289,125,0,123.7424,0.0,0,0,Low
89,25,288,125,0,123.7862,0.0,0,0,Low
89,26,287,125,0,123.7923,0.0003,0,0,Low
89,27,286,125,0,123.9544,0.0003,0,0,Low
89,28,285,125,0,124.3316,0.0001,0,0,Low
89,29,284,125,0,124.1221,0.0,0,0,Low
89,30,283,125,0,124.0632,0.0001,0,0,Low
89,31,282,125,0,123.9177,0.0001,0,0,Low
89,32,281,125,0,123.4283,0.0001,0,0,Low
89,33,280,125,0,123.1662,0.0001,0,0,Low
89,34,279,125,0,122.7877,0.0,0,0,Low
89,35,278,125,0,121.6697,0.0001,0,0,Low
89,36,277,125,0,120.0383,0.0001,0,0,Low
89,37,276,125,0,120.0627,0.0,0,0,Low
89,38,275,125,0,121.4368,0.0,0,0,Low
89,39,274,125,0,120.4611,0.0001,0,0,Low
89,40,273,125,0,119.3426,0.0,0,0,Low
89,41,272,125,0,121.6754,0.0,0,0,Low
89,42,271,125,0,121.317,0.0,0,0,Low
89,43,270,125,0,120.8916,0.0,0,0,Low
89,44,269,125,0,121.3452,0.0,0,0,Low
89,45,268,125,0,121.8637,0.0,0,0,Low
89,46,267,125,0,122.5404,0.0,0,0,Low
89,47,266,125,0,122.3032,0.0001,0,0,Low
89,48,265,125,0,121.7562,0.0,0,0,Low
89,49,264,125,0,121.0396,0.0,0,0,Low
89,50,263,125,0,120.3192,0.0,0,0,Low
89,51,262,125,0,121.0771,0.0,0,0,Low
89,52,261,125,0,120.2995,0.0,0,0,Low
89,53,260,125,0,118.1199,0.0001,0,0,Low
89,54,259,125,0,119.1046,0.0002,0,0,Low
89,55,258,125,0,119.0854,0.0002,0,0,Low
89,56,257,125,0,119.3414,0.0002,0,0,Low
89,57,256,125,0,119.678,0.0004,0,0,Low
89,58,255,125,0,120.2093,0.0002,0,0,Low
89,59,254,125,0,119.2344,0.0,0,0,Low
89,60,253,125,0,118.399,0.0001,0,0,Low
89,61,252,125,0,116.467,0.0001,0,0,Low
89,62,251,125,0,116.2386,0.0001,0,0,Low
89,63,250,125,0,116.7221,0.0003,0,0,Low
89,64,249,125,0,115.6454,0.0038,0,0,Low
89,65,248,125,0,113.6246,0.0007,0,0,Low
89,66,247,125,0,115.2946,0.001,0,0,Low
89,67,246,125,0,116.4467,0.0014,0,0,Low
89,68,245,125,0,115.6895,0.0006,0,0,Low
89,69,244,125,0,116.521,0.0008,0,0,Low
89,70,243,125,0,116.206,0.0006,0,0,Low
89,71,242,125,0,115.3163,0.0002,0,0,Low
89,72,241,125,0,115.1186,0.0001,0,0,Low
89,73,240,125,0,114.3622,0.0001,0,0,Low
89,74,239,125,0,114.0568,0.0,0,0,Low
89,75,238,125,0,114.69,0.0,0,0,Low
89,76,237,125,0,111.8134,0.0,0,0,Low
89,77,236,125,0,111.6869,0.0,0,0,Low
89,78,235,125,0,108.7136,0.0,0,0,Low
89,79,234,125,0,111.7765,0.0,0,0,Low
89,80,233,125,0,111.2245,0.0003,0,0,Low
89,81,232,125,0,110.4025,0.0001,0,0,Low
89,82,231,125,0,111.9135,0.0004,0,0,Low
89,83,230,125,0,109.7342,0.0014,0,0,Low
89,84,229,125,0,108.6168,0.0007,0,0,Low
89,85,228,125,0,109.0481,0.0001,0,0,Low
89,86,227,125,0,108.1832,0.0002,0,0,Low
89,87,226,125,0,106.497,0.0002,0,0,Low
89,88,225,125,0,107.4708,0.0,0,0,Low
89,89,224,125,0,106.6875,0.0003,0,0,Low
89,90,223,125,0,105.3694,0.0,0,0,Low
89,91,222,125,0,105.7153,0.0,0,0,Low
89,92,221,125,0,100.8621,0.0,0,0,Low
89,93,220,125,0,101.7781,0.0,0,0,Low
89,94,219,125,0,100.7253,0.0,0,0,Low
89,95,218,125,0,97.9211,0.0,0,0,Low
89,96,217,125,0,92.0209,0.0001,0,0,Low
89,97,216,125,0,89.1395,0.0001,0,0,Low
89,98,215,125,0,87.8938,0.0,0,0,Low
89,99,214,125,0,95.3353,0.0001,0,0,Low
89,100,213,125,0,94.9875,0.0001,0,0,Low
89,101,212,125,0,95.1922,0.0,0,0,Low
89,102,211,125,0,94.0355,0.0001,0,0,Low
89,103,210,125,0,90.0769,0.0001,0,0,Low
89,104,209,125,0,91.2883,0.0002,0,0,Low
89,105,208,125,0,93.291,0.0,0,0,Low
89,106,207,125,0,92.4954,0.0001,0,0,Low
89,107,206,125,0,87.6304,0.0001,0,0,Low
89,108,205,125,0,83.4952,0.0004,0,0,Low
89,109,204,125,0,85.1634,0.0002,0,0,Low
89,110,203,125,0,85.1044,0.0006,0,0,Low
89,111,202,125,0,86.0679,0.0003,0,0,Low
89,112,201,125,0,87.7074,0.0002,0,0,Low
89,113,200,125,0,85.7352,0.0003,0,0,Low
89,114,199,125,0,87.4648,0.0003,0,0,Low
89,115,198,125,0,85.1786,0.0004,0,0,Low
89,116,197,125,0,85.6531,0.0006,0,0,Low
89,117,196,125,0,86.8645,0.0001,0,0,Low
89,118,195,125,0,89.7562,0.0002,0,0,Low
89,119,194,125,0,92.8704,0.0001,0,0,Low
89,120,193,125,0,91.9483,0.0005,0,0,Low
89,121,192,125,0,91.9465,0.0001,0,0,Low
89,122,191,125,0,93.9997,0.0003,0,0,Low
89,123,190,125,0,95.2948,0.0002,0,0,Low
89,124,189,125,0,91.0271,0.0002,0,0,Low
89,125,188,125,0,92.5811,0.0001,0,0,Low
89,126,187,125,0,86.706,0.0,0,0,Low
89,127,186,125,0,87.9423,0.0,0,0,Low
89,128,185,125,0,87.8813,0.0,0,0,Low
89,129,184,125,0,85.0247,0.0,0,0,Low
89,130,183,125,0,85.1647,0.0,0,0,Low
89,131,182,125,0,88.2349,0.0,0,0,Low
89,132,181,125,0,87.1946,0.0001,0,0,Low
89,133,180,125,0,85.9184,0.0001,0,0,Low
89,134,179,125,0,85.4614,0.0001,0,0,Low
89,135,178,125,0,84.5687,0.0001,0,0,Low
89,136,177,125,0,83.5622,0.0001,0,0,Low
89,137,176,125,0,89.5422,0.0,0,0,Low
89,138,175,125,0,89.5132,0.0,0,0,Low
89,139,174,125,0,91.8068,0.0,0,0,Low
89,140,173,125,0,88.7888,0.0001,0,0,Low
89,141,172,125,0,90.5465,0.0003,0,0,Low
89,142,171,125,0,89.494,0.0002,0,0,Low
89,143,170,125,0,90.2073,0.0003,0,0,Low
89,144,169,125,0,90.8986,0.0002,0,0,Low
89,145,168,125,0,91.0849,0.0002,0,0,Low
89,146,167,125,0,90.1862,0.0001,0,0,Low
89,147,166,125,0,90.1241,0.0002,0,0,Low
89,148,165,125,0,92.2307,0.0001,0,0,Low
89,149,164,125,0,92.2782,0.0002,0,0,Low
89,150,163,125,0,89.8749,0.0004,0,0,Low
89,151,162,125,0,89.2,0.0005,0,0,Low
89,152,161,125,0,88.2447,0.0007,0,0,Low
89,153,160,125,0,85.1552,0.0003,0,0,Low
89,154,159,125,0,90.3313,0.0001,0,0,Low
89,155,158,125,0,86.1774,0.0001,0,0,Low
89,156,157,125,0,91.276,0.0,0,0,Low
89,157,156,125,0,93.3644,0.0,0,0,Low
89,158,155,125,0,91.0317,0.0002,0,0,Low
89,159,154,125,0,89.1434,0.001,0,0,Low
89,160,153,125,0,89.1948,0.0004,0,0,Low
89,161,152,125,0,90.2711,0.0003,0,0,Low
89,162,151,125,0,89.5927,0.0003,0,0,Low
89,163,150,125,0,91.7622,0.0001,0,0,Low
89,164,149,125,0,91.0717,0.0,0,0,Low
89,165,148,125,0,87.6715,0.0001,0,0,Low
89,166,147,125,0,86.886,0.0001,0,0,Low
89,167,146,125,0,88.3537,0.0012,0,0,Low
89,168,145,125,0,88.2194,0.0004,0,0,Low
89,169,144,125,0,82.9586,0.0045,0,0,Low
89,170,143,125,0,92.466,0.0001,0,0,Low
89,171,142,125,0,94.1189,0.0005,0,0,Low
89,172,141,125,0,96.4857,0.0001,0,0,Low
89,173,140,125,0,93.6844,0.0002,0,0,Low
89,174,139,125,0,92.5426,0.0002,0,0,Low
89,175,138,125,0,93.6368,0.0003,0,0,Low
89,176,137,125,0,96.6208,0.0003,0,0,Low
89,177,136,125,0,97.2912,0.0002,0,0,Low
90,15,159,125,0,123.2698,0.0003,0,0,Low
90,16,158,125,0,122.8894,0.0,0,0,Low
90,17,157,125,0,122.737,0.0002,0,0,Low
90,18,156,125,0,122.5807,0.0001,0,0,Low
90,19,155,125,0,122.8122,0.0003,0,0,Low
90,20,154,125,0,121.8337,0.0,0,0,Low
90,21,153,125,0,122.0717,0.0001,0,0,Low
90,22,152,125,0,121.6982,0.0001,0,0,Low
90,23,151,125,0,122.7729,0.0001,0,0,Low
90,24,150,125,0,123.1205,0.0001,0,0,Low
90,25,149,125,0,122.9277,0.0001,0,0,Low
90,26,148,125,0,123.3146,0.0001,0,0,Low
90,27,147,125,0,122.8428,0.0,0,0,Low
90,28,146,125,0,123.0003,0.0,0,0,Low
90,29,145,125,0,122.0141,0.0,0,0,Low
90,30,144,125,0,121.9195,0.0,0,0,Low
90,31,143,125,0,122.0905,0.0,0,0,Low
90,32,142,125,0,121.4763,0.0,0,0,Low
90,33,141,125,0,122.0064,0.0,0,0,Low
90,34,140,125,0,123.0458,0.0,0,0,Low
90,35,139,125,0,122.7202,0.0,0,0,Low
90,36,138,125,0,124.2715,0.0,0,0,Low
90,37,137,125,0,124.1822,0.0,0,0,Low
90,38,136,125,0,124.3068,0.0,0,0,Low
90,39,135,125,0,124.4492,0.0,0,0,Low
90,40,134,125,0,124.0129,0.0,0,0,Low
90,41,133,125,0,124.0929,0.0,0,0,Low
90,42,132,125,0,124.0789,0.0001,0,0,Low
90,43,131,125,0,123.985,0.0001,0,0,Low
90,44,130,125,0,123.273,0.0004,0,0,Low
90,45,129,125,0,123.0124,0.0001,0,0,Low
90,46,128,125,0,123.0181,0.0001,0,0,Low
90,47,127,125,0,123.0045,0.0001,0,0,Low
90,48,126,125,0,122.2034,0.0004,0,0,Low
90,49,125,125,0,122.0186,0.0,0,0,Low
90,50,124,124,0,122.2569,0.0001,0,0,Low
90,51,123,123,0,121.1981,0.0,0,0,Low
90,52,122,122,0,121.0478,0.0,0,0,Low
90,53,121,121,0,120.978,0.0,0,0,Low
90,54,120,120,0,118.5081,0.0,0,0,Low
90,55,119,119,0,118.585,0.0005,0,0,Low
90,56,118,118,0,117.9223,0.0003,0,0,Low
90,57,117,117,0,118.0174,0.0013,0,0,Low
90,58,116,116,0,119.1065,0.0021,0,0,Low
90,59,115,115,0,118.3006,0.0012,0,0,Low
90,60,114,114,0,117.5041,0.0,0,0,Low
90,61,113,113,0,118.1568,0.0005,0,0,Low
90,62,112,112,0,116.3406,0.0001,0,0,Low
90,63,111,111,0,114.2825,0.0002,0,0,Low
90,64,110,110,0,114.6932,0.0004,0,0,Low
90,65,109,109,0,113.5587,0.0023,0,0,Low
90,66,108,108,0,111.9279,0.0002,0,0,Low
90,67,107,107,0,112.6203,0.0001,0,0,Low
90,68,106,106,0,113.0851,0.0001,0,0,Low
90,69,105,105,0,112.2276,0.0,0,0,Low
90,70,104,104,0,112.0157,0.0001,0,0,Low
90,71,103,103,0,113.3074,0.0002,0,0,Low
90,72,102,102,0,113.0606,0.0002,0,0,Low
90,73,101,101,0,112.5003,0.0001,0,0,Low
90,74,100,100,0,114.5749,0.0002,0,0,Low
90,75,99,99,0,111.9045,0.0001,0,0,Low
90,76,98,98,0,107.4115,0.0003,0,0,Low
90,77,97,97,0,110.8932,0.0003,0,0,Low
90,78,96,96,0,110.5126,0.0012,0,0,Low
90,79,95,95,0,102.5492,0.0004,0,0,Low
90,80,94,94,0,101.3172,0.0002,0,0,Low
90,81,93,93,0,101.7938,0.0001,0,0,Low
90,82,92,92,0,100.2945,0.0001,0,0,Low
90,83,91,91,0,100.6444,0.0,0,0,Low
90,84,90,90,0,98.1189,0.0,0,0,Low
90,85,89,89,0,98.6279,0.0002,0,0,Low
90,86,88,88,0,98.2428,0.0011,0,0,Low
90,87,87,87,0,94.8832,0.0007,0,0,Low
90,88,86,86,0,95.1267,0.0009,0,0,Low
90,89,85,85,0,93.5323,0.001,0,0,Low
90,90,84,84,0,95.7166,0.0005,0,0,Low
90,91,83,83,0,94.4744,0.0006,0,0,Low
90,92,82,82,0,93.2331,0.001,0,0,Low
90,93,81,81,0,98.2582,0.0002,0,0,Low
90,94,80,80,0,93.3767,0.0004,0,0,Low
90,95,79,79,0,96.8893,0.0006,0,0,Low
90,96,78,78,0,98.3367,0.0001,0,0,Low
90,97,77,77,0,91.1473,0.0001,0,0,Low
90,98,76,76,0,88.02,0.0001,0,0,Low
90,99,75,75,0,87.8215,0.0001,0,0,Low
90,100,74,74,0,90.1316,0.0,0,0,Low
90,101,73,73,0,92.6633,0.0001,0,0,Low
90,102,72,72,0,97.0295,0.0004,0,0,Low
90,103,71,71,0,94.7552,0.0003,0,0,Low
90,104,70,70,0,93.881,0.0009,0,0,Low
90,105,69,69,0,87.9869,0.002,0,0,Low
90,106,68,68,0,87.7454,0.004,0,0,Low
90,107,67,67,0,81.9518,0.0015,0,0,Low
90,108,66,66,0,84.2198,0.0037,0,0,Low
90,109,65,65,0,82.2175,0.0007,0,0,Low
90,110,64,64,0,84.1607,0.0011,0,0,Low
90,111,63,63,0,85.2317,0.0133,0,0,Low
90,112,62,62,0,83.9988,0.0097,0,0,Low
90,113,61,61,0,72.0187,0.0141,0,0,Low
90,114,60,60,0,70.9753,0.0352,0,0,Low
90,115,59,59,0,73.6354,0.0424,0,0,Low
90,116,58,58,0,77.7271,0.0044,0,0,Low
90,117,57,57,0,75.4805,0.0263,0,0,Low
90,118,56,56,0,78.7658,0.0111,0,0,Low
90,119,55,55,0,79.6732,0.0151,0,1,Low
90,120,54,54,0,77.5475,0.0064,0,0,Low
90,121,53,53,0,76.6448,0.034,0,1,Low
90,122,52,52,0,79.7317,0.0075,0,1,Low
90,123,51,51,0,77.4674,0.0117,0,1,Low
90,124,50,50,0,74.6785,0.0272,0,1,Low
90,125,49,49,0,65.2646,0.1698,0,1,Low
90,126,48,48,0,65.0966,0.1318,0,1,Low
90,127,47,47,0,61.6144,0.2175,0,1,Low
90,128,46,46,0,60.2199,0.6436,0,1,Elevated
90,129,45,45,0,60.3445,0.478,0,1,Elevated
90,130,44,44,0,55.5956,0.3238,0,1,Low
90,131,43,43,0,53.0024,0.2292,0,1,Low
90,132,42,42,0,50.475,0.2,0,1,Low
90,133,41,41,0,55.8068,0.0358,0,1,Low
90,134,40,40,0,55.6835,0.1532,0,1,Low
90,135,39,39,0,54.9106,0.0263,0,1,Low
90,136,38,38,0,55.0283,0.0232,0,1,Low
90,137,37,37,0,53.6099,0.0506,0,1,Low
90,138,36,36,0,54.7517,0.0762,0,1,Low
90,139,35,35,0,52.9178,0.0515,0,1,Low
90,140,34,34,0,50.4324,0.185,0,1,Low
90,141,33,33,0,48.2002,0.0544,0,1,Low
90,142,32,32,0,40.7834,0.4171,0,1,Elevated
90,143,31,31,0,38.6786,0.5988,0,1,Elevated
90,144,30,30,1,33.0548,0.9037,1,1,High
90,145,29,29,1,26.6851,0.9815,1,1,High
90,146,28,28,1,23.6101,0.9937,1,1,High
91,15,257,125,0,123.0271,0.0009,0,0,Low
91,16,256,125,0,122.5694,0.0002,0,0,Low
91,17,255,125,0,122.8842,0.0016,0,0,Low
91,18,254,125,0,122.7733,0.0021,0,0,Low
91,19,253,125,0,121.78,0.0009,0,0,Low
91,20,252,125,0,121.3864,0.0029,0,0,Low
91,21,251,125,0,120.7853,0.0018,0,0,Low
91,22,250,125,0,120.3805,0.0007,0,0,Low
91,23,249,125,0,121.7111,0.0002,0,0,Low
91,24,248,125,0,122.9746,0.0015,0,0,Low
91,25,247,125,0,122.2566,0.0004,0,0,Low
91,26,246,125,0,121.4577,0.0006,0,0,Low
91,27,245,125,0,119.9402,0.0002,0,0,Low
91,28,244,125,0,121.0642,0.0001,0,0,Low
91,29,243,125,0,121.7041,0.0001,0,0,Low
91,30,242,125,0,122.2565,0.0001,0,0,Low
91,31,241,125,0,122.5852,0.0001,0,0,Low
91,32,240,125,0,122.3047,0.0002,0,0,Low
91,33,239,125,0,122.0953,0.0009,0,0,Low
91,34,238,125,0,121.7312,0.0005,0,0,Low
91,35,237,125,0,122.1833,0.0005,0,0,Low
91,36,236,125,0,121.3898,0.0005,0,0,Low
91,37,235,125,0,121.8899,0.0024,0,0,Low
91,38,234,125,0,122.4911,0.0018,0,0,Low
91,39,233,125,0,120.431,0.0117,0,0,Low
91,40,232,125,0,120.2525,0.0198,0,0,Low
91,41,231,125,0,120.9194,0.0985,0,0,Low
91,42,230,125,0,121.9319,0.0104,0,0,Low
91,43,229,125,0,122.4647,0.0067,0,0,Low
91,44,228,125,0,122.3845,0.006,0,0,Low
91,45,227,125,0,122.6944,0.0019,0,0,Low
91,46,226,125,0,122.9263,0.0023,0,0,Low
91,47,225,125,0,122.8371,0.0018,0,0,Low
91,48,224,125,0,121.4654,0.0022,0,0,Low
91,49,223,125,0,121.9002,0.003,0,0,Low
91,50,222,125,0,120.4385,0.0091,0,0,Low
91,51,221,125,0,119.531,0.0013,0,0,Low
91,52,220,125,0,119.215,0.0026,0,0,Low
91,53,219,125,0,119.4231,0.0012,0,0,Low
91,54,218,125,0,116.9213,0.0053,0,0,Low
91,55,217,125,0,117.3133,0.0029,0,0,Low
91,56,216,125,0,117.604,0.0048,0,0,Low
91,57,215,125,0,117.0547,0.0049,0,0,Low
91,58,214,125,0,114.8075,0.016,0,0,Low
91,59,213,125,0,115.8762,0.0009,0,0,Low
91,60,212,125,0,116.2515,0.0001,0,0,Low
91,61,211,125,0,115.3766,0.0009,0,0,Low
91,62,210,125,0,116.5326,0.0002,0,0,Low
91,63,209,125,0,118.0078,0.0001,0,0,Low
91,64,208,125,0,117.5651,0.0001,0,0,Low
91,65,207,125,0,116.7328,0.0002,0,0,Low
91,66,206,125,0,113.4669,0.0001,0,0,Low
91,67,205,125,0,109.6672,0.0001,0,0,Low
91,68,204,125,0,109.44,0.0004,0,0,Low
91,69,203,125,0,112.8154,0.0017,0,0,Low
91,70,202,125,0,111.0832,0.0028,0,0,Low
91,71,201,125,0,112.686,0.0069,0,0,Low
91,72,200,125,0,112.2504,0.0015,0,0,Low
91,73,199,125,0,115.2152,0.001,0,0,Low
91,74,198,125,0,115.1397,0.0012,0,0,Low
91,75,197,125,0,116.1464,0.0013,0,0,Low
91,76,196,125,0,112.971,0.0055,0,0,Low
91,77,195,125,0,113.9934,0.0082,0,0,Low
91,78,194,125,0,111.4846,0.0163,0,0,Low
91,79,193,125,0,110.0414,0.018,0,0,Low
91,80,192,125,0,107.3701,0.0142,0,0,Low
91,81,191,125,0,109.3085,0.001,0,0,Low
91,82,190,125,0,107.8549,0.0024,0,0,Low
91,83,189,125,0,106.8918,0.0003,0,0,Low
91,84,188,125,0,106.4014,0.0013,0,0,Low
91,85,187,125,0,102.3009,0.0009,0,0,Low
91,86,186,125,0,100.8066,0.0012,0,0,Low
91,87,185,125,0,101.815,0.0011,0,0,Low
91,88,184,125,0,100.0571,0.0022,0,0,Low
91,89,183,125,0,101.9731,0.0005,0,0,Low
91,90,182,125,0,98.2122,0.0008,0,0,Low
91,91,181,125,0,99.0972,0.0007,0,0,Low
91,92,180,125,0,99.0752,0.0006,0,0,Low
91,93,179,125,0,95.6844,0.0016,0,0,Low
91,94,178,125,0,96.169,0.0036,0,0,Low
91,95,177,125,0,94.0069,0.0051,0,0,Low
91,96,176,125,0,96.0146,0.0042,0,0,Low
91,97,175,125,0,93.0281,0.0085,0,0,Low
91,98,174,125,0,92.2786,0.0043,0,0,Low
91,99,173,125,0,86.9316,0.0034,0,0,Low
91,100,172,125,0,85.3041,0.002,0,0,Low
91,101,171,125,0,89.47,0.0013,0,0,Low
91,102,170,125,0,86.5663,0.0003,0,0,Low
91,103,169,125,0,89.1487,0.0004,0,0,Low
91,104,168,125,0,95.169,0.0009,0,0,Low
91,105,167,125,0,92.9507,0.0008,0,0,Low
91,106,166,125,0,82.1608,0.0007,0,0,Low
91,107,165,125,0,81.1508,0.0017,0,0,Low
91,108,164,125,0,87.1391,0.0017,0,0,Low
91,109,163,125,0,78.4951,0.0154,0,0,Low
91,110,162,125,0,81.2636,0.0016,0,0,Low
91,111,161,125,0,81.2967,0.0003,0,1,Low
91,112,160,125,0,78.0215,0.0016,0,0,Low
91,113,159,125,0,81.0948,0.0007,0,0,Low
91,114,158,125,0,84.0594,0.0002,0,1,Low
91,115,157,125,0,92.7051,0.0006,0,1,Low
91,116,156,125,0,84.9905,0.0002,0,1,Low
91,117,155,125,0,86.6333,0.0002,0,1,Low
91,118,154,125,0,81.2648,0.0002,0,0,Low
91,119,153,125,0,84.9612,0.0001,0,1,Low
91,120,152,125,0,83.8878,0.0005,0,1,Low
91,121,151,125,0,81.0567,0.0027,0,0,Low
91,122,150,125,0,76.1506,0.0042,0,1,Low
91,123,149,125,0,82.2719,0.0018,0,0,Low
91,124,148,125,0,87.9894,0.0057,0,0,Low
91,125,147,125,0,80.4125,0.0136,0,1,Low
91,126,146,125,0,93.1023,0.0042,0,0,Low
91,127,145,125,0,77.2557,0.0042,0,1,Low
91,128,144,125,0,72.5269,0.0037,0,1,Low
91,129,143,125,0,72.5221,0.0102,0,0,Low
91,130,142,125,0,77.2411,0.0031,0,0,Low
91,131,141,125,0,73.7334,0.0032,0,0,Low
91,132,140,125,0,68.0212,0.0041,0,0,Low
91,133,139,125,0,69.2823,0.0173,0,1,Low
91,134,138,125,0,74.1184,0.0186,0,1,Low
91,135,137,125,0,80.0658,0.0241,0,0,Low
91,136,136,125,0,79.6379,0.0268,0,1,Low
91,137,135,125,0,81.1288,0.0572,0,0,Low
91,138,134,125,0,81.0935,0.0215,0,0,Low
91,139,133,125,0,68.0491,0.0827,0,1,Low
91,140,132,125,0,71.8085,0.0656,0,1,Low
91,141,131,125,0,75.7955,0.0145,0,0,Low
91,142,130,125,0,87.6297,0.0043,0,0,Low
91,143,129,125,0,78.6507,0.0171,0,1,Low
91,144,128,125,0,73.2856,0.03,0,1,Low
91,145,127,125,0,75.2873,0.0128,0,1,Low
91,146,126,125,0,68.4286,0.0681,0,1,Low
91,147,125,125,0,67.7158,0.0269,0,1,Low
91,148,124,124,0,61.8121,0.023,0,1,Low
91,149,123,123,0,63.2632,0.0158,0,1,Low
91,150,122,122,0,62.7378,0.026,0,1,Low
91,151,121,121,0,62.7345,0.0056,0,1,Low
91,152,120,120,0,66.499,0.0157,0,1,Low
91,153,119,119,0,60.5506,0.01,0,1,Low
91,154,118,118,0,60.0627,0.0067,0,1,Low
91,155,117,117,0,68.8271,0.0006,0,1,Low
91,156,116,116,0,66.7476,0.0017,0,1,Low
91,157,115,115,0,66.4708,0.0007,0,1,Low
91,158,114,114,0,63.6674,0.0028,0,1,Low
91,159,113,113,0,65.0833,0.0036,0,1,Low
91,160,112,112,0,62.6689,0.0068,0,1,Low
91,161,111,111,0,62.6253,0.007,0,1,Low
91,162,110,110,0,68.6255,0.0097,0,1,Low
91,163,109,109,0,74.7539,0.015,0,1,Low
91,164,108,108,0,73.2832,0.0118,0,1,Low
91,165,107,107,0,67.2219,0.008,0,1,Low
91,166,106,106,0,68.5382,0.0041,0,1,Low
91,167,105,105,0,64.3083,0.0566,0,1,Low
91,168,104,104,0,62.732,0.081,0,1,Low
91,169,103,103,0,55.3493,0.2147,0,1,Low
91,170,102,102,0,61.3887,0.0426,0,1,Low
91,171,101,101,0,55.2126,0.1901,0,1,Low
91,172,100,100,0,56.5641,0.0519,0,1,Low
91,173,99,99,0,63.6553,0.0147,0,1,Low
91,174,98,98,0,61.7199,0.0028,0,1,Low
91,175,97,97,0,61.1718,0.0063,0,1,Low
91,176,96,96,0,57.6773,0.0236,0,1,Low
91,177,95,95,0,59.8074,0.0299,0,1,Low
91,178,94,94,0,61.6175,0.0146,0,1,Low
91,179,93,93,0,53.5811,0.2781,0,1,Low
91,180,92,92,0,51.1326,0.4889,0,1,Elevated
91,181,91,91,0,50.3961,0.2698,0,1,Low
91,182,90,90,0,51.2348,0.1742,0,1,Low
91,183,89,89,0,51.3287,0.2811,0,1,Low
91,184,88,88,0,54.4129,0.0329,0,1,Low
91,185,87,87,0,53.4729,0.0135,0,1,Low
91,186,86,86,0,56.3654,0.0377,0,1,Low
91,187,85,85,0,55.3366,0.0515,0,1,Low
91,188,84,84,0,51.3161,0.0264,0,1,Low
91,189,83,83,0,47.3198,0.0272,0,1,Low
91,190,82,82,0,44.9447,0.1101,0,1,Low
91,191,81,81,0,40.9316,0.0347,0,1,Low
91,192,80,80,0,45.243,0.017,0,1,Low
91,193,79,79,0,42.7082,0.0681,0,1,Low
91,194,78,78,0,48.3979,0.0587,0,1,Low
91,195,77,77,0,48.3939,0.0298,0,1,Low
91,196,76,76,0,46.4461,0.0134,0,1,Low
91,197,75,75,0,43.9364,0.0503,0,1,Low
91,198,74,74,0,44.9072,0.0428,0,1,Low
91,199,73,73,0,40.975,0.0277,0,1,Low
91,200,72,72,0,37.8493,0.0253,0,1,Low
91,201,71,71,0,38.5182,0.0836,0,1,Low
91,202,70,70,0,39.0273,0.0494,0,1,Low
91,203,69,69,0,47.0688,0.0102,0,1,Low
91,204,68,68,0,42.7081,0.0182,0,1,Low
91,205,67,67,0,41.7267,0.013,0,1,Low
91,206,66,66,0,43.7309,0.0134,0,1,Low
91,207,65,65,0,42.3941,0.0409,0,1,Low
91,208,64,64,0,38.5505,0.1419,0,1,Low
91,209,63,63,0,34.0907,0.1034,0,1,Low
91,210,62,62,0,33.2095,0.3664,0,1,Low
91,211,61,61,0,32.1227,0.3898,0,1,Low
91,212,60,60,0,32.8533,0.2056,0,1,Low
91,213,59,59,0,32.1683,0.479,0,1,Elevated
91,214,58,58,0,33.7389,0.152,0,1,Low
91,215,57,57,0,33.5121,0.1212,0,1,Low
91,216,56,56,0,30.6907,0.4567,0,1,Elevated
91,217,55,55,0,29.8963,0.28,0,1,Low
91,218,54,54,0,32.2591,0.0691,0,1,Low
91,219,53,53,0,29.9951,0.2118,0,1,Low
91,220,52,52,0,31.04,0.5879,0,1,Elevated
91,221,51,51,0,32.2549,0.2829,0,1,Low
91,222,50,50,0,32.5788,0.3362,0,1,Low
91,223,49,49,0,29.962,0.5938,0,1,Elevated
91,224,48,48,0,29.9856,0.8279,1,1,High
91,225,47,47,0,32.0134,0.5202,0,1,Elevated
91,226,46,46,0,28.9339,0.9254,1,1,High
91,227,45,45,0,27.608,0.9297,1,1,High
91,228,44,44,0,27.0794,0.9497,1,1,High
91,229,43,43,0,25.7769,0.9242,1,1,High
91,230,42,42,0,22.8656,0.834,1,1,High
91,231,41,41,0,20.2238,0.951,1,1,High
91,232,40,40,0,21.8317,0.7414,0,1,Elevated
91,233,39,39,0,21.4537,0.9432,1,1,High
91,234,38,38,0,23.2362,0.691,0,1,Elevated
92,15,155,125,0,122.1864,0.001,0,0,Low
92,16,154,125,0,122.3213,0.0011,0,0,Low
92,17,153,125,0,119.3924,0.0006,0,0,Low
92,18,152,125,0,120.6672,0.0025,0,0,Low
92,19,151,125,0,122.3875,0.0026,0,0,Low
92,20,150,125,0,120.4976,0.0056,0,0,Low
92,21,149,125,0,120.9092,0.0095,0,0,Low
92,22,148,125,0,121.9147,0.021,0,0,Low
92,23,147,125,0,120.8499,0.0059,0,0,Low
92,24,146,125,0,120.3156,0.0137,0,0,Low
92,25,145,125,0,121.2907,0.0006,0,0,Low
92,26,144,125,0,122.2715,0.0004,0,0,Low
92,27,143,125,0,121.807,0.0001,0,0,Low
92,28,142,125,0,120.5213,0.0,0,0,Low
92,29,141,125,0,122.1072,0.0,0,0,Low
92,30,140,125,0,121.4874,0.0,0,0,Low
92,31,139,125,0,120.1472,0.0,0,0,Low
92,32,138,125,0,121.1655,0.0001,0,0,Low
92,33,137,125,0,121.1877,0.0001,0,0,Low
92,34,136,125,0,121.2866,0.0027,0,0,Low
92,35,135,125,0,121.8854,0.0011,0,0,Low
92,36,134,125,0,122.179,0.0007,0,0,Low
92,37,133,125,0,120.9664,0.0004,0,0,Low
92,38,132,125,0,120.5826,0.0004,0,0,Low
92,39,131,125,0,120.9206,0.0007,0,0,Low
92,40,130,125,0,120.7428,0.0006,0,0,Low
92,41,129,125,0,119.9713,0.0008,0,0,Low
92,42,128,125,0,118.8893,0.0004,0,0,Low
92,43,127,125,0,119.3442,0.0004,0,0,Low
92,44,126,125,0,118.239,0.0002,0,0,Low
92,45,125,125,0,119.13,0.0001,0,0,Low
92,46,124,124,0,119.9013,0.0001,0,0,Low
92,47,123,123,0,118.7935,0.0002,0,0,Low
92,48,122,122,0,118.5107,0.0012,0,0,Low
92,49,121,121,0,119.1163,0.0007,0,0,Low
92,50,120,120,0,117.8733,0.0021,0,0,Low
92,51,119,119,0,117.8848,0.0029,0,0,Low
92,52,118,118,0,116.527,0.0035,0,0,Low
92,53,117,117,0,117.1181,0.011,0,0,Low
92,54,116,116,0,117.7193,0.0022,0,0,Low
92,55,115,115,0,118.7165,0.0016,0,0,Low
92,56,114,114,0,118.383,0.003,0,0,Low
92,57,113,113,0,118.661,0.001,0,0,Low
92,58,112,112,0,118.9074,0.0019,0,0,Low
92,59,111,111,0,120.968,0.0006,0,0,Low
92,60,110,110,0,120.7467,0.0019,0,0,Low
92,61,109,109,0,118.6332,0.0021,0,1,Low
92,62,108,108,0,118.0343,0.0038,0,1,Low
92,63,107,107,0,116.1137,0.0009,0,0,Low
92,64,106,106,0,114.0088,0.0026,0,0,Low
92,65,105,105,0,114.8794,0.0013,0,0,Low
92,66,104,104,0,116.8349,0.0003,0,0,Low
92,67,103,103,0,116.6706,0.0001,0,0,Low
92,68,102,102,0,114.864,0.0001,0,0,Low
92,69,101,101,0,111.3278,0.0005,0,0,Low
92,70,100,100,0,113.2972,0.0005,0,0,Low
92,71,99,99,0,111.1386,0.0014,0,1,Low
92,72,98,98,0,110.3416,0.0003,0,0,Low
92,73,97,97,0,111.624,0.0004,0,0,Low
92,74,96,96,0,109.3969,0.0001,0,0,Low
92,75,95,95,0,111.2167,0.0003,0,0,Low
92,76,94,94,0,110.1843,0.0002,0,0,Low
92,77,93,93,0,108.4169,0.0054,0,0,Low
92,78,92,92,0,102.4793,0.0127,0,0,Low
92,79,91,91,0,102.2716,0.0038,0,0,Low
92,80,90,90,0,102.5763,0.0036,0,0,Low
92,81,89,89,0,100.9446,0.0071,0,0,Low
92,82,88,88,0,102.8476,0.0016,0,1,Low
92,83,87,87,0,101.9858,0.0098,0,1,Low
92,84,86,86,0,100.5008,0.0146,0,1,Low
92,85,85,85,0,97.8099,0.0378,0,1,Low
92,86,84,84,0,90.819,0.0376,0,1,Low
92,87,83,83,0,82.808,0.2683,0,1,Low
92,88,82,82,0,88.0966,0.0451,0,1,Low
92,89,81,81,0,91.1462,0.0593,0,1,Low
92,90,80,80,0,93.9281,0.0948,0,1,Low
92,91,79,79,0,95.9388,0.0252,0,0,Low
92,92,78,78,0,97.4335,0.0078,0,1,Low
92,93,77,77,0,97.4563,0.0154,0,1,Low
92,94,76,76,0,93.5205,0.0094,0,1,Low
92,95,75,75,0,89.7472,0.0565,0,1,Low
92,96,74,74,0,82.253,0.1528,0,1,Low
92,97,73,73,0,81.394,0.1337,0,1,Low
92,98,72,72,0,81.6931,0.032,0,1,Low
92,99,71,71,0,74.1858,0.062,0,1,Low
92,100,70,70,0,76.5653,0.0156,0,1,Low
92,101,69,69,0,76.5156,0.0273,0,1,Low
92,102,68,68,0,75.9086,0.0207,0,1,Low
92,103,67,67,0,71.2169,0.0843,0,1,Low
92,104,66,66,0,71.3306,0.0609,0,1,Low
92,105,65,65,0,77.5202,0.0053,0,1,Low
92,106,64,64,0,77.1957,0.0097,0,1,Low
92,107,63,63,0,73.518,0.0481,0,1,Low
92,108,62,62,0,71.5957,0.0217,0,1,Low
92,109,61,61,0,73.174,0.0118,0,1,Low
92,110,60,60,0,67.0685,0.0114,0,1,Low
92,111,59,59,0,67.2029,0.131,0,1,Low
92,112,58,58,0,61.8841,0.062,0,1,Low
92,113,57,57,0,69.3875,0.0106,0,1,Low
92,114,56,56,0,59.422,0.0943,0,1,Low
92,115,55,55,0,59.6451,0.0948,0,1,Low
92,116,54,54,0,58.8206,0.0265,0,1,Low
92,117,53,53,0,57.388,0.0527,0,1,Low
92,118,52,52,0,50.2681,0.1179,0,1,Low
92,119,51,51,0,51.3868,0.2397,0,1,Low
92,120,50,50,0,48.3399,0.4132,0,1,Elevated
92,121,49,49,0,44.4077,0.7753,0,1,Elevated
92,122,48,48,0,41.7386,0.8399,1,1,High
92,123,47,47,0,40.7884,0.9686,1,1,High
92,124,46,46,0,39.1318,0.9288,1,1,High
92,125,45,45,0,35.4577,0.6837,0,1,Elevated
92,126,44,44,0,38.4529,0.3381,0,1,Low
92,127,43,43,0,36.7636,0.3204,0,1,Low
92,128,42,42,0,39.2039,0.1939,0,1,Low
92,129,41,41,0,39.7688,0.1992,0,1,Low
92,130,40,40,0,38.1872,0.2335,0,1,Low
92,131,39,39,0,35.7948,0.4574,0,1,Elevated
92,132,38,38,0,35.7154,0.5024,0,1,Elevated
92,133,37,37,0,35.7224,0.6136,0,1,Elevated
92,134,36,36,0,33.7907,0.1828,0,1,Low
92,135,35,35,0,32.1939,0.4194,0,1,Elevated
92,136,34,34,0,30.5339,0.7577,0,1,Elevated
92,137,33,33,0,28.3405,0.8366,1,1,High
92,138,32,32,0,27.9217,0.8392,1,1,High
92,139,31,31,0,24.8976,0.7977,0,1,Elevated
92,140,30,30,1,29.3756,0.6134,0,1,Elevated
92,141,29,29,1,29.7924,0.2538,0,1,Low
92,142,28,28,1,31.3043,0.4652,0,1,Elevated
92,143,27,27,1,30.2079,0.1433,0,1,Low
92,144,26,26,1,32.6196,0.2978,0,1,Low
92,145,25,25,1,27.6542,0.4969,0,1,Elevated
92,146,24,24,1,27.6665,0.6453,0,1,Elevated
92,147,23,23,1,27.0586,0.8306,1,1,High
92,148,22,22,1,21.4037,0.9601,1,1,High
92,149,21,21,1,19.4368,0.977,1,1,High
92,150,20,20,1,16.7268,0.9943,1,1,High
93,15,314,125,0,122.1408,0.001,0,0,Low
93,16,313,125,0,122.1148,0.0014,0,0,Low
93,17,312,125,0,122.8887,0.002,0,0,Low
93,18,311,125,0,123.1638,0.0011,0,0,Low
93,19,310,125,0,123.3615,0.0001,0,0,Low
93,20,309,125,0,122.9953,0.0023,0,0,Low
93,21,308,125,0,123.1497,0.0036,0,0,Low
93,22,307,125,0,123.0977,0.003,0,0,Low
93,23,306,125,0,123.1958,0.0041,0,0,Low
93,24,305,125,0,122.6869,0.003,0,0,Low
93,25,304,125,0,123.0508,0.0006,0,0,Low
93,26,303,125,0,122.2837,0.0014,0,0,Low
93,27,302,125,0,122.1522,0.0053,0,0,Low
93,28,301,125,0,122.3346,0.0005,0,0,Low
93,29,300,125,0,121.9164,0.0098,0,0,Low
93,30,299,125,0,122.2262,0.0016,0,0,Low
93,31,298,125,0,122.9056,0.0006,0,0,Low
93,32,297,125,0,122.5118,0.0003,0,0,Low
93,33,296,125,0,122.5817,0.0023,0,0,Low
93,34,295,125,0,123.7743,0.0002,0,0,Low
93,35,294,125,0,122.2606,0.0056,0,0,Low
93,36,293,125,0,121.7643,0.0125,0,0,Low
93,37,292,125,0,122.8372,0.0042,0,0,Low
93,38,291,125,0,121.3136,0.0024,0,0,Low
93,39,290,125,0,121.0627,0.0041,0,0,Low
93,40,289,125,0,120.9772,0.0002,0,0,Low
93,41,288,125,0,121.592,0.0003,0,0,Low
93,42,287,125,0,120.7528,0.0008,0,0,Low
93,43,286,125,0,120.9991,0.0003,0,0,Low
93,44,285,125,0,121.3116,0.0001,0,0,Low
93,45,284,125,0,120.8601,0.0001,0,0,Low
93,46,283,125,0,121.4161,0.0,0,0,Low
93,47,282,125,0,122.0043,0.0,0,0,Low
93,48,281,125,0,121.3933,0.0,0,0,Low
93,49,280,125,0,120.0802,0.0,0,0,Low
93,50,279,125,0,118.997,0.0004,0,0,Low
93,51,278,125,0,120.7229,0.0002,0,0,Low
93,52,277,125,0,118.6962,0.001,0,0,Low
93,53,276,125,0,116.0311,0.0004,0,0,Low
93,54,275,125,0,117.3222,0.0004,0,0,Low
93,55,274,125,0,117.1072,0.0,0,0,Low
93,56,273,125,0,115.2593,0.0002,0,0,Low
93,57,272,125,0,115.202,0.0,0,0,Low
93,58,271,125,0,113.9195,0.0,0,0,Low
93,59,270,125,0,115.674,0.0004,0,0,Low
93,60,269,125,0,115.5508,0.0007,0,0,Low
93,61,268,125,0,115.8838,0.0004,0,0,Low
93,62,267,125,0,115.5076,0.0005,0,0,Low
93,63,266,125,0,114.5415,0.0031,0,0,Low
93,64,265,125,0,114.3625,0.0007,0,0,Low
93,65,264,125,0,113.0447,0.0005,0,0,Low
93,66,263,125,0,112.1137,0.0004,0,0,Low
93,67,262,125,0,111.3797,0.0009,0,0,Low
93,68,261,125,0,109.7063,0.0002,0,0,Low
93,69,260,125,0,108.4084,0.0011,0,0,Low
93,70,259,125,0,104.3643,0.0008,0,0,Low
93,71,258,125,0,106.8097,0.0006,0,0,Low
93,72,257,125,0,107.978,0.0006,0,0,Low
93,73,256,125,0,105.7656,0.0001,0,0,Low
93,74,255,125,0,105.1112,0.0002,0,0,Low
93,75,254,125,0,105.8602,0.0004,0,0,Low
93,76,253,125,0,105.0561,0.0003,0,0,Low
93,77,252,125,0,103.7271,0.0052,0,0,Low
93,78,251,125,0,104.0691,0.015,0,0,Low
93,79,250,125,0,103.3249,0.0023,0,0,Low
93,80,249,125,0,103.1682,0.0018,0,0,Low
93,81,248,125,0,100.5374,0.0021,0,0,Low
93,82,247,125,0,102.1748,0.0003,0,0,Low
93,83,246,125,0,103.6483,0.0002,0,0,Low
93,84,245,125,0,102.739,0.0003,0,0,Low
93,85,244,125,0,102.4056,0.0007,0,0,Low
93,86,243,125,0,102.8177,0.0008,0,0,Low
93,87,242,125,0,102.8879,0.0012,0,0,Low
93,88,241,125,0,100.9419,0.0003,0,0,Low
93,89,240,125,0,102.3971,0.0005,0,0,Low
93,90,239,125,0,98.7663,0.0004,0,0,Low
93,91,238,125,0,94.8246,0.0009,0,0,Low
93,92,237,125,0,92.7468,0.001,0,0,Low
93,93,236,125,0,91.5609,0.0019,0,0,Low
93,94,235,125,0,86.3101,0.0081,0,0,Low
93,95,234,125,0,89.4488,0.0017,0,0,Low
93,96,233,125,0,90.1396,0.0037,0,0,Low
93,97,232,125,0,89.6289,0.0017,0,0,Low
93,98,231,125,0,86.128,0.0009,0,0,Low
93,99,230,125,0,85.4586,0.0002,0,0,Low
93,100,229,125,0,79.8768,0.0028,0,0,Low
93,101,228,125,0,80.6987,0.001,0,0,Low
93,102,227,125,0,86.0337,0.0011,0,0,Low
93,103,226,125,0,86.0486,0.0007,0,0,Low
93,104,225,125,0,86.2519,0.0018,0,0,Low
93,105,224,125,0,88.454,0.0008,0,0,Low
93,106,223,125,0,89.0738,0.0011,0,0,Low
93,107,222,125,0,96.2058,0.0006,0,0,Low
93,108,221,125,0,91.569,0.0023,0,0,Low
93,109,220,125,0,92.2462,0.0006,0,0,Low
93,110,219,125,0,87.5898,0.0005,0,0,Low
93,111,218,125,0,80.2041,0.0016,0,0,Low
93,112,217,125,0,81.9541,0.0017,0,0,Low
93,113,216,125,0,88.8142,0.0013,0,0,Low
93,114,215,125,0,79.5926,0.0022,0,0,Low
93,115,214,125,0,75.2035,0.0026,0,0,Low
93,116,213,125,0,87.9497,0.0006,0,0,Low
93,117,212,125,0,83.0277,0.0035,0,0,Low
93,118,211,125,0,83.5958,0.0035,0,0,Low
93,119,210,125,0,86.3137,0.0015,0,0,Low
93,120,209,125,0,88.4907,0.0009,0,0,Low
93,121,208,125,0,80.1708,0.002,0,0,Low
93,122,207,125,0,88.286,0.0004,0,0,Low
93,123,206,125,0,87.4797,0.0001,0,0,Low
93,124,205,125,0,87.4323,0.0001,0,0,Low
93,125,204,125,0,86.3755,0.0001,0,0,Low
93,126,203,125,0,89.3421,0.0001,0,0,Low
93,127,202,125,0,94.2176,0.0,0,0,Low
93,128,201,125,0,89.7518,0.0004,0,0,Low
93,129,200,125,0,87.6848,0.0011,0,0,Low
93,130,199,125,0,79.3351,0.003,0,0,Low
93,131,198,125,0,79.4193,0.0069,0,0,Low
93,132,197,125,0,90.4583,0.0035,0,0,Low
93,133,196,125,0,88.1101,0.0085,0,0,Low
93,134,195,125,0,90.1381,0.0015,0,0,Low
93,135,194,125,0,88.5207,0.0039,0,0,Low
93,136,193,125,0,93.1212,0.0003,0,0,Low
93,137,192,125,0,89.1288,0.001,0,0,Low
93,138,191,125,0,89.8124,0.0004,0,0,Low
93,139,190,125,0,81.9116,0.0003,0,0,Low
93,140,189,125,0,84.4388,0.0002,0,0,Low
93,141,188,125,0,76.5791,0.0009,0,0,Low
93,142,187,125,0,81.3255,0.0004,0,0,Low
93,143,186,125,0,84.3664,0.0004,0,0,Low
93,144,185,125,0,91.1026,0.0004,0,0,Low
93,145,184,125,0,90.7965,0.0008,0,0,Low
93,146,183,125,0,88.8983,0.0007,0,0,Low
93,147,182,125,0,81.1273,0.0049,0,0,Low
93,148,181,125,0,86.4536,0.004,0,0,Low
93,149,180,125,0,75.7107,0.0061,0,0,Low
93,150,179,125,0,84.3246,0.0012,0,0,Low
93,151,178,125,0,80.7407,0.0012,0,0,Low
93,152,177,125,0,84.0195,0.0006,0,0,Low
93,153,176,125,0,83.7639,0.0002,0,0,Low
93,154,175,125,0,86.7548,0.0002,0,0,Low
93,155,174,125,0,88.6279,0.0006,0,0,Low
93,156,173,125,0,84.45,0.0003,0,0,Low
93,157,172,125,0,87.4643,0.0001,0,0,Low
93,158,171,125,0,89.0924,0.0001,0,0,Low
93,159,170,125,0,85.5816,0.0005,0,0,Low
93,160,169,125,0,83.9098,0.0002,0,0,Low
93,161,168,125,0,83.8496,0.001,0,0,Low
93,162,167,125,0,82.6289,0.0046,0,0,Low
93,163,166,125,0,82.7305,0.0045,0,0,Low
93,164,165,125,0,81.3365,0.0013,0,0,Low
93,165,164,125,0,73.7823,0.0067,0,0,Low
93,166,163,125,0,81.967,0.0009,0,0,Low
93,167,162,125,0,81.5719,0.0014,0,0,Low
93,168,161,125,0,79.3164,0.0008,0,0,Low
93,169,160,125,0,87.7779,0.0005,0,0,Low
93,170,159,125,0,86.8653,0.001,0,0,Low
93,171,158,125,0,83.8774,0.0041,0,1,Low
93,172,157,125,0,81.5544,0.0015,0,0,Low
93,173,156,125,0,79.1208,0.0005,0,0,Low
93,174,155,125,0,83.6657,0.0006,0,0,Low
93,175,154,125,0,89.6476,0.001,0,0,Low
93,176,153,125,0,94.3278,0.0002,0,0,Low
93,177,152,125,0,92.2364,0.0006,0,0,Low
93,178,151,125,0,90.8771,0.0064,0,1,Low
93,179,150,125,0,85.2691,0.0167,0,1,Low
93,180,149,125,0,87.434,0.0041,0,0,Low
93,181,148,125,0,78.2616,0.0026,0,1,Low
93,182,147,125,0,80.268,0.0033,0,0,Low
93,183,146,125,0,75.976,0.0013,0,1,Low
93,184,145,125,0,74.7277,0.0025,0,1,Low
93,185,144,125,0,73.9045,0.0104,0,1,Low
93,186,143,125,0,71.4033,0.0329,0,1,Low
93,187,142,125,0,75.3042,0.0032,0,1,Low
93,188,141,125,0,72.3988,0.0148,0,1,Low
93,189,140,125,0,77.1856,0.0021,0,1,Low
93,190,139,125,0,75.7713,0.0023,0,1,Low
93,191,138,125,0,76.0172,0.0002,0,1,Low
93,192,137,125,0,70.3161,0.0046,0,1,Low
93,193,136,125,0,68.0923,0.0095,0,1,Low
93,194,135,125,0,65.544,0.006,0,1,Low
93,195,134,125,0,69.4008,0.019,0,1,Low
93,196,133,125,0,69.5822,0.0218,0,1,Low
93,197,132,125,0,67.6722,0.0469,0,1,Low
93,198,131,125,0,71.6458,0.007,0,1,Low
93,199,130,125,0,65.6486,0.053,0,1,Low
93,200,129,125,0,66.4609,0.0637,0,1,Low
93,201,128,125,0,66.4096,0.2852,0,1,Low
93,202,127,125,0,69.7265,0.0971,0,1,Low
93,203,126,125,0,68.3187,0.1365,0,1,Low
93,204,125,125,0,65.5623,0.0516,0,1,Low
93,205,124,124,0,68.0327,0.03,0,1,Low
93,206,123,123,0,70.0343,0.0033,0,1,Low
93,207,122,122,0,65.6783,0.0167,0,1,Low
93,208,121,121,0,68.3142,0.0244,0,1,Low
93,209,120,120,0,69.1664,0.0076,0,1,Low
93,210,119,119,0,69.3659,0.0081,0,1,Low
93,211,118,118,0,68.818,0.0182,0,1,Low
93,212,117,117,0,69.5139,0.0338,0,1,Low
93,213,116,116,0,67.5491,0.0084,0,1,Low
93,214,115,115,0,68.0777,0.0075,0,1,Low
93,215,114,114,0,65.3659,0.0553,0,1,Low
93,216,113,113,0,66.5284,0.0342,0,1,Low
93,217,112,112,0,62.1271,0.0733,0,1,Low
93,218,111,111,0,67.7236,0.0268,0,1,Low
93,219,110,110,0,63.7352,0.029,0,1,Low
93,220,109,109,0,67.5319,0.0028,0,1,Low
93,221,108,108,0,67.9276,0.0161,0,1,Low
93,222,107,107,0,63.5617,0.0167,0,1,Low
93,223,106,106,0,56.9773,0.0184,0,1,Low
93,224,105,105,0,52.9278,0.0625,0,1,Low
93,225,104,104,0,52.2323,0.0711,0,1,Low
93,226,103,103,0,49.4768,0.1682,0,1,Low
93,227,102,102,0,52.556,0.0996,0,1,Low
93,228,101,101,0,51.8208,0.1108,0,1,Low
93,229,100,100,0,50.3002,0.0127,0,1,Low
93,230,99,99,0,48.2923,0.0399,0,1,Low
93,231,98,98,0,51.4801,0.0885,0,1,Low
93,232,97,97,0,49.9536,0.0098,0,1,Low
93,233,96,96,0,48.6252,0.0072,0,1,Low
93,234,95,95,0,42.0186,0.0251,0,1,Low
93,235,94,94,0,41.0075,0.0438,0,1,Low
93,236,93,93,0,39.2406,0.036,0,1,Low
93,237,92,92,0,39.9984,0.0845,0,1,Low
93,238,91,91,0,42.3576,0.0728,0,1,Low
93,239,90,90,0,42.3079,0.1409,0,1,Low
93,240,89,89,0,40.3543,0.0897,0,1,Low
93,241,88,88,0,42.4894,0.2727,0,1,Low
93,242,87,87,0,43.7339,0.241,0,1,Low
93,243,86,86,0,41.7099,0.3375,0,1,Low
93,244,85,85,0,43.9524,0.1062,0,1,Low
94,15,173,125,0,119.6563,0.0001,0,0,Low
94,16,172,125,0,119.9382,0.0002,0,0,Low
94,17,171,125,0,121.8639,0.0004,0,0,Low
94,18,170,125,0,121.6835,0.0004,0,0,Low
94,19,169,125,0,121.5657,0.0009,0,0,Low
94,20,168,125,0,122.512,0.0002,0,0,Low
94,21,167,125,0,122.6385,0.0001,0,0,Low
94,22,166,125,0,122.5446,0.0001,0,0,Low
94,23,165,125,0,121.1819,0.0,0,0,Low
94,24,164,125,0,121.2,0.0002,0,0,Low
94,25,163,125,0,119.932,0.0005,0,0,Low
94,26,162,125,0,120.7196,0.0005,0,0,Low
94,27,161,125,0,120.2538,0.0016,0,0,Low
94,28,160,125,0,118.4398,0.0008,0,0,Low
94,29,159,125,0,121.105,0.0019,0,0,Low
94,30,158,125,0,119.4319,0.0036,0,0,Low
94,31,157,125,0,120.0482,0.0008,0,0,Low
94,32,156,125,0,120.8851,0.0005,0,0,Low
94,33,155,125,0,120.595,0.0023,0,0,Low
94,34,154,125,0,120.171,0.0009,0,0,Low
94,35,153,125,0,118.2729,0.0002,0,0,Low
94,36,152,125,0,118.0096,0.0003,0,0,Low
94,37,151,125,0,117.3594,0.0001,0,0,Low
94,38,150,125,0,117.6978,0.0003,0,0,Low
94,39,149,125,0,116.6913,0.0002,0,0,Low
94,40,148,125,0,117.2793,0.0003,0,0,Low
94,41,147,125,0,117.1793,0.0002,0,0,Low
94,42,146,125,0,117.2747,0.0002,0,0,Low
94,43,145,125,0,118.3988,0.0003,0,0,Low
94,44,144,125,0,119.2986,0.0001,0,0,Low
94,45,143,125,0,119.9876,0.0002,0,0,Low
94,46,142,125,0,119.8016,0.0001,0,0,Low
94,47,141,125,0,120.8985,0.0002,0,0,Low
94,48,140,125,0,120.571,0.0001,0,0,Low
94,49,139,125,0,120.4039,0.0009,0,0,Low
94,50,138,125,0,120.1199,0.0016,0,0,Low
94,51,137,125,0,120.8891,0.0035,0,0,Low
94,52,136,125,0,119.8485,0.0008,0,0,Low
94,53,135,125,0,119.4338,0.0006,0,0,Low
94,54,134,125,0,120.4694,0.0006,0,0,Low
94,55,133,125,0,119.2935,0.0007,0,0,Low
94,56,132,125,0,118.5109,0.0002,0,0,Low
94,57,131,125,0,119.1047,0.0003,0,0,Low
94,58,130,125,0,118.9158,0.0006,0,0,Low
94,59,129,125,0,118.403,0.0005,0,0,Low
94,60,128,125,0,117.4606,0.0002,0,0,Low
94,61,127,125,0,115.7425,0.0003,0,0,Low
94,62,126,125,0,115.071,0.0002,0,0,Low
94,63,125,125,0,112.3544,0.0001,0,0,Low
94,64,124,124,0,114.9638,0.0001,0,0,Low
94,65,123,123,0,114.8536,0.0001,0,0,Low
94,66,122,122,0,114.0054,0.0002,0,0,Low
94,67,121,121,0,111.2743,0.0003,0,0,Low
94,68,120,120,0,109.7515,0.0001,0,0,Low
94,69,119,119,0,107.1422,0.0001,0,0,Low
94,70,118,118,0,109.6079,0.0001,0,0,Low
94,71,117,117,0,105.5539,0.0002,0,0,Low
94,72,116,116,0,103.3775,0.0005,0,0,Low
94,73,115,115,0,103.3769,0.0021,0,0,Low
94,74,114,114,0,103.3335,0.0044,0,0,Low
94,75,113,113,0,105.2725,0.037,0,0,Low
94,76,112,112,0,103.783,0.0212,0,0,Low
94,77,111,111,0,104.3904,0.0071,0,0,Low
94,78,110,110,0,105.5792,0.0304,0,0,Low
94,79,109,109,0,102.8536,0.0013,0,0,Low
94,80,108,108,0,100.4961,0.0046,0,0,Low
94,81,107,107,0,99.3495,0.0011,0,0,Low
94,82,106,106,0,98.3378,0.0015,0,0,Low
94,83,105,105,0,99.882,0.0006,0,0,Low
94,84,104,104,0,103.5623,0.0019,0,0,Low
94,85,103,103,0,102.74,0.0002,0,0,Low
94,86,102,102,0,100.3541,0.0004,0,0,Low
94,87,101,101,0,100.1319,0.0042,0,0,Low
94,88,100,100,0,101.3811,0.0014,0,0,Low
94,89,99,99,0,98.5458,0.0013,0,0,Low
94,90,98,98,0,90.7939,0.0017,0,0,Low
94,91,97,97,0,93.0033,0.0021,0,0,Low
94,92,96,96,0,90.021,0.0008,0,0,Low
94,93,95,95,0,87.8868,0.0056,0,0,Low
94,94,94,94,0,86.1892,0.0103,0,0,Low
94,95,93,93,0,84.6169,0.0015,0,0,Low
94,96,92,92,0,83.513,0.0076,0,0,Low
94,97,91,91,0,84.0955,0.0018,0,0,Low
94,98,90,90,0,85.2599,0.0074,0,0,Low
94,99,89,89,0,87.4935,0.0024,0,0,Low
94,100,88,88,0,83.6057,0.0061,0,0,Low
94,101,87,87,0,84.6186,0.0022,0,0,Low
94,102,86,86,0,80.6582,0.004,0,0,Low
94,103,85,85,0,81.4929,0.0018,0,0,Low
94,104,84,84,0,69.4152,0.0162,0,0,Low
94,105,83,83,0,74.5292,0.0902,0,1,Low
94,106,82,82,0,71.3359,0.0175,0,0,Low
94,107,81,81,0,73.9488,0.0186,0,0,Low
94,108,80,80,0,77.2594,0.0314,0,0,Low
94,109,79,79,0,82.6762,0.0285,0,0,Low
94,110,78,78,0,73.6515,0.0029,0,1,Low
94,111,77,77,0,71.4364,0.0025,0,0,Low
94,112,76,76,0,64.3751,0.0034,0,0,Low
94,113,75,75,0,67.4215,0.0038,0,0,Low
94,114,74,74,0,68.7508,0.0049,0,0,Low
94,115,73,73,0,76.7915,0.0045,0,0,Low
94,116,72,72,0,75.3271,0.0074,0,0,Low
94,117,71,71,0,74.8142,0.0072,0,0,Low
94,118,70,70,0,77.8968,0.008,0,1,Low
94,119,69,69,0,85.8543,0.0039,0,0,Low
94,120,68,68,0,73.4508,0.0314,0,1,Low
94,121,67,67,0,70.0745,0.0471,0,1,Low
94,122,66,66,0,68.4125,0.0234,0,1,Low
94,123,65,65,0,73.3131,0.0084,0,0,Low
94,124,64,64,0,68.5321,0.0172,0,1,Low
94,125,63,63,0,72.474,0.0058,0,1,Low
94,126,62,62,0,75.213,0.0039,0,0,Low
94,127,61,61,0,75.0674,0.0009,0,0,Low
94,128,60,60,0,75.8933,0.0036,0,1,Low
94,129,59,59,0,70.9294,0.0032,0,1,Low
94,130,58,58,0,69.4478,0.0046,0,1,Low
94,131,57,57,0,66.829,0.0161,0,1,Low
94,132,56,56,0,64.376,0.0155,0,1,Low
94,133,55,55,0,56.1469,0.1303,0,1,Low
95,15,202,125,0,123.8243,0.0,0,0,Low
95,16,201,125,0,123.8305,0.0,0,0,Low
95,17,200,125,0,123.9497,0.0,0,0,Low
95,18,199,125,0,123.6119,0.0,0,0,Low
95,19,198,125,0,123.7458,0.0,0,0,Low
95,20,197,125,0,123.1351,0.0,0,0,Low
95,21,196,125,0,122.6759,0.0,0,0,Low
95,22,195,125,0,123.1728,0.0,0,0,Low
95,23,194,125,0,122.3612,0.0,0,0,Low
95,24,193,125,0,122.1873,0.0,0,0,Low
95,25,192,125,0,122.3603,0.0,0,0,Low
95,26,191,125,0,122.619,0.0,0,0,Low
95,27,190,125,0,122.9633,0.0,0,0,Low
95,28,189,125,0,123.0586,0.0,0,0,Low
95,29,188,125,0,123.067,0.0,0,0,Low
95,30,187,125,0,122.6512,0.0,0,0,Low
95,31,186,125,0,122.7343,0.0,0,0,Low
95,32,185,125,0,122.814,0.0,0,0,Low
95,33,184,125,0,122.7407,0.0,0,0,Low
95,34,183,125,0,122.9353,0.0,0,0,Low
95,35,182,125,0,123.4773,0.0,0,0,Low
95,36,181,125,0,123.1952,0.0,0,0,Low
95,37,180,125,0,122.7587,0.0,0,0,Low
95,38,179,125,0,123.0309,0.0,0,0,Low
95,39,178,125,0,122.2829,0.0,0,0,Low
95,40,177,125,0,122.7036,0.0,0,0,Low
95,41,176,125,0,122.2195,0.0,0,0,Low
95,42,175,125,0,121.9541,0.0,0,0,Low
95,43,174,125,0,121.9568,0.0,0,0,Low
95,44,173,125,0,121.6747,0.0,0,0,Low
95,45,172,125,0,121.818,0.0,0,0,Low
95,46,171,125,0,121.1372,0.0,0,0,Low
95,47,170,125,0,121.7108,0.0,0,0,Low
95,48,169,125,0,123.3641,0.0,0,0,Low
95,49,168,125,0,123.3938,0.0,0,0,Low
95,50,167,125,0,122.5255,0.0,0,0,Low
95,51,166,125,0,122.1746,0.0,0,0,Low
95,52,165,125,0,122.9849,0.0,0,0,Low
95,53,164,125,0,121.6574,0.0,0,0,Low
95,54,163,125,0,120.5025,0.0,0,0,Low
95,55,162,125,0,119.625,0.0,0,0,Low
95,56,161,125,0,118.8499,0.0,0,0,Low
95,57,160,125,0,118.4348,0.0,0,0,Low
95,58,159,125,0,119.3503,0.0,0,0,Low
95,59,158,125,0,120.2266,0.0,0,0,Low
95,60,157,125,0,119.9053,0.0,0,0,Low
95,61,156,125,0,117.9169,0.0,0,0,Low
95,62,155,125,0,118.2015,0.0,0,0,Low
95,63,154,125,0,116.8118,0.0,0,0,Low
95,64,153,125,0,116.7369,0.0,0,0,Low
95,65,152,125,0,114.9394,0.0,0,0,Low
95,66,151,125,0,112.1044,0.0,0,0,Low
95,67,150,125,0,112.7302,0.0,0,0,Low
95,68,149,125,0,112.5283,0.0,0,0,Low
95,69,148,125,0,114.9078,0.0,0,0,Low
95,70,147,125,0,108.4262,0.0,0,0,Low
95,71,146,125,0,110.2666,0.0,0,0,Low
95,72,145,125,0,111.0081,0.0,0,0,Low
95,73,144,125,0,111.9277,0.0,0,0,Low
95,74,143,125,0,113.2755,0.0,0,0,Low
95,75,142,125,0,113.9823,0.0,0,0,Low
95,76,141,125,0,111.783,0.0,0,0,Low
95,77,140,125,0,111.834,0.0,0,0,Low
95,78,139,125,0,113.3472,0.0,0,0,Low
95,79,138,125,0,114.1618,0.0,0,0,Low
95,80,137,125,0,112.6215,0.0,0,0,Low
95,81,136,125,0,109.4448,0.0,0,0,Low
95,82,135,125,0,109.6698,0.0,0,0,Low
95,83,134,125,0,106.1099,0.0,0,0,Low
95,84,133,125,0,106.3943,0.0001,0,0,Low
95,85,132,125,0,107.6565,0.0,0,0,Low
95,86,131,125,0,106.2497,0.0001,0,0,Low
95,87,130,125,0,105.8586,0.0002,0,0,Low
95,88,129,125,0,104.56,0.0003,0,0,Low
95,89,128,125,0,105.087,0.0,0,0,Low
96,15,219,125,0,123.9151,0.0,0,0,Low
96,16,218,125,0,123.5468,0.0,0,0,Low
96,17,217,125,0,124.8144,0.0,0,0,Low
96,18,216,125,0,124.774,0.0,0,0,Low
96,19,215,125,0,124.6205,0.0,0,0,Low
96,20,214,125,0,124.6851,0.0,0,0,Low
96,21,213,125,0,124.7634,0.0,0,0,Low
96,22,212,125,0,124.683,0.0,0,0,Low
96,23,211,125,0,124.2191,0.0,0,0,Low
96,24,210,125,0,124.7649,0.0,0,0,Low
96,25,209,125,0,124.631,0.0,0,0,Low
96,26,208,125,0,124.7436,0.0,0,0,Low
96,27,207,125,0,124.6232,0.0,0,0,Low
96,28,206,125,0,124.1525,0.0,0,0,Low
96,29,205,125,0,123.8675,0.0,0,0,Low
96,30,204,125,0,123.6221,0.0,0,0,Low
96,31,203,125,0,122.7707,0.0,0,0,Low
96,32,202,125,0,123.3258,0.0,0,0,Low
96,33,201,125,0,124.0812,0.0,0,0,Low
96,34,200,125,0,123.6599,0.0,0,0,Low
96,35,199,125,0,122.5921,0.0,0,0,Low
96,36,198,125,0,123.8492,0.0,0,0,Low
96,37,197,125,0,122.7321,0.0,0,0,Low
96,38,196,125,0,123.0977,0.0,0,0,Low
96,39,195,125,0,123.0006,0.0,0,0,Low
96,40,194,125,0,122.0813,0.0,0,0,Low
96,41,193,125,0,121.7897,0.0,0,0,Low
96,42,192,125,0,123.3105,0.0,0,0,Low
96,43,191,125,0,123.3365,0.0,0,0,Low
96,44,190,125,0,123.1064,0.0,0,0,Low
96,45,189,125,0,123.4981,0.0,0,0,Low
96,46,188,125,0,123.7807,0.0,0,0,Low
96,47,187,125,0,124.3026,0.0,0,0,Low
96,48,186,125,0,124.3908,0.0,0,0,Low
96,49,185,125,0,124.647,0.0,0,0,Low
96,50,184,125,0,123.6367,0.0,0,0,Low
96,51,183,125,0,123.3344,0.0,0,0,Low
96,52,182,125,0,122.9958,0.0,0,0,Low
96,53,181,125,0,122.9343,0.0,0,0,Low
96,54,180,125,0,122.6022,0.0,0,0,Low
96,55,179,125,0,122.7586,0.0,0,0,Low
96,56,178,125,0,123.2401,0.0,0,0,Low
96,57,177,125,0,123.0124,0.0,0,0,Low
96,58,176,125,0,123.0144,0.0,0,0,Low
96,59,175,125,0,122.7178,0.0,0,0,Low
96,60,174,125,0,121.9954,0.0,0,0,Low
96,61,173,125,0,120.7545,0.0,0,0,Low
96,62,172,125,0,121.5909,0.0,0,0,Low
96,63,171,125,0,121.8469,0.0,0,0,Low
96,64,170,125,0,122.0301,0.0,0,0,Low
96,65,169,125,0,121.4042,0.0,0,0,Low
96,66,168,125,0,122.2339,0.0,0,0,Low
96,67,167,125,0,123.1147,0.0,0,0,Low
96,68,166,125,0,123.0174,0.0,0,0,Low
96,69,165,125,0,124.1211,0.0,0,0,Low
96,70,164,125,0,124.2686,0.0,0,0,Low
96,71,163,125,0,124.0606,0.0,0,0,Low
96,72,162,125,0,124.0399,0.0,0,0,Low
96,73,161,125,0,124.0244,0.0,0,0,Low
96,74,160,125,0,124.2454,0.0,0,0,Low
96,75,159,125,0,124.5643,0.0,0,0,Low
96,76,158,125,0,124.6151,0.0,0,0,Low
96,77,157,125,0,124.3145,0.0,0,0,Low
96,78,156,125,0,124.3911,0.0,0,0,Low
96,79,155,125,0,124.0797,0.0,0,0,Low
96,80,154,125,0,122.7982,0.0,0,0,Low
96,81,153,125,0,123.4466,0.0,0,0,Low
96,82,152,125,0,124.0516,0.0,0,0,Low
96,83,151,125,0,123.2717,0.0,0,0,Low
96,84,150,125,0,122.3997,0.0,0,0,Low
96,85,149,125,0,121.8432,0.0,0,0,Low
96,86,148,125,0,121.2175,0.0,0,0,Low
96,87,147,125,0,122.0224,0.0,0,0,Low
96,88,146,125,0,120.6759,0.0,0,0,Low
96,89,145,125,0,120.5711,0.0,0,0,Low
96,90,144,125,0,119.5451,0.0,0,0,Low
96,91,143,125,0,114.8859,0.0,0,0,Low
96,92,142,125,0,115.1938,0.0,0,0,Low
96,93,141,125,0,115.6699,0.0,0,0,Low
96,94,140,125,0,113.7376,0.0,0,0,Low
96,95,139,125,0,114.7818,0.0,0,0,Low
96,96,138,125,0,113.5183,0.0,0,0,Low
96,97,137,125,0,112.4135,0.0,0,0,Low
97,15,201,125,0,122.5462,0.0,0,0,Low
97,16,200,125,0,122.2734,0.0,0,0,Low
97,17,199,125,0,122.089,0.0,0,0,Low
97,18,198,125,0,122.0638,0.0,0,0,Low
97,19,197,125,0,122.3274,0.0,0,0,Low
97,20,196,125,0,122.2827,0.0,0,0,Low
97,21,195,125,0,121.7646,0.0,0,0,Low
97,22,194,125,0,122.1148,0.0,0,0,Low
97,23,193,125,0,122.7011,0.0,0,0,Low
97,24,192,125,0,121.899,0.0,0,0,Low
97,25,191,125,0,122.5069,0.0,0,0,Low
97,26,190,125,0,123.18,0.0,0,0,Low
97,27,189,125,0,123.1432,0.0,0,0,Low
97,28,188,125,0,122.3359,0.0,0,0,Low
97,29,187,125,0,123.2318,0.0,0,0,Low
97,30,186,125,0,122.5583,0.0,0,0,Low
97,31,185,125,0,122.547,0.0,0,0,Low
97,32,184,125,0,122.2138,0.0,0,0,Low
97,33,183,125,0,122.7457,0.0,0,0,Low
97,34,182,125,0,122.5971,0.0,0,0,Low
97,35,181,125,0,122.7671,0.0,0,0,Low
97,36,180,125,0,122.539,0.0,0,0,Low
97,37,179,125,0,121.9243,0.0,0,0,Low
97,38,178,125,0,122.4747,0.0,0,0,Low
97,39,177,125,0,122.8052,0.0,0,0,Low
97,40,176,125,0,121.9444,0.0,0,0,Low
97,41,175,125,0,121.0824,0.0,0,0,Low
97,42,174,125,0,119.5194,0.0,0,0,Low
97,43,173,125,0,120.0449,0.0,0,0,Low
97,44,172,125,0,120.4063,0.0,0,0,Low
97,45,171,125,0,120.4222,0.0,0,0,Low
97,46,170,125,0,120.1687,0.0,0,0,Low
97,47,169,125,0,120.992,0.0,0,0,Low
97,48,168,125,0,120.3773,0.0,0,0,Low
97,49,167,125,0,119.9961,0.0,0,0,Low
97,50,166,125,0,119.8091,0.0,0,0,Low
97,51,165,125,0,117.669,0.0,0,0,Low
97,52,164,125,0,119.0155,0.0,0,0,Low
97,53,163,125,0,118.1811,0.0,0,0,Low
97,54,162,125,0,117.5739,0.0,0,0,Low
97,55,161,125,0,118.7761,0.0,0,0,Low
97,56,160,125,0,119.2413,0.0,0,0,Low
97,57,159,125,0,119.4434,0.0,0,0,Low
97,58,158,125,0,117.6039,0.0,0,0,Low
97,59,157,125,0,117.127,0.0,0,0,Low
97,60,156,125,0,116.0451,0.0,0,0,Low
97,61,155,125,0,114.0101,0.0,0,0,Low
97,62,154,125,0,111.9623,0.0,0,0,Low
97,63,153,125,0,112.362,0.0,0,0,Low
97,64,152,125,0,114.3283,0.0,0,0,Low
97,65,151,125,0,116.3801,0.0,0,0,Low
97,66,150,125,0,116.1964,0.0,0,0,Low
97,67,149,125,0,114.2306,0.0,0,0,Low
97,68,148,125,0,113.001,0.0,0,0,Low
97,69,147,125,0,111.3309,0.0,0,0,Low
97,70,146,125,0,112.5675,0.0,0,0,Low
97,71,145,125,0,109.797,0.0,0,0,Low
97,72,144,125,0,110.2106,0.0,0,0,Low
97,73,143,125,0,111.2328,0.0,0,0,Low
97,74,142,125,0,111.3562,0.0,0,0,Low
97,75,141,125,0,108.0185,0.0,0,0,Low
97,76,140,125,0,110.3742,0.0,0,0,Low
97,77,139,125,0,108.6803,0.0,0,0,Low
97,78,138,125,0,109.8771,0.0,0,0,Low
97,79,137,125,0,109.9052,0.0,0,0,Low
97,80,136,125,0,112.0389,0.0,0,0,Low
97,81,135,125,0,109.3193,0.0,0,0,Low
97,82,134,125,0,104.8356,0.0,0,0,Low
97,83,133,125,0,107.0737,0.0,0,0,Low
97,84,132,125,0,109.8491,0.0,0,0,Low
97,85,131,125,0,106.4877,0.0,0,0,Low
97,86,130,125,0,110.8936,0.0,0,0,Low
97,87,129,125,0,111.6314,0.0,0,0,Low
97,88,128,125,0,107.243,0.0,0,0,Low
97,89,127,125,0,108.6708,0.0,0,0,Low
97,90,126,125,0,111.4055,0.0,0,0,Low
97,91,125,125,0,107.5627,0.0,0,0,Low
97,92,124,124,0,106.4751,0.0,0,0,Low
97,93,123,123,0,110.6959,0.0,0,0,Low
97,94,122,122,0,102.6035,0.0,0,0,Low
97,95,121,121,0,102.5936,0.0,0,0,Low
97,96,120,120,0,102.8987,0.0001,0,0,Low
97,97,119,119,0,102.8804,0.0001,0,0,Low
97,98,118,118,0,100.0249,0.0002,0,0,Low
97,99,117,117,0,100.192,0.0,0,0,Low
97,100,116,116,0,101.0001,0.0,0,0,Low
97,101,115,115,0,101.2683,0.0,0,0,Low
97,102,114,114,0,102.5284,0.0,0,0,Low
97,103,113,113,0,103.931,0.0,0,0,Low
97,104,112,112,0,103.0445,0.0,0,0,Low
97,105,111,111,0,101.5425,0.0,0,0,Low
97,106,110,110,0,100.5078,0.0,0,0,Low
97,107,109,109,0,101.7532,0.0,0,0,Low
97,108,108,108,0,99.021,0.0,0,0,Low
97,109,107,107,0,99.8285,0.0,0,0,Low
97,110,106,106,0,99.4179,0.0,0,0,Low
97,111,105,105,0,105.35,0.0,0,0,Low
97,112,104,104,0,106.6214,0.0,0,0,Low
97,113,103,103,0,105.739,0.0,0,0,Low
97,114,102,102,0,107.2488,0.0,0,0,Low
97,115,101,101,0,105.8292,0.0,0,0,Low
97,116,100,100,0,104.0443,0.0,0,0,Low
97,117,99,99,0,102.3434,0.0,0,0,Low
97,118,98,98,0,104.9384,0.0,0,0,Low
97,119,97,97,0,103.2469,0.0,0,0,Low
97,120,96,96,0,102.6086,0.0,0,0,Low
97,121,95,95,0,100.7416,0.0,0,0,Low
97,122,94,94,0,99.1944,0.0,0,0,Low
97,123,93,93,0,101.3176,0.0,0,0,Low
97,124,92,92,0,101.7066,0.0,0,0,Low
97,125,91,91,0,102.1243,0.0,0,0,Low
97,126,90,90,0,95.7514,0.0,0,0,Low
97,127,89,89,0,98.8673,0.0,0,0,Low
97,128,88,88,0,94.1597,0.0,0,0,Low
97,129,87,87,0,92.9253,0.0,0,0,Low
97,130,86,86,0,95.806,0.0,0,0,Low
97,131,85,85,0,92.3581,0.0,0,0,Low
97,132,84,84,0,86.3187,0.0,0,0,Low
97,133,83,83,0,82.0964,0.0,0,0,Low
97,134,82,82,0,86.054,0.0001,0,0,Low
98,15,165,125,0,123.7751,0.0,0,0,Low
98,16,164,125,0,123.304,0.0,0,0,Low
98,17,163,125,0,123.6551,0.0,0,0,Low
98,18,162,125,0,123.3991,0.0,0,0,Low
98,19,161,125,0,123.34,0.0,0,0,Low
98,20,160,125,0,122.9968,0.0,0,0,Low
98,21,159,125,0,122.9242,0.0,0,0,Low
98,22,158,125,0,122.4151,0.0,0,0,Low
98,23,157,125,0,123.0685,0.0,0,0,Low
98,24,156,125,0,122.6509,0.0001,0,0,Low
98,25,155,125,0,122.5199,0.0,0,0,Low
98,26,154,125,0,122.6663,0.0,0,0,Low
98,27,153,125,0,122.5761,0.0,0,0,Low
98,28,152,125,0,122.7237,0.0,0,0,Low
98,29,151,125,0,121.7255,0.0,0,0,Low
98,30,150,125,0,122.3932,0.0,0,0,Low
98,31,149,125,0,122.443,0.0,0,0,Low
98,32,148,125,0,122.508,0.0001,0,0,Low
98,33,147,125,0,120.7231,0.0001,0,0,Low
98,34,146,125,0,121.0017,0.0001,0,0,Low
98,35,145,125,0,121.9064,0.0001,0,0,Low
98,36,144,125,0,122.2108,0.0,0,0,Low
98,37,143,125,0,122.3066,0.0,0,0,Low
98,38,142,125,0,122.3852,0.0,0,0,Low
98,39,141,125,0,122.2428,0.0,0,0,Low
98,40,140,125,0,122.5232,0.0,0,0,Low
98,41,139,125,0,121.9293,0.0,0,0,Low
98,42,138,125,0,121.5793,0.0,0,0,Low
98,43,137,125,0,122.168,0.0001,0,0,Low
98,44,136,125,0,121.5515,0.0,0,0,Low
98,45,135,125,0,121.354,0.0,0,0,Low
98,46,134,125,0,121.3433,0.0,0,0,Low
98,47,133,125,0,121.3084,0.0,0,0,Low
98,48,132,125,0,120.6243,0.0,0,0,Low
98,49,131,125,0,119.5984,0.0,0,0,Low
98,50,130,125,0,121.5093,0.0002,0,0,Low
98,51,129,125,0,120.7657,0.0004,0,0,Low
98,52,128,125,0,120.0921,0.0012,0,0,Low
98,53,127,125,0,119.3137,0.0006,0,0,Low
98,54,126,125,0,118.9027,0.0004,0,0,Low
98,55,125,125,0,119.2536,0.0001,0,0,Low
98,56,124,124,0,119.1996,0.0001,0,0,Low
98,57,123,123,0,117.1954,0.0,0,0,Low
98,58,122,122,0,118.1148,0.0001,0,0,Low
98,59,121,121,0,117.308,0.0003,0,0,Low
98,60,120,120,0,118.2588,0.0005,0,0,Low
98,61,119,119,0,116.1804,0.0005,0,0,Low
98,62,118,118,0,116.3088,0.0004,0,0,Low
98,63,117,117,0,116.7597,0.0002,0,0,Low
98,64,116,116,0,115.0411,0.0001,0,0,Low
98,65,115,115,0,114.082,0.0001,0,0,Low
98,66,114,114,0,114.6876,0.0001,0,0,Low
98,67,113,113,0,111.1156,0.0005,0,0,Low
98,68,112,112,0,110.9279,0.0003,0,0,Low
98,69,111,111,0,113.4978,0.0,0,0,Low
98,70,110,110,0,110.3263,0.0,0,0,Low
98,71,109,109,0,110.8349,0.0001,0,0,Low
98,72,108,108,0,109.9344,0.0001,0,0,Low
98,73,107,107,0,110.6486,0.0001,0,0,Low
98,74,106,106,0,107.7684,0.0005,0,0,Low
98,75,105,105,0,108.8013,0.0002,0,0,Low
98,76,104,104,0,110.4386,0.0006,0,0,Low
98,77,103,103,0,105.9695,0.0007,0,0,Low
98,78,102,102,0,103.4082,0.0011,0,0,Low
98,79,101,101,0,100.3011,0.0035,0,0,Low
98,80,100,100,0,100.5494,0.0098,0,0,Low
98,81,99,99,0,99.7521,0.0105,0,0,Low
98,82,98,98,0,103.0827,0.0038,0,0,Low
98,83,97,97,0,99.0191,0.0055,0,0,Low
98,84,96,96,0,98.5336,0.0006,0,0,Low
98,85,95,95,0,98.1936,0.0005,0,0,Low
98,86,94,94,0,98.7498,0.0011,0,0,Low
98,87,93,93,0,94.7338,0.0016,0,0,Low
98,88,92,92,0,95.1076,0.0011,0,0,Low
98,89,91,91,0,94.7026,0.0023,0,0,Low
98,90,90,90,0,94.751,0.0006,0,0,Low
98,91,89,89,0,92.0022,0.0002,0,0,Low
98,92,88,88,0,96.1704,0.0001,0,0,Low
98,93,87,87,0,95.7473,0.0,0,0,Low
98,94,86,86,0,97.4196,0.0,0,0,Low
98,95,85,85,0,95.2019,0.0,0,0,Low
98,96,84,84,0,95.1742,0.0001,0,0,Low
98,97,83,83,0,94.1781,0.0002,0,0,Low
98,98,82,82,0,92.5641,0.0004,0,0,Low
98,99,81,81,0,92.7294,0.0006,0,0,Low
98,100,80,80,0,89.8402,0.001,0,0,Low
98,101,79,79,0,90.2141,0.0014,0,0,Low
98,102,78,78,0,88.371,0.0035,0,0,Low
98,103,77,77,0,87.5936,0.0096,0,0,Low
98,104,76,76,0,85.7076,0.0076,0,0,Low
98,105,75,75,0,90.9409,0.001,0,0,Low
98,106,74,74,0,89.657,0.0008,0,0,Low
98,107,73,73,0,89.7938,0.0002,0,0,Low
98,108,72,72,0,90.7616,0.0001,0,0,Low
98,109,71,71,0,87.9959,0.0002,0,0,Low
98,110,70,70,0,80.9177,0.002,0,0,Low
98,111,69,69,0,83.0063,0.0014,0,0,Low
98,112,68,68,0,82.9061,0.0127,0,0,Low
98,113,67,67,0,74.2553,0.0444,0,0,Low
98,114,66,66,0,72.0489,0.033,0,0,Low
98,115,65,65,0,77.2796,0.0278,0,0,Low
98,116,64,64,0,77.2448,0.0134,0,0,Low
98,117,63,63,0,78.8882,0.0037,0,0,Low
98,118,62,62,0,82.2679,0.0045,0,0,Low
98,119,61,61,0,77.5318,0.0162,0,0,Low
98,120,60,60,0,75.3391,0.0179,0,0,Low
98,121,59,59,0,74.6877,0.0143,0,0,Low
99,15,199,125,0,124.2231,0.0,0,0,Low
99,16,198,125,0,124.2422,0.0,0,0,Low
99,17,197,125,0,124.5696,0.0,0,0,Low
99,18,196,125,0,124.594,0.0,0,0,Low
99,19,195,125,0,124.589,0.0,0,0,Low
99,20,194,125,0,124.7654,0.0,0,0,Low
99,21,193,125,0,124.8806,0.0,0,0,Low
99,22,192,125,0,124.8356,0.0,0,0,Low
99,23,191,125,0,124.8414,0.0,0,0,Low
99,24,190,125,0,124.8389,0.0,0,0,Low
99,25,189,125,0,124.8815,0.0,0,0,Low
99,26,188,125,0,124.8705,0.0,0,0,Low
99,27,187,125,0,124.9491,0.0,0,0,Low
99,28,186,125,0,124.9749,0.0,0,0,Low
99,29,185,125,0,124.9475,0.0,0,0,Low
99,30,184,125,0,124.9753,0.0,0,0,Low
99,31,183,125,0,124.9828,0.0,0,0,Low
99,32,182,125,0,124.966,0.0,0,0,Low
99,33,181,125,0,124.9359,0.0,0,0,Low
99,34,180,125,0,124.9313,0.0,0,0,Low
99,35,179,125,0,124.9358,0.0,0,0,Low
99,36,178,125,0,124.8577,0.0,0,0,Low
99,37,177,125,0,124.87,0.0,0,0,Low
99,38,176,125,0,124.8649,0.0,0,0,Low
99,39,175,125,0,124.8462,0.0,0,0,Low
99,40,174,125,0,124.9117,0.0,0,0,Low
99,41,173,125,0,124.9034,0.0,0,1,Low
99,42,172,125,0,124.8056,0.0,0,0,Low
99,43,171,125,0,124.6627,0.0,0,0,Low
99,44,170,125,0,124.8309,0.0,0,1,Low
99,45,169,125,0,124.8217,0.0,0,1,Low
99,46,168,125,0,124.7954,0.0,0,0,Low
99,47,167,125,0,124.6,0.0,0,0,Low
99,48,166,125,0,124.3786,0.0,0,0,Low
99,49,165,125,0,123.82,0.0,0,0,Low
99,50,164,125,0,124.6389,0.0,0,0,Low
99,51,163,125,0,124.713,0.0,0,0,Low
99,52,162,125,0,124.6391,0.0,0,0,Low
99,53,161,125,0,124.2851,0.0,0,0,Low
99,54,160,125,0,124.3034,0.0,0,0,Low
99,55,159,125,0,124.3329,0.0,0,0,Low
99,56,158,125,0,124.3152,0.0,0,0,Low
99,57,157,125,0,123.9024,0.0,0,0,Low
99,58,156,125,0,123.8796,0.0,0,0,Low
99,59,155,125,0,124.6658,0.0,0,0,Low
99,60,154,125,0,122.8947,0.0,0,0,Low
99,61,153,125,0,122.4384,0.0,0,0,Low
99,62,152,125,0,122.3182,0.0,0,0,Low
99,63,151,125,0,122.2839,0.0,0,0,Low
99,64,150,125,0,121.4205,0.0,0,0,Low
99,65,149,125,0,122.2327,0.0,0,0,Low
99,66,148,125,0,122.971,0.0,0,0,Low
99,67,147,125,0,123.2861,0.0,0,0,Low
99,68,146,125,0,123.1119,0.0,0,0,Low
99,69,145,125,0,123.1411,0.0,0,0,Low
99,70,144,125,0,123.2195,0.0,0,0,Low
99,71,143,125,0,122.5403,0.0,0,0,Low
99,72,142,125,0,123.0868,0.0,0,0,Low
99,73,141,125,0,123.3501,0.0,0,0,Low
99,74,140,125,0,122.9056,0.0,0,0,Low
99,75,139,125,0,123.9502,0.0,0,0,Low
99,76,138,125,0,122.2034,0.0,0,0,Low
99,77,137,125,0,122.9384,0.0,0,0,Low
99,78,136,125,0,122.9029,0.0,0,0,Low
99,79,135,125,0,122.8424,0.0,0,0,Low
99,80,134,125,0,122.159,0.0,0,0,Low
99,81,133,125,0,122.1789,0.0,0,0,Low
99,82,132,125,0,121.752,0.0,0,0,Low
99,83,131,125,0,122.8911,0.0,0,0,Low
99,84,130,125,0,121.6449,0.0,0,0,Low
99,85,129,125,0,122.507,0.0,0,0,Low
99,86,128,125,0,122.3758,0.0,0,0,Low
99,87,127,125,0,123.1096,0.0,0,0,Low
99,88,126,125,0,123.1653,0.0,0,0,Low
99,89,125,125,0,122.2615,0.0,0,0,Low
99,90,124,124,0,121.906,0.0,0,0,Low
99,91,123,123,0,123.4912,0.0,0,0,Low
99,92,122,122,0,123.1517,0.0,0,0,Low
99,93,121,121,0,121.7715,0.0,0,0,Low
99,94,120,120,0,122.0342,0.0,0,0,Low
99,95,119,119,0,121.8906,0.0,0,0,Low
99,96,118,118,0,121.6178,0.0,0,0,Low
99,97,117,117,0,121.883,0.0,0,0,Low
100,15,203,125,0,123.0371,0.0,0,0,Low
100,16,202,125,0,122.2247,0.0,0,0,Low
100,17,201,125,0,122.709,0.0,0,0,Low
100,18,200,125,0,122.557,0.0,0,0,Low
100,19,199,125,0,122.1666,0.0,0,0,Low
100,20,198,125,0,123.0054,0.0,0,0,Low
100,21,197,125,0,123.5393,0.0,0,0,Low
100,22,196,125,0,123.3787,0.0,0,0,Low
100,23,195,125,0,123.5979,0.0,0,0,Low
100,24,194,125,0,123.8076,0.0,0,0,Low
100,25,193,125,0,123.4107,0.0,0,0,Low
100,26,192,125,0,123.6306,0.0,0,0,Low
100,27,191,125,0,123.3373,0.0,0,0,Low
100,28,190,125,0,123.5623,0.0,0,0,Low
100,29,189,125,0,123.6606,0.0,0,0,Low
100,30,188,125,0,123.6384,0.0,0,0,Low
100,31,187,125,0,123.394,0.0,0,0,Low
100,32,186,125,0,123.4786,0.0,0,0,Low
100,33,185,125,0,123.138,0.0,0,0,Low
100,34,184,125,0,122.4814,0.0,0,0,Low
100,35,183,125,0,123.0927,0.0,0,0,Low
100,36,182,125,0,123.3329,0.0,0,0,Low
100,37,181,125,0,122.9549,0.0,0,0,Low
100,38,180,125,0,122.0386,0.0,0,0,Low
100,39,179,125,0,122.5269,0.0,0,0,Low
100,40,178,125,0,122.1331,0.0,0,0,Low
100,41,177,125,0,122.8688,0.0,0,0,Low
100,42,176,125,0,122.1844,0.0,0,0,Low
100,43,175,125,0,123.0876,0.0,0,0,Low
100,44,174,125,0,122.3699,0.0,0,0,Low
100,45,173,125,0,121.6748,0.0,0,0,Low
100,46,172,125,0,121.4998,0.0,0,0,Low
100,47,171,125,0,121.1795,0.0,0,0,Low
100,48,170,125,0,121.1519,0.0,0,0,Low
100,49,169,125,0,121.5208,0.0,0,0,Low
100,50,168,125,0,120.7662,0.0,0,0,Low
100,51,167,125,0,122.1727,0.0,0,0,Low
100,52,166,125,0,121.8362,0.0,0,0,Low
100,53,165,125,0,122.4616,0.0,0,0,Low
100,54,164,125,0,121.2619,0.0,0,0,Low
100,55,163,125,0,120.7976,0.0,0,0,Low
100,56,162,125,0,121.403,0.0,0,0,Low
100,57,161,125,0,121.234,0.0,0,0,Low
100,58,160,125,0,120.6533,0.0,0,0,Low
100,59,159,125,0,119.8539,0.0,0,0,Low
100,60,158,125,0,118.3261,0.0,0,0,Low
100,61,157,125,0,118.8494,0.0,0,0,Low
100,62,156,125,0,117.8487,0.0,0,0,Low
100,63,155,125,0,118.0396,0.0,0,0,Low
100,64,154,125,0,118.9282,0.0,0,0,Low
100,65,153,125,0,118.9173,0.0,0,0,Low
100,66,152,125,0,120.0622,0.0,0,0,Low
100,67,151,125,0,120.4593,0.0,0,0,Low
100,68,150,125,0,120.6394,0.0,0,0,Low
100,69,149,125,0,120.7291,0.0,0,0,Low
100,70,148,125,0,118.8536,0.0,0,0,Low
100,71,147,125,0,114.4028,0.0,0,0,Low
100,72,146,125,0,114.2225,0.0,0,0,Low
100,73,145,125,0,115.1729,0.0,0,0,Low
100,74,144,125,0,116.6124,0.0,0,0,Low
100,75,143,125,0,116.1097,0.0,0,0,Low
100,76,142,125,0,115.0426,0.0,0,0,Low
100,77,141,125,0,113.8929,0.0,0,0,Low
100,78,140,125,0,112.8047,0.0,0,0,Low
100,79,139,125,0,113.0673,0.0,0,0,Low
100,80,138,125,0,111.3512,0.0,0,0,Low
100,81,137,125,0,111.488,0.0,0,0,Low
100,82,136,125,0,112.2303,0.0,0,0,Low
100,83,135,125,0,114.317,0.0,0,0,Low
100,84,134,125,0,113.9651,0.0,0,0,Low
100,85,133,125,0,114.7683,0.0,0,0,Low
100,86,132,125,0,112.9388,0.0,0,0,Low
100,87,131,125,0,112.2945,0.0,0,0,Low
100,88,130,125,0,111.3916,0.0,0,0,Low
100,89,129,125,0,107.9789,0.0,0,0,Low
100,90,128,125,0,106.725,0.0,0,0,Low
100,91,127,125,0,107.0461,0.0,0,0,Low
100,92,126,125,0,109.4825,0.0,0,0,Low
100,93,125,125,0,106.9505,0.0,0,0,Low
100,94,124,124,0,107.2872,0.0,0,0,Low
100,95,123,123,0,107.4312,0.0,0,0,Low
100,96,122,122,0,106.0276,0.0,0,0,Low
100,97,121,121,0,104.0933,0.0,0,0,Low
100,98,120,120,0,104.1556,0.0,0,0,Low
100,99,119,119,0,104.6188,0.0,0,0,Low
100,100,118,118,0,104.4988,0.0,0,0,Low
100,101,117,117,0,105.0449,0.0,0,0,Low
100,102,116,116,0,104.2023,0.0,0,0,Low
100,103,115,115,0,102.264,0.0,0,0,Low
100,104,114,114,0,102.0592,0.0,0,0,Low
100,105,113,113,0,104.8755,0.0,0,0,Low
100,106,112,112,0,103.5519,0.0,0,0,Low
100,107,111,111,0,102.8261,0.0,0,0,Low
100,108,110,110,0,100.7006,0.0,0,0,Low
100,109,109,109,0,100.2383,0.0,0,0,Low
100,110,108,108,0,101.5266,0.0,0,0,Low
100,111,107,107,0,104.3282,0.0,0,0,Low
100,112,106,106,0,104.0218,0.0,0,0,Low
100,113,105,105,0,103.174,0.0,0,0,Low
100,114,104,104,0,102.7722,0.0,0,0,Low
100,115,103,103,0,100.7843,0.0,0,0,Low
100,116,102,102,0,97.8435,0.0,0,0,Low
100,117,101,101,0,100.4455,0.0,0,0,Low
100,118,100,100,0,102.9581,0.0,0,0,Low
100,119,99,99,0,100.6393,0.0,0,0,Low
100,120,98,98,0,99.7265,0.0,0,0,Low
100,121,97,97,0,99.3257,0.0,0,0,Low
100,122,96,96,0,97.0511,0.0,0,0,Low
100,123,95,95,0,97.944,0.0,0,0,Low
100,124,94,94,0,97.7168,0.0,0,0,Low
100,125,93,93,0,97.4491,0.0,0,0,Low
100,126,92,92,0,97.0605,0.0,0,0,Low
100,127,91,91,0,94.4624,0.0,0,0,Low
100,128,90,90,0,96.3292,0.0001,0,0,Low
100,129,89,89,0,98.4394,0.0002,0,0,Low
100,130,88,88,0,96.2029,0.0001,0,0,Low
100,131,87,87,0,95.0292,0.0001,0,0,Low
100,132,86,86,0,94.7014,0.0001,0,0,Low
100,133,85,85,0,92.1763,0.0,0,0,Low
100,134,84,84,0,94.6955,0.0,0,0,Low
100,135,83,83,0,94.4617,0.0,0,0,Low
100,136,82,82,0,99.8349,0.0,0,0,Low
100,137,81,81,0,105.3078,0.0,0,0,Low
100,138,80,80,0,103.5149,0.0,0,0,Low
100,139,79,79,0,103.261,0.0,0,0,Low
100,140,78,78,0,105.8185,0.0,0,0,Low
100,141,77,77,0,104.5066,0.0,0,0,Low
100,142,76,76,0,105.3495,0.0,0,0,Low
100,143,75,75,0,98.6066,0.0,0,0,Low
100,144,74,74,0,97.2722,0.0,0,0,Low
100,145,73,73,0,89.0537,0.0,0,0,Low
100,146,72,72,0,92.8047,0.0,0,0,Low
100,147,71,71,0,88.9162,0.0,0,0,Low
100,148,70,70,0,89.4476,0.0,0,0,Low
100,149,69,69,0,85.4743,0.0,0,0,Low
100,150,68,68,0,87.0214,0.0,0,0,Low
100,151,67,67,0,76.6933,0.0001,0,0,Low
100,152,66,66,0,77.2247,0.0002,0,0,Low
100,153,65,65,0,76.3597,0.0001,0,0,Low
100,154,64,64,0,74.0923,0.0008,0,0,Low
100,155,63,63,0,71.4959,0.001,0,0,Low
100,156,62,62,0,72.0836,0.0001,0,0,Low
100,157,61,61,0,69.1454,0.0,0,0,Low
100,158,60,60,0,70.3676,0.0001,0,0,Low
100,159,59,59,0,70.3469,0.0001,0,0,Low
100,160,58,58,0,67.9225,0.0,0,0,Low
100,161,57,57,0,67.1203,0.0001,0,0,Low
100,162,56,56,0,64.437,0.0001,0,0,Low
100,163,55,55,0,60.5094,0.0001,0,0,Low
100,164,54,54,0,57.8294,0.0003,0,0,Low
100,165,53,53,0,54.4407,0.001,0,1,Low
100,166,52,52,0,51.5644,0.0003,0,0,Low
100,167,51,51,0,46.7303,0.0108,0,1,Low
100,168,50,50,0,45.4139,0.0055,0,0,Low
100,169,49,49,0,45.8117,0.0029,0,0,Low
100,170,48,48,0,43.0876,0.0075,0,0,Low
100,171,47,47,0,47.1619,0.0489,0,0,Low
100,172,46,46,0,43.831,0.0037,0,0,Low
100,173,45,45,0,44.2266,0.0044,0,0,Low
100,174,44,44,0,45.0764,0.0028,0,0,Low
100,175,43,43,0,45.2022,0.0008,0,1,Low
100,176,42,42,0,41.869,0.0032,0,1,Low
100,177,41,41,0,41.1171,0.0047,0,1,Low
100,178,40,40,0,39.2644,0.0139,0,1,Low
100,179,39,39,0,37.4531,0.0167,0,1,Low
100,180,38,38,0,36.4269,0.2221,0,1,Low
100,181,37,37,0,34.7118,0.0314,0,1,Low
100,182,36,36,0,33.9948,0.0881,0,1,Low
100,183,35,35,0,32.8869,0.0428,0,1,Low
100,184,34,34,0,31.6412,0.4912,0,1,Elevated
100,185,33,33,0,32.4879,0.4306,0,1,Elevated
100,186,32,32,0,30.3442,0.7241,0,1,Elevated
100,187,31,31,0,29.0807,0.9102,1,1,High
100,188,30,30,1,28.7609,0.9403,1,1,High
100,189,29,29,1,26.8994,0.9501,1,1,High
100,190,28,28,1,25.6072,0.9371,1,1,High
100,191,27,27,1,26.3242,0.9766,1,1,High
100,192,26,26,1,26.1686,0.9801,1,1,High
100,193,25,25,1,26.6067,0.9904,1,1,High
100,194,24,24,1,23.9502,0.9925,1,1,High
100,195,23,23,1,25.7249,0.9939,1,1,High
100,196,22,22,1,23.5967,0.9943,1,1,High
100,197,21,21,1,22.9581,0.9929,1,1,High
100,198,20,20,1,20.1097,0.9991,1,1,High
